,IdAcidente,Datahora,Dia da Semana,Sentidos,Latitude GPS,Longitude GPS,Via Trânsito,Localizações,Freguesia,Pov. Proxima,Tipo Natureza,Natureza,Tipo de Traçado,Inclinação do Traçado,Berma do Traçado,Localização do Traçado,Estado Conservação,Características Tecnicas,Reg Circulação,Marca Via,Obstáculos,Sinais,Sinais Luminosos,Tipo Piso,Intersecção Vias,Factores Atmosféricos,Luminosidade,Cond Aderência,VM,FG,FL,Tipos Vias,Via,Num arruamento,Km,Nome arruamento,Localização 2,Ano,Mês,Dia,Hora,Periodo,Estação,Dia Util,Gravidade,Indicador de Gravidade,Veículos envolvidos,Passageiros envolvidos,Peões envolvidos,Inf/Ação: Abertura de porta,Inf/Ação: Desrespeito da sinalização semafórica,Inf/Ação: Desrespeito da sinalização vertical,Inf/Ação: Desrespeito das distâncias de segurança,Inf/Ação: Desrespeito das marcas rodoviárias,Inf/Ação: Encandeamento,Inf/Ação: Manobra irregular,Inf/Ação: Não sinalização da manobra,Inf/Ação: Obstáculo imprevisto na faixa de rodagem,Inf/Ação: Rebentamento de pneumático,Inf/Ação: Velocidade excessiva para as condições existentes,Automóvel ligeiro,Automóvel pesado,Motociclos/Ciclomotores,Outros Veículos,Velocípedes,Peões,Numero Black Spot,Grupo Kmodes
163,20191658184,2019-01-26 13:20:00,Sábado,NÃO DEFINIDO,38.7642280999999,-9.0955914,Esquerda,Dentro das localidades,Parque das Nações,Lisboa,Atropelamento,Atropelamento de peões,Recta,Em patamar,Berma pavimentada,Em plena via,Em estado regular,Estrada sem separador,Sentido único,Com marcas,Inexistentes,NÃO DEFINIDO,Inexistentes,Betuminoso,Fora da intersecção,Bom tempo,Em pleno dia,Seco e limpo,0,0,1,Arruamento sem separador,Via Secundária,0,,Alameda Oceanos,Sem GPS - estimado,2019,1,26,13,Tarde,Inverno,0,0,3,1,0,1,0,0,0,1,0,0,0,0,0,0,0,1,0,0,0,0,1,,4
164,20191658189,2019-01-26 09:30:00,Sábado,NÃO DEFINIDO,38.766924,-9.1817663,Direita,Dentro das localidades,Carnide,,Colisão,Colisão lateral com outro veículo em movimento,Recta,Em patamar,Berma pavimentada,Em plena via,Em bom estado,Estrada sem separador,Dois sentidos,Com marcas,Inexistentes,Passagem de peões,Inexistentes,Betuminoso,Em entroncamento,Bom tempo,Em pleno dia,Seco e limpo,0,0,1,Arruamento sem separador,Via Secundária,31,,Estrada Paço do Lumiar,Sem GPS - estimado,2019,1,26,9,Manhã,Inverno,0,0,3,2,0,0,0,0,0,1,0,0,0,0,0,0,0,1,0,1,0,0,0,,6
165,20191658195,2019-01-27 06:45:00,Domingo,No sentido crescente da quilometragem,38.7287827,-9.1252266,Esquerda,Dentro das localidades,Penha de França,Lisboa,Colisão,Colisão lateral com outro veículo em movimento,Recta,Com inclinação,Berma pavimentada,Em plena via,Em bom estado,Outra via,Sentido único,Com marcas,Inexistentes,Cedência de passagem,Inexistentes,Betuminoso,Em entroncamento,Bom tempo,"Noite, com iluminação",Húmido,0,0,1,Arruamento com separador,Via Secundária,32,,Avenida Mouzinho de Albuquerque,Sem GPS - estimado,2019,1,27,6,Manhã,Inverno,0,0,3,2,0,0,0,0,0,0,0,0,0,0,0,0,0,1,0,1,0,0,0,,0
166,20191658266,2019-01-24 03:00:00,Quinta-Feira,No sentido decrescente da quilometragem,38.768394,-9.095452,Direita,Dentro das localidades,Parque das Nações,,Despiste,Despiste com colisão com veículo imobil. ou obstáculo,Recta,Em patamar,Berma pavimentada,Em plena via,Em estado regular,Outra via,Sentido único,Com marcas,Inexistentes,Outros,Inexistentes,Betuminoso,Fora da intersecção,Bom tempo,"Noite, com iluminação",Seco e limpo,0,0,1,Arruamento com separador,Via Secundária,0,,Alameda Oceanos,Localização GPS,2019,1,24,3,Madrugada,Inverno,1,0,3,1,0,0,0,0,0,0,0,0,0,0,0,0,0,1,0,0,0,0,0,,2
167,20191658330,2019-01-27 13:51:00,Domingo,NÃO DEFINIDO,,,Direita,Dentro das localidades,Carnide,Lisboa,Colisão,Colisão frontal,Recta,Em patamar,Berma pavimentada,Em plena via,Em bom estado,Estrada sem separador,Dois sentidos,Sem marcas rodoviárias ou pouco visíveis,Inexistentes,Outros,Inexistentes,Betuminoso,Em entroncamento,Bom tempo,Em pleno dia,Seco e limpo,0,0,1,Arruamento sem separador,Via Secundária,0,,Rua Rio Tejo,Sem GPS - não estimado,2019,1,27,13,Tarde,Inverno,0,0,3,2,1,0,0,0,0,0,0,0,1,0,0,0,0,1,1,0,0,0,0,,6
168,20191658344,2019-01-27 13:00:00,Domingo,No sentido decrescente da quilometragem,38.736272,-9.134131,Esquerda,Dentro das localidades,Arroios,Lisboa,Colisão,Colisão com veiculo ou obstáculo na faixa de rodagem,Recta,Em patamar,Berma pavimentada,Em plena via,Em estado regular,Outra via,Sentido único,Com marcas,Correctamente sinalizados,Passagem de peões,A funcionar normalmente,Betuminoso,Em cruzamento,Bom tempo,Em pleno dia,Seco e limpo,0,0,1,Arruamento com separador,Via Secundária,53,,Avenida Almirante Reis,Localização GPS,2019,1,27,13,Tarde,Inverno,0,0,3,2,0,0,0,0,0,0,0,0,0,0,0,0,1,1,0,0,0,0,0,12,2
169,20191658385,2019-01-24 20:10:00,Quinta-Feira,No sentido decrescente da quilometragem,,,Central,Dentro das localidades,Santa Maria dos Olivais,Lisboa,Colisão,Colisão lateral com outro veículo em movimento,Curva,Com inclinação,Sem berma ou impraticável,Em plena via,Em bom estado,Outra via,Sentido único,Com marcas,Inexistentes,Outros,A funcionar normalmente,Betuminoso,Em cruzamento,Bom tempo,"Noite, com iluminação",Seco e limpo,0,0,1,Arruamento com separador,Via Secundária,0,,Avenida Marechal Gomes da Costa,Sem GPS - não estimado,2019,1,24,20,Noite,Inverno,1,0,3,2,0,0,0,0,0,0,0,0,0,0,0,0,0,1,0,0,0,0,0,,7
170,20191658426,2019-01-23 09:30:00,Quarta-Feira,NÃO DEFINIDO,38.7001811,-9.2032253,Direita,Dentro das localidades,Ajuda,Lisboa,Atropelamento,Atropelamento de peões,Recta,Com inclinação,Berma pavimentada,Em plena via,Em estado regular,Estrada sem separador,Dois sentidos,Sem marcas rodoviárias ou pouco visíveis,Inexistentes,NÃO DEFINIDO,Inexistentes,Betuminoso,Fora da intersecção,Bom tempo,Em pleno dia,Húmido,0,0,1,Arruamento sem separador,Via Secundária,23,,Calçada Galvão,Sem GPS - estimado,2019,1,23,9,Manhã,Inverno,1,0,3,1,0,1,0,0,0,0,0,0,0,0,0,0,0,1,0,0,0,0,1,,3
171,20191658427,2019-01-23 16:40:00,Quarta-Feira,NÃO DEFINIDO,38.723531,-9.149048,Esquerda,Dentro das localidades,Santo António,Lisboa,Colisão,Colisão com outras situações,Recta,Com inclinação,Sem berma ou impraticável,Em plena via,Em estado regular,Estrada sem separador,Dois sentidos,Com marcas,Inexistentes,Outros,A funcionar normalmente,Betuminoso,Fora da intersecção,Bom tempo,Em pleno dia,Seco e limpo,0,0,1,Arruamento sem separador,Via Secundária,215,,Avenida Liberdade,Localização GPS,2019,1,23,16,Tarde,Inverno,1,0,3,2,0,0,0,0,0,0,0,0,1,0,0,0,0,1,0,0,0,1,0,13,5
172,20191658438,2019-01-21 17:20:00,Segunda-Feira,No sentido decrescente da quilometragem,,,Direita,Dentro das localidades,Alvalade,,Despiste,Despiste com dispositivo de retenção,Recta,Em patamar,Berma pavimentada,Em plena via,Em estado regular,Outra via,Sentido único,Com marcas,Inexistentes,NÃO DEFINIDO,Inexistentes,Betuminoso,Fora da intersecção,Bom tempo,Em pleno dia,Seco e limpo,0,0,1,Arruamento com separador,2ª Circular,0,,Avenida Marechal Craveiro Lopes,Sem GPS - não estimado,2019,1,21,17,Tarde,Inverno,1,0,3,1,0,0,0,0,0,0,0,0,0,0,0,0,0,1,0,0,0,0,0,,2
173,20191658448,2019-01-22 19:10:00,Terça-Feira,No sentido decrescente da quilometragem,,,Esquerda,Fora das localidades,São Domingos de Benfica,Lisboa,Colisão,Colisão traseira com outro veículo em movimento,Recta,Em patamar,Berma não pavimentada,Em plena via,Em estado regular,Outra via,Sentido único,Com marcas,Inexistentes,Outros,Inexistentes,Betuminoso,Fora da intersecção,Chuva,"Noite, com iluminação",Molhado,0,0,1,IP - Itinerário Principal,IP7,,7.4,,Sem GPS - não estimado,2019,1,22,19,Noite,Inverno,1,0,3,2,0,0,0,0,0,0,0,0,0,0,0,0,0,1,0,0,0,0,0,,3
174,20191658517,2019-01-29 20:27:00,Terça-Feira,NÃO DEFINIDO,38.7257089,-9.1300604,Direita,Dentro das localidades,Penha de França,,Colisão,Colisão frontal,Recta,Em patamar,Berma pavimentada,Em plena via,Em estado regular,Estrada sem separador,Dois sentidos,Sem marcas rodoviárias ou pouco visíveis,Inexistentes,Outros,Inexistentes,Betuminoso,Fora da intersecção,Chuva,"Noite, com iluminação",Molhado,0,0,1,Arruamento sem separador,Via Secundária,159,,Rua Penha de França,Sem GPS - estimado,2019,1,29,20,Noite,Inverno,1,0,3,3,0,0,0,0,0,0,0,0,0,0,0,0,0,1,0,1,0,0,0,,3
175,20191658545,2019-01-26 04:20:00,Sábado,NÃO DEFINIDO,38.7112526,-9.1526166,Direita,Dentro das localidades,Estrela,Lisboa,Colisão,Colisão com outras situações,Recta,Com inclinação,Sem berma ou impraticável,Em plena via,Em mau estado,Estrada sem separador,Sentido único,Sem marcas rodoviárias ou pouco visíveis,Inexistentes,Outros,Inexistentes,Betuminoso,Em cruzamento,Bom tempo,"Noite, com iluminação",Seco e limpo,0,0,2,Arruamento sem separador,Via Secundária,80,,Rua São Bento,Sem GPS - estimado,2019,1,26,4,Madrugada,Inverno,0,0,6,2,1,0,0,0,0,0,0,0,1,0,0,0,0,1,0,0,0,0,0,33,5
176,20191658556,2019-01-19 15:09:00,Sábado,NÃO DEFINIDO,,,Direita,Dentro das localidades,São Domingos de Benfica,Lisboa,Despiste,Despiste com dispositivo de retenção,Curva,Com inclinação,Sem berma ou impraticável,Em plena via,Em estado regular,Estrada sem separador,Sentido único,Com marcas,Inexistentes,Outros,Inexistentes,Betuminoso,Fora da intersecção,Chuva,Em pleno dia,Molhado,0,0,1,Arruamento sem separador,Via Secundária,0.00,,Avenida das Forças Armadas,Sem GPS - não estimado,2019,1,19,15,Tarde,Inverno,0,0,3,1,0,0,0,0,0,0,0,0,0,0,0,0,1,0,0,1,0,0,0,,1
177,20191658646,2019-01-24 19:50:00,Quinta-Feira,NÃO DEFINIDO,38.7253177,-9.1189319,Direita,Dentro das localidades,Penha de França,Lisboa,Colisão,Colisão frontal,Recta,Em patamar,Berma pavimentada,Em plena via,Em estado regular,Estrada sem separador,Dois sentidos,Com marcas,Inexistentes,Outros,Inexistentes,Betuminoso,Fora da intersecção,Bom tempo,"Noite, com iluminação",Seco e limpo,0,0,1,Arruamento sem separador,Via Secundária,59,,Avenida Afonso III,Sem GPS - estimado,2019,1,24,19,Noite,Inverno,1,0,3,2,0,0,0,0,0,0,0,0,1,0,0,0,0,1,0,0,0,0,0,,6
178,20191658660,2019-01-25 21:10:00,Sexta-Feira,NÃO DEFINIDO,38.7060439,-9.1815397,Direita,Dentro das localidades,Alcântara,,Despiste,Despiste sem dispositivo de retenção,Recta,Com inclinação,Berma pavimentada,Em plena via,Em estado regular,Estrada sem separador,Dois sentidos,Com marcas,Inexistentes,Outros,Inexistentes,Betuminoso,Fora da intersecção,Bom tempo,"Noite, com iluminação",Seco e limpo,0,0,1,Arruamento sem separador,Via Secundária,65,,Calçada Tapada,Sem GPS - estimado,2019,1,25,21,Noite,Inverno,1,0,3,1,0,0,0,0,0,0,0,0,0,0,0,0,0,0,0,1,0,0,0,16,3
179,20191658676,2019-01-19 17:10:00,Sábado,NÃO DEFINIDO,,,Direita,Dentro das localidades,Alvalade,,Colisão,Colisão traseira com outro veículo em movimento,Recta,Com inclinação,Sem berma ou impraticável,Em plena via,Em estado regular,Estrada sem separador,Dois sentidos,Com marcas,Inexistentes,Outros,A funcionar normalmente,Betuminoso,Fora da intersecção,Chuva,Aurora ou crepúsculo,Molhado,0,0,3,Arruamento sem separador,Via Secundária,0,,Avenida Professor Egas Moniz,Sem GPS - não estimado,2019,1,19,17,Tarde,Inverno,0,0,9,2,1,0,0,0,0,0,0,0,0,0,0,0,0,1,0,0,0,0,0,,3
180,20191658678,2019-01-19 12:45:00,Sábado,NÃO DEFINIDO,38.7395129,-9.1629755,Direita,Dentro das localidades,São Domingos de Benfica,,Despiste,Despiste com colisão com veículo imobil. ou obstáculo,Recta,Em patamar,Sem berma ou impraticável,Em parque de estacionamento,Em estado regular,Estrada sem separador,Dois sentidos,Sem marcas rodoviárias ou pouco visíveis,Inexistentes,Outros,Inexistentes,Calçada,Fora da intersecção,Chuva,Em pleno dia,Molhado,0,0,1,Arruamento sem separador,Via Secundária,109,,Rua Professor Lima Basto,Sem GPS - estimado,2019,1,19,12,Tarde,Inverno,0,0,3,2,0,0,0,0,0,0,0,0,0,0,0,0,0,1,0,1,0,0,0,62,5
181,20191658733,2019-01-29 08:30:00,Terça-Feira,NÃO DEFINIDO,38.7547521,-9.1180197,Esquerda,Dentro das localidades,Marvila,Lisboa,Colisão,Colisão com outras situações,Recta,Em patamar,Sem berma ou impraticável,Em plena via,Em bom estado,Estrada sem separador,Dois sentidos,Com marcas,Inexistentes,Outros,Inexistentes,Betuminoso,Fora da intersecção,Chuva,Em pleno dia,Molhado,0,0,1,Arruamento sem separador,Via Secundária,1,,Rua Engenheiro Ferreira Dias,Sem GPS - estimado,2019,1,29,8,Manhã,Inverno,1,0,3,2,1,0,0,0,0,0,0,0,0,0,0,0,1,1,0,0,0,0,0,,5
182,20191658734,2019-01-30 19:15:00,Quarta-Feira,NÃO DEFINIDO,,,Direita,Dentro das localidades,Lumiar,,Colisão,Colisão com outras situações,Recta,Com inclinação,Berma pavimentada,Em plena via,Em bom estado,Outra via,Dois sentidos,Com marcas,Inexistentes,NÃO DEFINIDO,A funcionar normalmente,Betuminoso,Em cruzamento,Chuva,"Noite, com iluminação",Molhado,0,0,2,Arruamento com separador,Via Secundária,0,,Avenida Padre Cruz,Sem GPS - não estimado,2019,1,30,19,Noite,Inverno,1,0,6,2,1,0,0,1,0,0,0,0,0,0,0,0,0,1,0,0,0,0,0,,3
183,20191658786,2019-01-29 09:15:00,Terça-Feira,No sentido crescente da quilometragem,,,Direita,Fora das localidades,Campolide,,Colisão,Colisão choque em cadeia,Recta,Com inclinação,Berma pavimentada,Em plena via,Em estado regular,Outra via,Sentido único,Com marcas,Inexistentes,Outros,Inexistentes,Betuminoso,Fora da intersecção,Chuva,Em pleno dia,Molhado,0,0,3,IP - Itinerário Principal,IP7,,9.0,,Sem GPS - não estimado,2019,1,29,9,Manhã,Inverno,1,0,9,4,1,0,0,0,0,0,0,0,0,0,0,0,0,1,0,0,0,0,0,,0
184,20191658795,2019-01-29 19:30:00,Terça-Feira,No sentido crescente da quilometragem,,,Direita,Fora das localidades,Campolide,,Despiste,Despiste sem dispositivo de retenção,Recta,Em patamar,Berma pavimentada,Em plena via,Em estado regular,Outra via,Sentido único,Sem marcas rodoviárias ou pouco visíveis,Inexistentes,Outros,Inexistentes,Betuminoso,Fora da intersecção,Chuva,"Noite, com iluminação",Molhado,0,0,1,IP - Itinerário Principal,IP7,,9.0,,Sem GPS - não estimado,2019,1,29,19,Noite,Inverno,1,0,3,1,0,0,0,0,0,0,0,0,0,0,0,0,0,0,0,1,0,0,0,,3
185,20191658817,2019-01-25 17:30:00,Sexta-Feira,No sentido decrescente da quilometragem,,,Direita,Dentro das localidades,Carnide,Lisboa,Colisão,Colisão frontal,Recta,Com inclinação,Berma pavimentada,Em plena via,Em estado regular,Outra via,Sentido único,Com marcas,Inexistentes,NÃO DEFINIDO,A funcionar normalmente,Betuminoso,Em cruzamento,Bom tempo,Em pleno dia,Seco e limpo,0,0,4,Arruamento com separador,Via Secundária,0,,Estrada Correia,Sem GPS - não estimado,2019,1,25,17,Tarde,Inverno,1,0,12,2,2,0,0,0,0,0,0,0,0,0,0,0,0,1,0,0,0,0,0,,2
186,20191658894,2019-01-20 21:15:00,Domingo,No sentido crescente da quilometragem,38.7643016,-9.0986914,Direita,Dentro das localidades,Parque das Nações,,Colisão,Colisão com outras situações,Recta,Em patamar,Berma pavimentada,Em plena via,Em bom estado,Outra via,Sentido único,Com marcas,Inexistentes,Cedência de passagem,Inexistentes,Betuminoso,Em cruzamento,Bom tempo,"Noite, com iluminação",Seco e limpo,0,0,4,Arruamento com separador,Via Secundária,13,,Rua Mar do Norte,Sem GPS - estimado,2019,1,20,21,Noite,Inverno,0,0,12,2,3,0,0,0,1,0,0,0,0,0,0,0,0,1,0,0,0,0,0,36,0
187,20191658899,2019-01-20 18:15:00,Domingo,No sentido decrescente da quilometragem,,,Esquerda,Dentro das localidades,Lumiar,Lisboa,Colisão,Colisão lateral com outro veículo em movimento,Recta,Em patamar,Sem berma ou impraticável,Em plena via,Em bom estado,Outra via,Sentido único,Com marcas,Inexistentes,Outros,A funcionar normalmente,Betuminoso,Em via de aceleração,Bom tempo,"Noite, com iluminação",Seco e limpo,0,0,2,Arruamento com separador,Via Secundária,0.00,,Calçada Carriche,Sem GPS - não estimado,2019,1,20,18,Noite,Inverno,0,0,6,2,2,0,0,0,0,0,0,0,0,0,0,0,0,1,0,0,0,0,0,,2
188,20191658999,2019-01-31 07:40:00,Quinta-Feira,NÃO DEFINIDO,38.752273,-9.1147101,Esquerda,Dentro das localidades,Marvila,,Atropelamento,Atropelamento de peões,Recta,Em patamar,Berma pavimentada,Em plena via,Em estado regular,Estrada sem separador,Dois sentidos,Sem marcas rodoviárias ou pouco visíveis,Inexistentes,Passagem de peões,Inexistentes,Betuminoso,Fora da intersecção,Chuva,Em pleno dia,Molhado,0,0,1,Arruamento sem separador,Via Secundária,0,,Rua Engenheiro Ferreira Dias,Sem GPS - estimado,2019,1,31,7,Manhã,Inverno,1,0,3,1,0,1,0,0,0,1,0,0,0,0,0,0,0,1,0,0,0,0,1,,6
189,20191659018,2019-01-31 09:35:00,Quinta-Feira,NÃO DEFINIDO,38.7097579,-9.1973195,Direita,Dentro das localidades,Ajuda,Lisboa,Atropelamento,Atropelamento de peões,Recta,Em patamar,Berma pavimentada,Em plena via,Em estado regular,Estrada sem separador,Dois sentidos,Sem marcas rodoviárias ou pouco visíveis,Inexistentes,NÃO DEFINIDO,Inexistentes,Betuminoso,Fora da intersecção,Bom tempo,Em pleno dia,Seco e limpo,0,0,1,Arruamento sem separador,Via Secundária,1,,Rua Armando de Lucena,Sem GPS - estimado,2019,1,31,9,Manhã,Inverno,1,0,3,1,0,1,0,0,0,0,0,0,0,0,0,0,0,1,0,0,0,0,1,,6
190,20191659019,2019-01-31 07:18:00,Quinta-Feira,NÃO DEFINIDO,38.7449584,-9.2018264,Direita,Dentro das localidades,Benfica,,Atropelamento,Atropelamento de peões,Recta,Em patamar,Berma pavimentada,Em plena via,Em estado regular,Estrada sem separador,Dois sentidos,Com marcas,Inexistentes,Passagem de peões,Inexistentes,Betuminoso,Em entroncamento,Chuva,Aurora ou crepúsculo,Seco e limpo,0,0,1,Arruamento sem separador,Via Secundária,43,,Rua Venezuela,Sem GPS - estimado,2019,1,31,7,Manhã,Inverno,1,0,3,1,0,1,0,0,0,0,0,0,0,0,0,0,0,1,0,0,0,0,1,18,6
191,20191659049,2019-01-30 09:15:00,Quarta-Feira,NÃO DEFINIDO,38.7572087,-9.1523801,Esquerda,Dentro das localidades,Alvalade,,Atropelamento,Atropelamento de peões,Recta,Em patamar,Sem berma ou impraticável,Em plena via,Em estado regular,Estrada sem separador,Sentido único,Com marcas,Inexistentes,Outros,Inexistentes,Betuminoso,Fora da intersecção,Chuva,Em pleno dia,Molhado,0,1,0,Arruamento sem separador,Via Secundária,338,,Campo Grande,Sem GPS - estimado,2019,1,30,9,Manhã,Inverno,1,1,10,1,0,1,0,0,0,0,0,0,1,0,0,0,0,1,0,0,0,0,1,,4
192,20191659050,2019-01-30 07:45:00,Quarta-Feira,NÃO DEFINIDO,38.7264960999999,-9.1301709,Direita,Dentro das localidades,Penha de França,Lisboa,Atropelamento,Atropelamento de peões,Curva,Em patamar,Berma pavimentada,Em plena via,Em estado regular,Estrada sem separador,Dois sentidos,Sem marcas rodoviárias ou pouco visíveis,Inexistentes,Passagem de peões,Inexistentes,Betuminoso,Fora da intersecção,Chuva,Em pleno dia,Molhado,0,0,1,Arruamento sem separador,Via Secundária,198,,Rua Penha de França,Sem GPS - estimado,2019,1,30,7,Manhã,Inverno,1,0,3,1,0,1,0,0,0,0,0,0,0,0,0,0,0,1,0,0,0,0,1,,6
193,20191659087,2019-01-25 11:00:00,Sexta-Feira,No sentido decrescente da quilometragem,38.7449614,-9.1398242,Direita,Dentro das localidades,Areeiro,,Colisão,Colisão lateral com outro veículo em movimento,Recta,Em patamar,Berma pavimentada,Em plena via,Em estado regular,Outra via,Sentido único,Com marcas,Inexistentes,NÃO DEFINIDO,A funcionar normalmente,Betuminoso,Em entroncamento,Bom tempo,Em pleno dia,Seco e limpo,0,0,1,Arruamento com separador,Via Secundária,29,,Avenida Roma,Sem GPS - estimado,2019,1,25,11,Manhã,Inverno,1,0,3,2,0,0,0,0,0,0,0,0,0,0,0,0,0,1,0,0,0,1,0,19,2
194,20191659126,2019-01-31 15:00:00,Quinta-Feira,NÃO DEFINIDO,,,Direita,Dentro das localidades,Campo de Ourique,Lisboa,Colisão,Colisão traseira com outro veículo em movimento,Curva,Com inclinação,Sem berma ou impraticável,Em plena via,Em mau estado,Estrada sem separador,Dois sentidos,Sem marcas rodoviárias ou pouco visíveis,Inexistentes,Outros,Intermitente,Betuminoso,Em entroncamento,Chuva,Em pleno dia,Molhado,0,0,1,Arruamento sem separador,Via Secundária,0,,Rua Dom João V,Sem GPS - não estimado,2019,1,31,15,Tarde,Inverno,1,0,3,2,0,0,0,0,0,0,0,0,0,0,0,0,0,1,0,0,0,0,0,,5
195,20191659129,2019-01-31 10:30:00,Quinta-Feira,NÃO DEFINIDO,,,Direita,Dentro das localidades,Areeiro,,Colisão,Colisão lateral com outro veículo em movimento,Recta,Em patamar,Sem berma ou impraticável,Em plena via,Em estado regular,Estrada sem separador,Dois sentidos,Com marcas,Inexistentes,Outros,Inexistentes,Betuminoso,Em entroncamento,Bom tempo,Em pleno dia,Seco e limpo,0,0,1,Arruamento sem separador,Via Secundária,0,,Avenida Sacadura Cabral,Sem GPS - não estimado,2019,1,31,10,Manhã,Inverno,1,0,3,2,0,0,0,0,0,0,0,0,1,0,0,0,0,1,0,0,0,0,0,,5
196,20191659201,2019-01-28 21:00:00,Segunda-Feira,NÃO DEFINIDO,38.71255,-9.1560756,Direita,Dentro das localidades,Estrela,Lisboa,Despiste,Despiste sem dispositivo de retenção,Recta,Com inclinação,Berma pavimentada,Em plena via,Em estado regular,Estrada sem separador,Dois sentidos,Sem marcas rodoviárias ou pouco visíveis,Inexistentes,Outros,Inexistentes,Calçada,Fora da intersecção,Bom tempo,"Noite, com iluminação",Seco e limpo,0,0,1,Arruamento sem separador,Via Secundária,147,,Calçada Estrela,Sem GPS - estimado,2019,1,28,21,Noite,Inverno,1,0,3,1,0,0,0,0,0,0,0,0,0,0,0,0,0,0,0,1,0,0,0,20,3
197,20191659299,2019-02-01 16:30:00,Sexta-Feira,NÃO DEFINIDO,,,Esquerda,Dentro das localidades,Alvalade,Lisboa,Colisão,Colisão lateral com outro veículo em movimento,Recta,Em patamar,Berma pavimentada,Em plena via,Em bom estado,Estrada sem separador,Dois sentidos,Com marcas,Inexistentes,Outros,Inexistentes,Betuminoso,Em entroncamento,Chuva,Em pleno dia,Molhado,0,0,1,Arruamento sem separador,Via Secundária,0,,Avenida Rio de Janeiro,Sem GPS - não estimado,2019,2,1,16,Tarde,Inverno,1,0,3,2,0,0,0,0,0,0,0,0,1,0,0,0,0,1,0,0,0,0,0,,6
198,20191659315,2019-02-01 12:00:00,Sexta-Feira,NÃO DEFINIDO,,,Esquerda,Dentro das localidades,Campolide,Lisboa,Colisão,Colisão choque em cadeia,Curva,Com inclinação,Berma pavimentada,Em plena via,Em bom estado,Estrada sem separador,Dois sentidos,Com marcas,Inexistentes,Outros,A funcionar normalmente,Betuminoso,Fora da intersecção,Chuva,Em pleno dia,Molhado,0,0,2,Arruamento sem separador,Via Secundária,0,,Estrada Pimenteira,Sem GPS - não estimado,2019,2,1,12,Tarde,Inverno,1,0,6,4,1,0,0,0,0,0,0,0,0,0,0,0,1,1,0,0,0,0,0,,1
199,20191659321,2019-02-01 14:00:00,Sexta-Feira,NÃO DEFINIDO,38.7473149,-9.1705317,Direita,Dentro das localidades,São Domingos de Benfica,Lisboa,Colisão,Colisão traseira com outro veículo em movimento,Recta,Em patamar,Berma pavimentada,Em plena via,Em estado regular,Estrada sem separador,Dois sentidos,Sem marcas rodoviárias ou pouco visíveis,Inexistentes,Outros,Inexistentes,Betuminoso,Fora da intersecção,Chuva,Em pleno dia,Molhado,0,0,1,Arruamento sem separador,Via Secundária,22,,Estrada Luz,Sem GPS - estimado,2019,2,1,14,Tarde,Inverno,1,0,3,2,0,0,0,0,0,0,0,0,0,0,0,0,0,1,0,0,0,0,0,39,6
200,20191659340,2019-01-29 23:30:00,Terça-Feira,NÃO DEFINIDO,38.7253654,-9.1612544,Direita,Dentro das localidades,Campolide,Lisboa,Atropelamento,Atropelamento de peões,Curva,Em patamar,Berma pavimentada,Em plena via,Em bom estado,Estrada sem separador,Dois sentidos,Com marcas,Inexistentes,Passagem de peões,Inexistentes,Betuminoso,Em entroncamento,Chuva,"Noite, com iluminação",Molhado,0,0,1,Arruamento sem separador,Via Secundária,134,,Rua Aviador Plácido de Abreu,Sem GPS - estimado,2019,1,29,23,Noite,Inverno,1,0,3,1,0,1,0,0,0,0,0,0,0,0,0,0,0,1,0,0,0,0,1,,3
201,20191659357,2019-02-02 09:50:00,Sábado,NÃO DEFINIDO,38.7265607,-9.1190613,Central,Dentro das localidades,Penha de França,Lisboa,Atropelamento,Atropelamento de peões,Curva,Com inclinação,Sem berma ou impraticável,Em plena via,Em bom estado,Estrada sem separador,Dois sentidos,Com marcas,Inexistentes,Outros,A funcionar normalmente,Betuminoso,Em entroncamento,Bom tempo,Em pleno dia,Seco e limpo,0,0,1,Arruamento sem separador,Via Secundária,85,,Avenida Afonso III,Sem GPS - estimado,2019,2,2,9,Manhã,Inverno,0,0,3,1,0,1,0,0,0,0,0,0,0,0,0,0,0,1,0,0,0,0,1,,5
202,20191659375,2019-01-28 17:40:00,Segunda-Feira,No sentido crescente da quilometragem,,,Central,Dentro das localidades,Arroios,,Despiste,Despiste sem dispositivo de retenção,Recta,Com inclinação,Berma pavimentada,Em plena via,Em estado regular,Outra via,Sentido único,Com marcas,Inexistentes,Outros,A funcionar normalmente,Betuminoso,Em entroncamento,Bom tempo,Em pleno dia,Seco e limpo,0,0,1,Arruamento com separador,Via Secundária,0,,Avenida Fontes Pereira de Melo,Sem GPS - não estimado,2019,1,28,17,Tarde,Inverno,1,0,3,1,0,0,0,0,0,0,0,0,0,0,0,0,0,0,0,1,0,0,0,,2
203,20191659379,2019-01-29 19:25:00,Terça-Feira,NÃO DEFINIDO,38.7508847,-9.1987169,Central,Dentro das localidades,Benfica,Lisboa,Colisão,Colisão com veiculo ou obstáculo na faixa de rodagem,Recta,Em patamar,Sem berma ou impraticável,Em plena via,Em estado regular,Estrada sem separador,Dois sentidos,Sem marcas rodoviárias ou pouco visíveis,Inexistentes,Outros,Inexistentes,Betuminoso,Fora da intersecção,Chuva,"Noite, com iluminação",Molhado,0,0,1,Arruamento sem separador,Via Secundária,552,,Estrada Benfica,Sem GPS - estimado,2019,1,29,19,Noite,Inverno,1,0,3,1,1,0,0,0,0,0,0,0,0,0,0,0,0,1,0,0,0,0,0,,3