,IdAcidente,Datahora,Dia da Semana,Sentidos,Latitude GPS,Longitude GPS,Via Trânsito,Localizações,Freguesia,Pov. Proxima,Tipo Natureza,Natureza,Tipo de Traçado,Inclinação do Traçado,Berma do Traçado,Localização do Traçado,Estado Conservação,Características Tecnicas,Reg Circulação,Marca Via,Obstáculos,Sinais,Sinais Luminosos,Tipo Piso,Intersecção Vias,Factores Atmosféricos,Luminosidade,Cond Aderência,VM,FG,FL,Tipos Vias,Via,Num arruamento,Km,Nome arruamento,Localização 2,Ano,Mês,Dia,Hora,Periodo,Estação,Dia Util,Gravidade,Indicador de Gravidade,Veículos envolvidos,Passageiros envolvidos,Peões envolvidos,Inf/Ação: Abertura de porta,Inf/Ação: Desrespeito da sinalização semafórica,Inf/Ação: Desrespeito da sinalização vertical,Inf/Ação: Desrespeito das distâncias de segurança,Inf/Ação: Desrespeito das marcas rodoviárias,Inf/Ação: Encandeamento,Inf/Ação: Manobra irregular,Inf/Ação: Não sinalização da manobra,Inf/Ação: Obstáculo imprevisto na faixa de rodagem,Inf/Ação: Rebentamento de pneumático,Inf/Ação: Velocidade excessiva para as condições existentes,Automóvel ligeiro,Automóvel pesado,Motociclos/Ciclomotores,Outros Veículos,Velocípedes,Peões,Numero Black Spot,Grupo Kmodes
245,20191660272,2019-02-02 16:30:00,Sábado,NÃO DEFINIDO,,,Direita,Dentro das localidades,Alcântara,Lisboa,Colisão,Colisão traseira com outro veículo em movimento,Recta,Em patamar,Sem berma ou impraticável,Em plena via,Em estado regular,Estrada sem separador,Dois sentidos,Sem marcas rodoviárias ou pouco visíveis,Inexistentes,Outros,Inexistentes,Betuminoso,Fora da intersecção,Bom tempo,Em pleno dia,Seco e limpo,0,0,2,Arruamento sem separador,Via Secundária,0,,Avenida Brasília,Sem GPS - não estimado,2019,2,2,16,Tarde,Inverno,0,0,6,2,1,0,0,0,0,0,0,0,0,0,0,0,0,1,0,0,0,0,0,,5
246,20191660318,2019-02-07 17:45:00,Quinta-Feira,NÃO DEFINIDO,38.7489794,-9.1545188,Esquerda,Dentro das localidades,Avenidas Novas,Lisboa,Atropelamento,Atropelamento de peões,Recta,Em patamar,Berma pavimentada,Em plena via,Em bom estado,Outra via,Sentido único,Com marcas,Inexistentes,Outros,A funcionar normalmente,Betuminoso,Em cruzamento,Bom tempo,Aurora ou crepúsculo,Seco e limpo,0,0,2,Arruamento com separador,Via Secundária,0,,Avenida Forças Armadas,Sem GPS - estimado,2019,2,7,17,Tarde,Inverno,1,0,6,1,0,1,0,0,0,0,0,0,0,0,0,0,0,0,0,1,0,0,1,,2
247,20191660423,2019-02-03 23:45:00,Domingo,NÃO DEFINIDO,38.7169688,-9.1252957,Direita,Dentro das localidades,São Vicente,Lisboa,Colisão,Colisão com outras situações,Recta,Em patamar,Sem berma ou impraticável,Em plena via,Em mau estado,Estrada sem separador,Sentido único,Sem marcas rodoviárias ou pouco visíveis,Inexistentes,Outros,Inexistentes,Betuminoso,Em entroncamento,Bom tempo,"Noite, com iluminação",Seco e limpo,0,0,1,Arruamento sem separador,Via Secundária,18,,Rua Entremuros do Mirante,Sem GPS - estimado,2019,2,3,23,Noite,Inverno,0,0,3,1,0,0,0,0,0,0,0,0,0,0,0,0,0,0,0,1,0,0,0,,4
248,20191660451,2019-02-01 14:40:00,Sexta-Feira,No sentido decrescente da quilometragem,,,Esquerda,Dentro das localidades,Alvalade,Lisboa,Colisão,Colisão traseira com outro veículo em movimento,Recta,Em patamar,Berma pavimentada,Em plena via,Em estado regular,Outra via,Sentido único,Com marcas,Inexistentes,Outros,Inexistentes,Betuminoso,Fora da intersecção,Chuva,Em pleno dia,Molhado,0,0,1,Arruamento com separador,2ª Circular,0,,Avenida General Norton de Matos,Sem GPS - não estimado,2019,2,1,14,Tarde,Inverno,1,0,3,2,0,0,0,0,0,0,0,0,0,0,0,0,0,1,0,0,0,0,0,,2
249,20191660486,2019-02-08 16:00:00,Sexta-Feira,NÃO DEFINIDO,38.7208639999999,-9.1605797,Direita,Dentro das localidades,Campo de Ourique,Lisboa,Atropelamento,Atropelamento de peões,Recta,Em patamar,Berma pavimentada,Em plena via,Em bom estado,Estrada sem separador,Dois sentidos,Com marcas,Inexistentes,Passagem de peões,A funcionar normalmente,Betuminoso,Fora da intersecção,Bom tempo,Em pleno dia,Seco e limpo,0,0,1,Arruamento sem separador,Via Secundária,30,,Rua Dom João V,Sem GPS - estimado,2019,2,8,16,Tarde,Inverno,1,0,3,1,0,1,0,1,0,0,0,0,0,0,0,0,0,1,0,0,0,0,1,23,6
250,20191660506,2019-02-08 11:50:00,Sexta-Feira,NÃO DEFINIDO,38.72048,-9.15437,Direita,Dentro das localidades,Santo António,Lisboa,Atropelamento,Atropelamento de peões,Recta,Com inclinação,Sem berma ou impraticável,Em plena via,Em bom estado,Outra via,Dois sentidos,Com marcas,Inexistentes,Outros,A funcionar normalmente,Betuminoso,Em cruzamento,Bom tempo,Em pleno dia,Seco e limpo,0,0,1,Arruamento com separador,Via Secundária,0,,Largo Rato,Sem GPS - estimado,2019,2,8,11,Manhã,Inverno,1,0,3,1,0,1,0,1,0,0,0,0,0,0,0,0,0,0,0,0,1,0,1,21,7
251,20191660538,2019-02-09 10:15:00,Sábado,No sentido decrescente da quilometragem,,,Central,Dentro das localidades,Parque das Nações,Lisboa,Atropelamento,Atropelamento de peões,Recta,Em patamar,Berma pavimentada,Em plena via,Em estado regular,Outra via,Sentido único,Com marcas,Inexistentes,Passagem de peões,Inexistentes,Betuminoso,Fora da intersecção,Bom tempo,Em pleno dia,Seco e limpo,0,0,2,Arruamento com separador,Via Secundária,0,,Via Recíproca,Sem GPS - estimado,2019,2,9,10,Manhã,Inverno,0,0,6,1,0,2,0,0,0,0,0,0,0,0,0,0,0,1,0,0,0,0,1,,2
252,20191660546,2019-02-04 16:50:00,Segunda-Feira,NÃO DEFINIDO,,,Direita,Dentro das localidades,São Domingos de Benfica,,Colisão,Colisão com outras situações,Recta,Com inclinação,Sem berma ou impraticável,Em plena via,Em estado regular,Estrada sem separador,Dois sentidos,Com marcas,Inexistentes,NÃO DEFINIDO,Inexistentes,Betuminoso,Em entroncamento,Bom tempo,Em pleno dia,Seco e limpo,0,0,1,Arruamento sem separador,Via Secundária,0,,Estrada Luz,Sem GPS - não estimado,2019,2,4,16,Tarde,Inverno,1,0,3,2,0,0,0,0,0,0,0,0,0,0,0,0,0,1,0,1,0,0,0,,5
253,20191660555,2019-02-04 11:30:00,Segunda-Feira,NÃO DEFINIDO,38.715581,-9.1728827,Direita,Dentro das localidades,Campo de Ourique,,Despiste,Despiste sem dispositivo de retenção,Recta,Com inclinação,Sem berma ou impraticável,Em plena via,Em estado regular,Estrada sem separador,Dois sentidos,Com marcas,Inexistentes,NÃO DEFINIDO,Inexistentes,Betuminoso,Fora da intersecção,Bom tempo,Em pleno dia,Seco e limpo,0,0,1,Arruamento sem separador,Via Secundária,529,,Rua Maria Pia,Sem GPS - estimado,2019,2,4,11,Manhã,Inverno,1,0,3,2,0,0,0,0,0,0,0,0,0,0,0,0,0,1,0,1,0,0,0,,5
254,20191660559,2019-02-04 09:30:00,Segunda-Feira,NÃO DEFINIDO,38.7618166,-9.1125375,Esquerda,Dentro das localidades,Santa Maria dos Olivais,,Atropelamento,Atropelamento de peões,Curva,Com inclinação,Sem berma ou impraticável,Em plena via,Em estado regular,Estrada sem separador,Dois sentidos,Com marcas,Inexistentes,Cedência de passagem,A funcionar normalmente,Betuminoso,Em entroncamento,Bom tempo,Sol escandeante,Seco e limpo,0,0,1,Arruamento sem separador,Via Secundária,0,,Rua Cidade de Bissau,Sem GPS - estimado,2019,2,4,9,Manhã,Inverno,1,0,3,1,0,1,0,0,0,0,0,1,0,0,0,0,0,1,0,0,0,0,1,,5
255,20191660576,2019-02-05 19:00:00,Terça-Feira,No sentido decrescente da quilometragem,,,Direita,Dentro das localidades,Alvalade,,Colisão,Colisão traseira com outro veículo em movimento,Recta,Com inclinação,Sem berma ou impraticável,Em plena via,Em estado regular,Outra via,Sentido único,Com marcas,Inexistentes,NÃO DEFINIDO,Inexistentes,Betuminoso,Fora da intersecção,Bom tempo,"Noite, com iluminação",Seco e limpo,0,0,2,Arruamento com separador,Via Secundária,0,,Avenida República,Sem GPS - não estimado,2019,2,5,19,Noite,Inverno,1,0,6,2,1,0,0,0,0,0,0,0,0,0,0,0,1,1,0,0,0,0,0,,0
256,20191660597,2019-02-08 09:35:00,Sexta-Feira,No sentido crescente da quilometragem,38.7068511,-9.153115,Esquerda,Dentro das localidades,Estrela,Lisboa,Colisão,Colisão com outras situações,Recta,Em patamar,Berma pavimentada,Em plena via,Em estado regular,Outra via,Sentido único,Com marcas,Inexistentes,Outros,Inexistentes,Betuminoso,Fora da intersecção,Bom tempo,Em pleno dia,Seco e limpo,0,0,2,Arruamento com separador,Via Secundária,50,,Avenida 24 de Julho,Sem GPS - estimado,2019,2,8,9,Manhã,Inverno,1,0,6,4,1,0,0,0,0,0,0,0,0,0,0,0,0,1,0,1,0,0,0,28,2
257,20191660624,2019-01-30 09:40:00,Quarta-Feira,NÃO DEFINIDO,,,Direita,Dentro das localidades,Belém,,Despiste,Despiste com colisão com veículo imobil. ou obstáculo,Recta,Em patamar,Sem berma ou impraticável,Em plena via,Em bom estado,Estrada sem separador,Sentido único,Com marcas,Inexistentes,Outros,Inexistentes,Betuminoso,Em via de aceleração,Chuva,Em pleno dia,Molhado,0,0,1,Arruamento sem separador,Via Secundária,0,,Estrada Queluz,Sem GPS - não estimado,2019,1,30,9,Manhã,Inverno,1,0,3,1,0,0,0,0,0,0,0,0,0,0,0,0,0,1,0,0,0,0,0,,4
258,20191660638,2019-01-30 23:00:00,Quarta-Feira,No sentido decrescente da quilometragem,38.76726,-9.165025,Esquerda,Dentro das localidades,Lumiar,,Colisão,Colisão traseira com outro veículo em movimento,Recta,Em patamar,Berma pavimentada,Em plena via,Em bom estado,Outra via,Sentido único,Com marcas,Inexistentes,Outros,Desligada,Betuminoso,Em cruzamento,Chuva,"Noite, com iluminação",Molhado,0,0,1,Arruamento com separador,Via Secundária,0,,Avenida Rainha Dona Amélia,Localização GPS,2019,1,30,23,Noite,Inverno,1,0,3,2,0,0,0,0,0,0,0,0,0,0,0,0,0,1,0,0,0,0,0,,0
259,20191660641,2019-01-29 17:30:00,Terça-Feira,No sentido decrescente da quilometragem,,,Direita,Fora das localidades,Benfica,Lisboa,Colisão,Colisão com outras situações,Recta,Em patamar,Berma pavimentada,Em plena via,Em bom estado,Outra via,Sentido único,Com marcas,Inexistentes,Outros,Inexistentes,Betuminoso,Fora da intersecção,Chuva,Em pleno dia,Molhado,0,0,1,IP - Itinerário Principal,IP7,,6.2,,Sem GPS - não estimado,2019,1,29,17,Tarde,Inverno,1,0,3,2,0,0,0,0,0,0,0,0,0,0,0,0,0,1,0,1,0,0,0,,0
260,20191660643,2019-01-27 02:50:00,Domingo,NÃO DEFINIDO,38.7069702,-9.143549,Direita,Dentro das localidades,Misericórdia,,Colisão,Colisão com outras situações,Recta,Com inclinação,Berma pavimentada,Em plena via,Em estado regular,Estrada sem separador,Dois sentidos,Com marcas,Inexistentes,Outros,Inexistentes,Betuminoso,Fora da intersecção,Bom tempo,"Noite, com iluminação",Seco e limpo,0,0,1,Arruamento sem separador,Via Secundária,7,,Rua Alecrim,Sem GPS - estimado,2019,1,27,2,Madrugada,Inverno,0,0,3,2,0,0,0,0,0,0,0,0,0,0,0,0,0,1,0,1,0,0,0,10,3
261,20191660686,2019-02-08 18:20:00,Sexta-Feira,No sentido decrescente da quilometragem,,,Esquerda,Dentro das localidades,São Domingos de Benfica,,Colisão,Colisão traseira com outro veículo em movimento,Recta,Em patamar,Sem berma ou impraticável,Em plena via,Em estado regular,Outra via,Sentido único,Com marcas,Inexistentes,NÃO DEFINIDO,Inexistentes,Betuminoso,Fora da intersecção,Bom tempo,Aurora ou crepúsculo,Seco e limpo,0,0,1,Arruamento com separador,2ª Circular,0,,Avenida Eusébio da Silva Ferreira,Sem GPS - não estimado,2019,2,8,18,Noite,Inverno,1,0,3,2,0,0,0,0,0,0,0,0,0,0,0,0,1,1,0,1,0,0,0,,2
262,20191660687,2019-02-09 12:00:00,Sábado,NÃO DEFINIDO,,,Esquerda,Dentro das localidades,Belém,,Colisão,Colisão lateral com outro veículo em movimento,Recta,Em patamar,Berma pavimentada,Em plena via,Em bom estado,Estrada sem separador,Dois sentidos,Com marcas,Inexistentes,Outros,Inexistentes,Betuminoso,Em entroncamento,Bom tempo,Em pleno dia,Seco e limpo,0,0,1,Arruamento sem separador,Via Secundária,0.00,,Avenida Índia,Sem GPS - não estimado,2019,2,9,12,Tarde,Inverno,0,0,3,2,0,0,0,0,0,0,0,0,1,0,0,0,0,1,0,0,0,0,0,,6
263,20191660698,2019-02-09 09:45:00,Sábado,No sentido decrescente da quilometragem,,,Esquerda,Dentro das localidades,Lumiar,Lisboa,Colisão,Colisão traseira com outro veículo em movimento,Recta,Com inclinação,Berma pavimentada,Em plena via,Em estado regular,Outra via,Sentido único,Com marcas,Inexistentes,Outros,A funcionar normalmente,Betuminoso,Em entroncamento,Bom tempo,Em pleno dia,Seco e limpo,0,0,2,Arruamento com separador,Via Secundária,0,,Calçada Carriche,Sem GPS - não estimado,2019,2,9,9,Manhã,Inverno,0,0,6,2,2,0,0,0,0,0,0,0,0,0,0,0,0,1,0,0,0,0,0,,2
264,20191660768,2019-01-31 18:10:00,Quinta-Feira,NÃO DEFINIDO,,,Direita,Dentro das localidades,Santa Maria dos Olivais,Lisboa,Colisão,Colisão com outras situações,Curva,Com inclinação,Sem berma ou impraticável,Em plena via,Em bom estado,Estrada sem separador,Dois sentidos,Sem marcas rodoviárias ou pouco visíveis,Inexistentes,Outros,Inexistentes,Betuminoso,Em via de aceleração,Chuva,"Noite, com iluminação",Molhado,0,0,1,Arruamento sem separador,Via Secundária,0,,Rua Cidade de Benguela,Sem GPS - não estimado,2019,1,31,18,Noite,Inverno,1,0,3,2,1,0,0,0,0,0,0,0,0,0,0,0,0,1,0,0,0,0,0,,3
265,20191660798,2019-01-31 15:00:00,Quinta-Feira,NÃO DEFINIDO,38.7314726,-9.1411304,Direita,Dentro das localidades,Arroios,,Colisão,Colisão lateral com outro veículo em movimento,Curva,Em patamar,Sem berma ou impraticável,Em plena via,Em bom estado,Outra via,Sentido único,Com marcas,Inexistentes,Outros,Desligada,Betuminoso,Em rotunda,Chuva,Em pleno dia,Seco e limpo,0,0,1,Arruamento com separador,Via Secundária,6,,Largo Dona Estefânia,Sem GPS - estimado,2019,1,31,15,Tarde,Inverno,1,0,3,2,0,0,0,0,0,0,0,0,0,0,0,0,0,1,0,0,0,1,0,24,0
266,20191660826,2019-02-11 21:55:00,Segunda-Feira,NÃO DEFINIDO,38.7676793,-9.1135339,Direita,Dentro das localidades,Santa Maria dos Olivais,Lisboa,Despiste,Despiste sem dispositivo de retenção,Curva,Com inclinação,Berma pavimentada,Em plena via,Em estado regular,Estrada sem separador,Dois sentidos,Sem marcas rodoviárias ou pouco visíveis,Inexistentes,NÃO DEFINIDO,Inexistentes,Betuminoso,Em entroncamento,Bom tempo,"Noite, com iluminação",Seco e limpo,0,0,1,Arruamento sem separador,Via Secundária,69,,Rua Cidade de Nova Lisboa,Sem GPS - estimado,2019,2,11,21,Noite,Inverno,1,0,3,1,0,0,0,0,0,0,0,0,0,0,0,0,1,0,0,1,0,0,0,,1
267,20191660827,2019-02-07 17:30:00,Quinta-Feira,NÃO DEFINIDO,38.6971653,-9.20218219999999,Direita,Dentro das localidades,Belém,Lisboa,Atropelamento,Atropelamento de peões,Recta,Com inclinação,Sem berma ou impraticável,Em plena via,Em mau estado,Estrada sem separador,Dois sentidos,Com marcas,Inexistentes,Outros,Inexistentes,Betuminoso,Fora da intersecção,Bom tempo,Aurora ou crepúsculo,Seco e limpo,0,0,1,Arruamento sem separador,Via Secundária,29,,Rua Belém,Sem GPS - estimado,2019,2,7,17,Tarde,Inverno,1,0,3,3,0,1,0,0,0,0,0,0,0,0,0,0,0,1,0,0,0,0,1,,5
268,20191660835,2019-02-10 17:10:00,Domingo,No sentido crescente da quilometragem,,,Direita,Dentro das localidades,Parque das Nações,Acesso da rotunda da Expo Ford (Av. Dom João II) ao IC 2,Despiste,Despiste com capotamento,Curva,Com inclinação,Sem berma ou impraticável,Em plena via,Em estado regular,Outra via,Sentido único,Com marcas,Inexistentes,Outros,Inexistentes,Betuminoso,Fora da intersecção,Chuva,Em pleno dia,Molhado,0,0,2,Outra Via,Via Secundária,,,,Sem GPS - não estimado,2019,2,10,17,Tarde,Inverno,0,0,6,1,1,0,0,0,0,0,0,0,0,0,0,0,0,1,0,0,0,0,0,,1
269,20191660843,2019-02-11 18:45:00,Segunda-Feira,NÃO DEFINIDO,38.6963428,-9.1978511,Direita,Dentro das localidades,Alcântara,,Colisão,Colisão traseira com outro veículo em movimento,Recta,Em patamar,Berma pavimentada,Em plena via,Em bom estado,Estrada sem separador,Dois sentidos,Com marcas,Correctamente sinalizados,Outros,Inexistentes,Betuminoso,Fora da intersecção,NÃO DEFINIDO,"Noite, com iluminação",Seco e limpo,0,0,1,Arruamento sem separador,Via Secundária,1,,Avenida da India,Sem GPS - estimado,2019,2,11,18,Noite,Inverno,1,0,3,2,1,0,0,0,0,0,0,0,0,0,0,0,0,1,0,1,0,0,0,,6
270,20191660884,2019-02-07 22:45:00,Quinta-Feira,No sentido decrescente da quilometragem,38.780974,-9.119194,Direita,Dentro das localidades,Santa Maria dos Olivais,Lisboa,Despiste,Despiste sem dispositivo de retenção,Recta,Com inclinação,Berma pavimentada,Em plena via,Em estado regular,Outra via,Sentido único,Com marcas,Inexistentes,Outros,Inexistentes,Betuminoso,Fora da intersecção,Bom tempo,"Noite, com iluminação",Seco e limpo,0,0,1,Arruamento com separador,Via Secundária,0,,Avenida Doutor Alfredo Bensaúde,Localização GPS,2019,2,7,22,Noite,Inverno,1,0,3,2,0,0,0,0,0,0,0,0,0,0,0,0,1,1,0,1,0,0,0,,0
271,20191660929,2019-02-07 20:50:00,Quinta-Feira,NÃO DEFINIDO,38.745667,-9.156187,Direita,Dentro das localidades,Avenidas Novas,Lisboa,Colisão,Colisão com fuga,Curva,Com inclinação,Berma pavimentada,Em plena via,Em estado regular,Outra via,Dois sentidos,Sem marcas rodoviárias ou pouco visíveis,Inexistentes,Passagem de peões,Inexistentes,Betuminoso,Fora da intersecção,Bom tempo,"Noite, com iluminação",Seco e limpo,0,0,1,Arruamento com separador,Via Secundária,0,,Rua Diogo de Macedo,Localização GPS,2019,2,7,20,Noite,Inverno,1,0,3,1,0,0,0,0,0,0,0,0,0,0,0,0,0,0,0,1,0,0,0,,1
272,20191660982,2019-02-11 11:55:00,Segunda-Feira,NÃO DEFINIDO,38.774116,-9.16033,Direita,Dentro das localidades,Lumiar,,Colisão,Colisão lateral com outro veículo em movimento,Recta,Em patamar,Berma pavimentada,Em plena via,Em estado regular,Estrada sem separador,Dois sentidos,Sem marcas rodoviárias ou pouco visíveis,Inexistentes,NÃO DEFINIDO,Intermitente,Betuminoso,Em cruzamento,Bom tempo,Em pleno dia,Seco e limpo,0,0,1,Arruamento sem separador,Via Secundária,0,,Estrada Torre,Localização GPS,2019,2,11,11,Manhã,Inverno,1,0,3,2,0,0,0,0,0,0,0,0,0,0,0,0,0,1,0,1,0,0,0,51,6
273,20191660997,2019-02-11 17:45:00,Segunda-Feira,NÃO DEFINIDO,38.7404736,-9.1752044,Esquerda,Dentro das localidades,São Domingos de Benfica,Lisboa,Atropelamento,Atropelamento de peões,Recta,Com inclinação,Sem berma ou impraticável,Em plena via,Em estado regular,Estrada sem separador,Dois sentidos,Com marcas,Inexistentes,Outros,Inexistentes,Betuminoso,Fora da intersecção,Bom tempo,Aurora ou crepúsculo,Seco e limpo,0,1,0,Arruamento sem separador,Via Secundária,0,,Rua Francisco Gentil Martins,Sem GPS - estimado,2019,2,11,17,Tarde,Inverno,1,1,10,1,0,1,0,0,0,0,0,0,0,0,0,0,0,1,0,0,0,0,1,,5
274,20191661032,2019-02-09 02:25:00,Sábado,NÃO DEFINIDO,38.707574,-9.153206,Direita,Dentro das localidades,Estrela,Lisboa,Atropelamento,Atropelamento de peões,Recta,Em patamar,Sem berma ou impraticável,Em plena via,Em bom estado,Estrada sem separador,Dois sentidos,Com marcas,Inexistentes,Outros,A funcionar normalmente,Calçada,Fora da intersecção,Bom tempo,"Noite, com iluminação",Seco e limpo,0,0,1,Arruamento sem separador,Via Secundária,2,,Largo Vitorino Damásio,Localização GPS,2019,2,9,2,Madrugada,Inverno,0,0,3,1,0,1,0,0,0,0,0,0,0,0,0,0,0,1,0,0,0,0,1,,5
275,20191661035,2019-02-12 09:15:00,Terça-Feira,NÃO DEFINIDO,38.7093741999999,-9.1432653,Direita,Dentro das localidades,Misericórdia,,Atropelamento,Atropelamento de peões,Recta,Com inclinação,Berma pavimentada,Em plena via,Em bom estado,Estrada sem separador,Dois sentidos,Sem marcas rodoviárias ou pouco visíveis,Inexistentes,Passagem de peões,Inexistentes,Betuminoso,Fora da intersecção,Bom tempo,Em pleno dia,Seco e limpo,0,0,2,Arruamento sem separador,Via Secundária,95,,Rua Alecrim,Sem GPS - estimado,2019,2,12,9,Manhã,Inverno,1,0,6,1,0,1,0,0,0,0,0,0,0,0,0,0,1,0,0,1,0,0,1,10,0
276,20191661038,2019-02-11 01:20:00,Segunda-Feira,NÃO DEFINIDO,,,Direita,Dentro das localidades,Belém,,Despiste,Despiste sem dispositivo de retenção,Curva,Com inclinação,Sem berma ou impraticável,Em plena via,Em bom estado,Outra via,Sentido único,Com marcas,Inexistentes,Outros,Inexistentes,Betuminoso,Em via de aceleração,Chuva,"Noite, com iluminação",Molhado,0,0,1,Arruamento com separador,Via Secundária,0,,Avenida Descobertas,Sem GPS - não estimado,2019,2,11,1,Madrugada,Inverno,1,0,3,1,0,0,0,0,0,0,0,0,0,0,0,0,0,0,0,1,0,0,0,,0
277,20191661050,2019-02-07 09:00:00,Quinta-Feira,No sentido crescente da quilometragem,,,Direita,Dentro das localidades,Avenidas Novas,Lisboa,Colisão,Colisão lateral com outro veículo em movimento,Recta,Com inclinação,Sem berma ou impraticável,Em plena via,Em bom estado,Outra via,Sentido único,Sem marcas rodoviárias ou pouco visíveis,Inexistentes,Outros,Inexistentes,Betuminoso,Fora da intersecção,Bom tempo,Em pleno dia,Seco e limpo,0,0,1,Arruamento com separador,Via Secundária,0,,Avenida Forças Armadas,Sem GPS - não estimado,2019,2,7,9,Manhã,Inverno,1,0,3,2,0,0,0,0,0,0,0,0,0,0,0,0,0,1,0,1,0,0,0,,0
278,20191661148,2019-02-07 08:45:00,Quinta-Feira,No sentido decrescente da quilometragem,,,Direita,Dentro das localidades,Arroios,Lisboa,Despiste,Despiste com colisão com veículo imobil. ou obstáculo,Recta,Com inclinação,Sem berma ou impraticável,Em plena via,Em bom estado,Outra via,Sentido único,Sem marcas rodoviárias ou pouco visíveis,Inexistentes,Outros,A funcionar normalmente,Betuminoso,Em cruzamento,Bom tempo,Em pleno dia,Seco e limpo,0,0,1,Arruamento com separador,Via Secundária,0,,Avenida Almirante Reis,Sem GPS - não estimado,2019,2,7,8,Manhã,Inverno,1,0,3,1,0,0,0,0,0,0,0,0,0,0,0,0,0,0,0,1,0,0,0,,7
279,20191661161,2019-01-29 22:45:00,Terça-Feira,NÃO DEFINIDO,,,Direita,Dentro das localidades,Campo de Ourique,,Despiste,Despiste sem dispositivo de retenção,Recta,Em patamar,Berma pavimentada,Em plena via,Em bom estado,Estrada sem separador,Dois sentidos,Sem marcas rodoviárias ou pouco visíveis,Inexistentes,Outros,Inexistentes,Betuminoso,Fora da intersecção,Chuva,"Noite, com iluminação",Seco e limpo,0,0,1,Arruamento sem separador,Via Secundária,0,,Rua Ferreira Borges,Sem GPS - não estimado,2019,1,29,22,Noite,Inverno,1,0,3,1,0,0,0,0,0,0,0,0,0,0,0,0,0,0,0,1,0,0,0,,6
280,20191661220,2019-02-07 11:20:00,Quinta-Feira,No sentido crescente da quilometragem,38.7302376,-9.1502026,Esquerda,Dentro das localidades,Avenidas Novas,,Colisão,Colisão traseira com outro veículo em movimento,Recta,Com inclinação,Berma pavimentada,Em plena via,Em bom estado,Outra via,Sentido único,Sem marcas rodoviárias ou pouco visíveis,Inexistentes,Outros,Inexistentes,Betuminoso,Fora da intersecção,Bom tempo,Em pleno dia,Seco e limpo,0,0,1,Arruamento com separador,Via Secundária,56,,Avenida António Augusto de Aguiar,Sem GPS - estimado,2019,2,7,11,Manhã,Inverno,1,0,3,2,0,0,0,0,0,0,0,0,0,0,0,0,0,1,0,0,0,0,0,,0
281,20191661229,2019-02-12 13:50:00,Terça-Feira,NÃO DEFINIDO,38.7493728,-9.20172329999999,Direita,Dentro das localidades,Benfica,Lisboa,Atropelamento,Atropelamento de peões,Curva,Com inclinação,Berma pavimentada,Em plena via,Em estado regular,Outra via,Sentido único,Sem marcas rodoviárias ou pouco visíveis,Inexistentes,Passagem de peões,Inexistentes,Betuminoso,Fora da intersecção,Bom tempo,Em pleno dia,Seco e limpo,0,0,1,Arruamento com separador,Via Secundária,0,,Alameda Padre Álvaro Proença,Sem GPS - estimado,2019,2,12,13,Tarde,Inverno,1,0,3,1,0,1,0,0,0,0,0,0,0,0,0,0,0,1,0,0,0,0,1,,1
282,20191661232,2019-02-08 23:15:00,Sexta-Feira,NÃO DEFINIDO,38.7305964,-9.1406538,Direita,Dentro das localidades,Arroios,Lisboa,Despiste,Despiste sem dispositivo de retenção,Recta,Com inclinação,Sem berma ou impraticável,Em plena via,Em bom estado,Estrada sem separador,Dois sentidos,Sem marcas rodoviárias ou pouco visíveis,Inexistentes,Outros,Inexistentes,Betuminoso,Fora da intersecção,Bom tempo,"Noite, com iluminação",Seco e limpo,0,0,1,Arruamento sem separador,Via Secundária,167,,Rua Dona Estefânia,Sem GPS - estimado,2019,2,8,23,Noite,Inverno,1,0,3,1,0,0,0,0,0,0,0,0,0,0,0,0,0,0,0,0,0,1,0,24,5
283,20191661253,2019-02-09 22:45:00,Sábado,NÃO DEFINIDO,38.7374188,-9.1037071,Direita,Dentro das localidades,Marvila,,Colisão,Colisão com outras situações,Recta,Em patamar,Berma pavimentada,Em plena via,Em bom estado,Estrada sem separador,Dois sentidos,Sem marcas rodoviárias ou pouco visíveis,Inexistentes,NÃO DEFINIDO,Inexistentes,Betuminoso,Em entroncamento,Bom tempo,"Noite, com iluminação",Seco e limpo,0,0,4,Arruamento sem separador,Via Secundária,80,,Rua Açúcar,Sem GPS - estimado,2019,2,9,22,Noite,Inverno,0,0,12,4,2,0,0,0,0,0,0,0,0,0,0,0,0,1,0,0,0,0,0,,6
284,20191661378,2019-02-08 15:10:00,Sexta-Feira,NÃO DEFINIDO,,,Central,Dentro das localidades,Campolide,,Colisão,Colisão lateral com outro veículo em movimento,Recta,Em patamar,Berma pavimentada,Em plena via,Em estado regular,Estrada sem separador,Dois sentidos,Com marcas,Inexistentes,Outros,Inexistentes,Betuminoso,Em entroncamento,Bom tempo,Em pleno dia,Seco e limpo,0,0,1,Arruamento sem separador,Via Secundária,0,,Avenida José Malhoa,Sem GPS - não estimado,2019,2,8,15,Tarde,Inverno,1,0,3,2,0,0,0,0,0,0,0,0,0,0,0,0,0,1,0,1,0,0,0,,6