,IdAcidente,Datahora,Dia da Semana,Sentidos,Latitude GPS,Longitude GPS,Via Trânsito,Localizações,Freguesia,Pov. Proxima,Tipo Natureza,Natureza,Tipo de Traçado,Inclinação do Traçado,Berma do Traçado,Localização do Traçado,Estado Conservação,Características Tecnicas,Reg Circulação,Marca Via,Obstáculos,Sinais,Sinais Luminosos,Tipo Piso,Intersecção Vias,Factores Atmosféricos,Luminosidade,Cond Aderência,VM,FG,FL,Tipos Vias,Via,Num arruamento,Km,Nome arruamento,Localização 2,Ano,Mês,Dia,Hora,Periodo,Estação,Dia Util,Gravidade,Indicador de Gravidade,Veículos envolvidos,Passageiros envolvidos,Peões envolvidos,Inf/Ação: Abertura de porta,Inf/Ação: Desrespeito da sinalização semafórica,Inf/Ação: Desrespeito da sinalização vertical,Inf/Ação: Desrespeito das distâncias de segurança,Inf/Ação: Desrespeito das marcas rodoviárias,Inf/Ação: Encandeamento,Inf/Ação: Manobra irregular,Inf/Ação: Não sinalização da manobra,Inf/Ação: Obstáculo imprevisto na faixa de rodagem,Inf/Ação: Rebentamento de pneumático,Inf/Ação: Velocidade excessiva para as condições existentes,Automóvel ligeiro,Automóvel pesado,Motociclos/Ciclomotores,Outros Veículos,Velocípedes,Peões,Numero Black Spot,Grupo Kmodes
367,20191663578,2019-02-26 08:55:00,Terça-Feira,NÃO DEFINIDO,,,Direita,Dentro das localidades,Alcântara,Lisboa,Colisão,Colisão traseira com outro veículo em movimento,Recta,Em patamar,Berma pavimentada,Em plena via,Em bom estado,Estrada sem separador,Dois sentidos,Com marcas,Inexistentes,Outros,A funcionar normalmente,Betuminoso,Em entroncamento,Bom tempo,Em pleno dia,Seco e limpo,0,0,1,Arruamento sem separador,Via Secundária,0,,Avenida Índia,Sem GPS - não estimado,2019,2,26,8,Manhã,Inverno,1,0,3,2,0,0,0,0,0,0,0,0,0,0,0,0,1,1,0,1,0,0,0,,6
368,20191663591,2019-02-26 12:30:00,Terça-Feira,NÃO DEFINIDO,38.7199686,-9.1428501,Direita,Dentro das localidades,Santo António,,Atropelamento,Atropelamento de peões,Recta,Com inclinação,Sem berma ou impraticável,Em plena via,Em bom estado,Estrada sem separador,Sentido único,Sem marcas rodoviárias ou pouco visíveis,Inexistentes,Outros,Inexistentes,Calçada,Fora da intersecção,Bom tempo,Em pleno dia,Seco e limpo,0,0,1,Arruamento sem separador,Via Secundária,40,,Rua Fé,Sem GPS - estimado,2019,2,26,12,Tarde,Inverno,1,0,3,1,0,1,0,0,0,0,0,0,0,0,0,0,0,1,0,0,0,0,1,,0
369,20191663621,2019-02-26 09:00:00,Terça-Feira,NÃO DEFINIDO,38.746865,-9.165395,Direita,Dentro das localidades,São Domingos de Benfica,,Colisão,Colisão com veiculo ou obstáculo na faixa de rodagem,Recta,Com inclinação,Berma pavimentada,Em plena via,Em estado regular,Estrada sem separador,Sentido único,Sem marcas rodoviárias ou pouco visíveis,Inexistentes,Outros,Inexistentes,Betuminoso,Fora da intersecção,Bom tempo,Em pleno dia,Seco e limpo,0,0,1,Arruamento sem separador,Via Secundária,8,,Rua General Firmino Miguel,Localização GPS,2019,2,26,9,Manhã,Inverno,1,0,3,2,0,0,0,0,0,0,0,0,1,0,0,0,0,1,0,1,0,0,0,,1
370,20191663643,2019-02-23 19:30:00,Sábado,NÃO DEFINIDO,38.774,-9.1168,Direita,Dentro das localidades,Santa Maria dos Olivais,Lisboa,Atropelamento,Atropelamento de peões,Recta,Em patamar,Berma pavimentada,Em plena via,Em bom estado,Estrada sem separador,Dois sentidos,Sem marcas rodoviárias ou pouco visíveis,Inexistentes,Outros,Inexistentes,Betuminoso,Fora da intersecção,Bom tempo,"Noite, com iluminação",Seco e limpo,0,0,1,Arruamento sem separador,Via Secundária,0,,Rua Lojistas,Sem GPS - estimado,2019,2,23,19,Noite,Inverno,0,0,3,1,0,1,0,0,0,0,0,0,0,0,0,0,0,1,0,0,0,0,1,,6
371,20191663677,2019-02-22 14:45:00,Sexta-Feira,No sentido decrescente da quilometragem,,,Esquerda,Dentro das localidades,Lumiar,Lisboa,Colisão,Colisão lateral com outro veículo em movimento,Recta,Em patamar,Berma pavimentada,Em plena via,Em estado regular,Outra via,Sentido único,Com marcas,Inexistentes,Outros,A funcionar normalmente,Betuminoso,Em entroncamento,Bom tempo,Em pleno dia,Seco e limpo,0,0,1,Arruamento com separador,Via Secundária,0,,Avenida Padre Cruz,Sem GPS - não estimado,2019,2,22,14,Tarde,Inverno,1,0,3,2,0,0,0,0,0,0,0,0,0,0,0,0,0,1,0,0,0,0,0,,2
372,20191663752,2019-02-22 08:00:00,Sexta-Feira,NÃO DEFINIDO,38.7664771999999,-9.1106903,Direita,Dentro das localidades,Santa Maria dos Olivais,Lisboa,Atropelamento,Atropelamento com fuga,Curva,Com inclinação,Sem berma ou impraticável,Em plena via,Em bom estado,Estrada sem separador,Dois sentidos,Com marcas,Inexistentes,Outros,Inexistentes,Betuminoso,Fora da intersecção,Bom tempo,Em pleno dia,Seco e limpo,0,0,1,Arruamento sem separador,Via Secundária,9,,Rua Cidade Nova de Lisboa,Sem GPS - estimado,2019,2,22,8,Manhã,Inverno,1,0,3,1,0,1,0,0,0,0,0,0,0,0,0,0,0,1,0,0,0,0,1,,5
373,20191663758,2019-02-27 13:45:00,Quarta-Feira,NÃO DEFINIDO,38.7114699,-9.13584,Direita,Dentro das localidades,Santa Maria Maior,,Colisão,Colisão com outras situações,Recta,Com inclinação,Berma pavimentada,Em plena via,Em estado regular,Estrada sem separador,Sentido único,Sem marcas rodoviárias ou pouco visíveis,Inexistentes,Outros,Inexistentes,Betuminoso,Fora da intersecção,Bom tempo,Em pleno dia,Seco e limpo,0,0,1,Arruamento sem separador,Via Secundária,155,,Rua Madalena,Sem GPS - estimado,2019,2,27,13,Tarde,Inverno,1,0,3,2,0,0,0,0,0,0,0,0,0,0,0,0,0,1,0,1,0,0,0,14,1
374,20191663814,2019-02-24 22:15:00,Domingo,NÃO DEFINIDO,,,Esquerda,Dentro das localidades,Lumiar,,Despiste,Despiste com dispositivo de retenção,Curva,Com inclinação,Sem berma ou impraticável,Em plena via,Em estado regular,Outra via,Sentido único,Com marcas,Inexistentes,Outros,A funcionar normalmente,Betuminoso,Em entroncamento,Bom tempo,"Noite, com iluminação",Seco e limpo,0,0,1,Arruamento com separador,Via Secundária,0,,Avenida Padre Cruz,Sem GPS - não estimado,2019,2,24,22,Noite,Inverno,0,0,3,1,0,0,0,0,0,0,0,0,0,0,0,0,0,0,0,1,0,0,0,,1
375,20191663835,2019-02-24 23:30:00,Domingo,NÃO DEFINIDO,,,Direita,Dentro das localidades,Santa Maria Maior,,Despiste,Despiste com dispositivo de retenção,Recta,Em patamar,Berma pavimentada,Em plena via,NÃO DEFINIDO,Estrada sem separador,Dois sentidos,NÃO DEFINIDO,Inexistentes,NÃO DEFINIDO,Inexistentes,NÃO DEFINIDO,Fora da intersecção,NÃO DEFINIDO,"Noite, com iluminação",NÃO DEFINIDO,0,0,1,Arruamento sem separador,Via Secundária,0,,Avenida Infante Dom Henrique,Sem GPS - não estimado,2019,2,24,23,Noite,Inverno,0,0,3,1,0,0,0,0,0,0,0,0,0,0,0,0,0,0,0,1,0,0,0,,3
376,20191663839,2019-02-22 13:30:00,Sexta-Feira,NÃO DEFINIDO,38.7450286,-9.1844668,Central,Dentro das localidades,Benfica,Lisboa,Colisão,Colisão com outras situações,Recta,Em patamar,Berma pavimentada,Em plena via,Em bom estado,Estrada sem separador,Dois sentidos,Com marcas,Inexistentes,Outros,A funcionar normalmente,Betuminoso,Fora da intersecção,Bom tempo,Em pleno dia,Seco e limpo,0,0,1,Arruamento sem separador,Via Secundária,108,,Rua Conde Almoster,Sem GPS - estimado,2019,2,22,13,Tarde,Inverno,1,0,3,2,0,0,0,0,0,0,0,0,0,0,0,0,0,1,0,1,0,0,0,,6
377,20191663843,2019-02-23 21:15:00,Sábado,NÃO DEFINIDO,38.7236723,-9.1470687,Direita,Dentro das localidades,Santo António,Lisboa,Colisão,Colisão lateral com outro veículo em movimento,Recta,Com inclinação,Sem berma ou impraticável,Em plena via,Em estado regular,Estrada sem separador,Sentido único,Sem marcas rodoviárias ou pouco visíveis,Inexistentes,Outros,Inexistentes,Betuminoso,Fora da intersecção,Bom tempo,"Noite, com iluminação",Seco e limpo,0,0,1,Arruamento sem separador,Via Secundária,132,,Rua Rodrigues Sampaio,Sem GPS - estimado,2019,2,23,21,Noite,Inverno,0,0,3,3,0,0,0,0,0,0,0,0,0,0,0,0,0,1,0,1,0,0,0,13,5
378,20191663859,2019-02-15 01:15:00,Sexta-Feira,No sentido crescente da quilometragem,38.718347,-9.1434297,Direita,Dentro das localidades,Santo António,,Colisão,Colisão lateral com outro veículo em movimento,Recta,Em patamar,Berma pavimentada,Em plena via,Em bom estado,Outra via,Dois sentidos,Com marcas,Inexistentes,Outros,A funcionar normalmente,Betuminoso,Em cruzamento,Bom tempo,"Noite, com iluminação",Seco e limpo,0,0,1,Arruamento com separador,Via Secundária,82,,Avenida Liberdade,Sem GPS - estimado,2019,2,15,1,Madrugada,Inverno,1,0,3,2,0,0,0,0,0,0,0,0,0,0,0,0,0,1,0,1,0,0,0,29,2
379,20191663880,2019-02-12 14:00:00,Terça-Feira,NÃO DEFINIDO,,,Direita,Dentro das localidades,Arroios,,Colisão,Colisão com outras situações,Recta,Em patamar,Sem berma ou impraticável,Em plena via,Em estado regular,Estrada sem separador,Dois sentidos,Com marcas,Inexistentes,Outros,A funcionar normalmente,Betuminoso,Em cruzamento,Bom tempo,Em pleno dia,Seco e limpo,0,0,1,Arruamento sem separador,Via Secundária,0,,Avenida Almirante Reis,Sem GPS - não estimado,2019,2,12,14,Tarde,Inverno,1,0,3,2,0,0,0,0,0,0,0,0,0,0,0,0,0,1,0,1,0,0,0,,5
380,20191663905,2019-02-24 18:10:00,Domingo,NÃO DEFINIDO,,,Esquerda,Dentro das localidades,São Domingos de Benfica,,Despiste,Despiste com dispositivo de retenção,Recta,Com inclinação,Sem berma ou impraticável,Em plena via,Em estado regular,Outra via,Sentido único,Sem marcas rodoviárias ou pouco visíveis,Inexistentes,Stop,Inexistentes,Betuminoso,Em entroncamento,Bom tempo,"Noite, com iluminação",Seco e limpo,0,0,1,Arruamento com separador,Via Secundária,0,,Rua Ernâni Lopes,Sem GPS - não estimado,2019,2,24,18,Noite,Inverno,0,0,3,2,0,0,0,0,0,0,0,0,0,0,0,0,0,1,0,1,0,0,0,,0
381,20191663932,2019-02-13 18:20:00,Quarta-Feira,NÃO DEFINIDO,,,Direita,Dentro das localidades,Alvalade,,Colisão,Colisão lateral com outro veículo em movimento,Recta,Em patamar,Sem berma ou impraticável,Em plena via,Em estado regular,Outra via,Sentido único,Com marcas,Inexistentes,Outros,A funcionar normalmente,Betuminoso,Em cruzamento,Bom tempo,"Noite, com iluminação",Seco e limpo,0,0,1,Arruamento com separador,Via Secundária,0,,Avenida Roma,Sem GPS - não estimado,2019,2,13,18,Noite,Inverno,1,0,3,2,0,0,0,1,0,0,0,0,0,0,0,0,0,1,0,1,0,0,0,,2
382,20191663974,2019-02-24 14:15:00,Domingo,NÃO DEFINIDO,38.716949,-9.136034,Direita,Dentro das localidades,Santa Maria Maior,,Colisão,Colisão com fuga,NÃO DEFINIDO,NÃO DEFINIDO,NÃO DEFINIDO,NÃO DEFINIDO,NÃO DEFINIDO,Outra via,Sentido único,NÃO DEFINIDO,Inexistentes,NÃO DEFINIDO,Inexistentes,Betuminoso,Fora da intersecção,NÃO DEFINIDO,Em pleno dia,NÃO DEFINIDO,0,0,1,Arruamento com separador,Via Secundária,0,,Praça Martim Moniz,Localização GPS,2019,2,24,14,Tarde,Inverno,0,0,3,2,0,0,0,0,0,0,0,0,0,0,0,0,0,1,0,0,0,1,0,11,0
383,20191663985,2019-02-21 06:15:00,Quinta-Feira,NÃO DEFINIDO,38.7569771,-9.1460705,Esquerda,Dentro das localidades,Alvalade,,Colisão,Colisão com outras situações,Recta,Em patamar,NÃO DEFINIDO,NÃO DEFINIDO,Em estado regular,Estrada sem separador,Dois sentidos,Com marcas,Inexistentes,NÃO DEFINIDO,A funcionar normalmente,Betuminoso,Em entroncamento,Bom tempo,"Noite, com iluminação",Seco e limpo,0,0,2,Arruamento sem separador,Via Secundária,53,,Avenida Brasil,Sem GPS - estimado,2019,2,21,6,Manhã,Inverno,1,0,6,2,0,0,0,0,0,0,0,0,0,0,0,0,0,1,0,0,0,0,0,26,6
384,20191663987,2019-02-28 16:50:00,Quinta-Feira,NÃO DEFINIDO,38.7485268,-9.1980093,Direita,Dentro das localidades,Benfica,Lisboa,Atropelamento,Atropelamento de peões,Recta,Em patamar,Berma pavimentada,Em plena via,Em bom estado,Estrada sem separador,Dois sentidos,Sem marcas rodoviárias ou pouco visíveis,Inexistentes,Passagem de peões,Inexistentes,Betuminoso,Fora da intersecção,Bom tempo,Em pleno dia,Seco e limpo,0,0,1,Arruamento sem separador,Via Secundária,1,,Rua General Morais Sarmento,Sem GPS - estimado,2019,2,28,16,Tarde,Inverno,1,0,3,1,0,1,0,0,0,0,0,0,0,0,0,0,0,1,0,0,0,0,1,,6
385,20191664041,2019-02-20 01:10:00,Quarta-Feira,NÃO DEFINIDO,,,Direita,Dentro das localidades,Carnide,,Colisão,Colisão lateral com outro veículo em movimento,Recta,Em patamar,Sem berma ou impraticável,Em plena via,Em estado regular,Outra via,Sentido único,Com marcas,Inexistentes,Outros,Inexistentes,Betuminoso,Fora da intersecção,Bom tempo,"Noite, com iluminação",Seco e limpo,0,0,1,Arruamento com separador,2ª Circular,0,,Avenida General Norton de Matos,Sem GPS - não estimado,2019,2,20,1,Madrugada,Inverno,1,0,3,2,0,0,0,0,0,0,0,0,0,0,0,0,0,1,0,1,0,0,0,,2
386,20191664059,2019-03-01 15:30:00,Sexta-Feira,NÃO DEFINIDO,38.7449658,-9.20202259999999,Direita,Dentro das localidades,Benfica,Lisboa,Atropelamento,Atropelamento de peões,Recta,Em patamar,Berma pavimentada,Em plena via,Em bom estado,Estrada sem separador,Dois sentidos,Com marcas,Inexistentes,Passagem de peões,Inexistentes,Betuminoso,Fora da intersecção,Bom tempo,Em pleno dia,Seco e limpo,0,0,1,Arruamento sem separador,Via Secundária,45,,Rua da Venezuela,Sem GPS - estimado,2019,3,1,15,Tarde,Inverno,1,0,3,1,0,1,0,0,0,0,0,0,0,0,0,0,0,1,0,0,0,0,1,18,6
387,20191664061,2019-03-01 15:00:00,Sexta-Feira,No sentido decrescente da quilometragem,,,Direita,Fora das localidades,Belém,Lisboa,Colisão,Colisão choque em cadeia,Recta,Em patamar,Berma pavimentada,Em plena via,Em bom estado,Outra via,Sentido único,Com marcas,Inexistentes,NÃO DEFINIDO,Inexistentes,Betuminoso,Fora da intersecção,Bom tempo,Sol escandeante,Seco e limpo,0,0,2,IC - Itinerário Complementar,IC17,,3.0,,Sem GPS - não estimado,2019,3,1,15,Tarde,Inverno,1,0,6,3,1,0,0,0,0,0,0,0,0,0,0,0,1,1,1,0,0,0,0,,0
388,20191664062,2019-02-16 01:30:00,Sábado,No sentido decrescente da quilometragem,,,Direita,Fora das localidades,São Domingos de Benfica,,Despiste,Despiste com dispositivo de retenção,Recta,Em patamar,Berma pavimentada,Em plena via,Em estado regular,Outra via,Sentido único,Com marcas,Inexistentes,Outros,Inexistentes,Betuminoso,Fora da intersecção,Bom tempo,"Noite, com iluminação",Seco e limpo,0,0,1,IP - Itinerário Principal,IP7,,6.5,,Sem GPS - não estimado,2019,2,16,1,Madrugada,Inverno,0,0,3,1,0,0,0,0,0,0,0,0,0,0,0,0,0,1,0,0,0,0,0,,4
389,20191664077,2019-02-28 12:45:00,Quinta-Feira,No sentido crescente da quilometragem,,,Direita,Dentro das localidades,Benfica,,Colisão,Colisão traseira com outro veículo em movimento,Recta,Em patamar,Berma pavimentada,Em plena via,Em estado regular,Outra via,Sentido único,Sem marcas rodoviárias ou pouco visíveis,Inexistentes,NÃO DEFINIDO,Inexistentes,Betuminoso,Fora da intersecção,Bom tempo,Em pleno dia,Seco e limpo,0,0,1,IC - Itinerário Complementar,IC17,,4.8,,Sem GPS - não estimado,2019,2,28,12,Tarde,Inverno,1,0,3,2,1,0,0,0,0,0,0,0,0,0,0,0,1,1,0,0,0,0,0,,4
390,20191664088,2019-03-01 08:30:00,Sexta-Feira,NÃO DEFINIDO,38.705393,-9.1711577,Direita,Dentro das localidades,Estrela,,Atropelamento,Atropelamento de peões,Recta,Com inclinação,Sem berma ou impraticável,Em plena via,Em estado regular,Estrada sem separador,Dois sentidos,Com marcas,Inexistentes,Passagem de peões,Inexistentes,Betuminoso,Fora da intersecção,Bom tempo,Em pleno dia,Seco e limpo,0,0,1,Arruamento sem separador,Via Secundária,1,,Rua Prior Crato,Sem GPS - estimado,2019,3,1,8,Manhã,Inverno,1,0,3,1,0,1,0,0,0,0,0,0,0,0,0,0,0,1,0,0,0,0,1,8,5
391,20191664125,2019-03-01 18:00:00,Sexta-Feira,No sentido decrescente da quilometragem,38.7421726999999,-9.135266,Esquerda,Dentro das localidades,Areeiro,Lisboa,Atropelamento,Atropelamento de peões,Recta,Em patamar,Berma pavimentada,Em plena via,Em bom estado,Outra via,Sentido único,Com marcas,Inexistentes,Outros,A funcionar normalmente,Betuminoso,Em cruzamento,Bom tempo,Em pleno dia,Seco e limpo,0,0,1,Arruamento com separador,Via Secundária,7,,Avenida João XXI,Sem GPS - estimado,2019,3,1,18,Noite,Inverno,1,0,3,1,0,1,0,0,0,0,1,0,0,0,0,0,0,1,0,0,0,0,1,,2
392,20191664129,2019-02-25 16:30:00,Segunda-Feira,No sentido decrescente da quilometragem,,,Direita,Dentro das localidades,Lumiar,Lisboa,Colisão,Colisão com fuga,Recta,Com inclinação,Sem berma ou impraticável,Em plena via,Em mau estado,Outra via,Dois sentidos,Com marcas,Inexistentes,Outros,Inexistentes,Betuminoso,Em entroncamento,Bom tempo,Em pleno dia,Seco e limpo,0,0,1,Arruamento com separador,Via Secundária,0,,Calçada Carriche,Sem GPS - não estimado,2019,2,25,16,Tarde,Inverno,1,0,3,2,0,0,0,0,0,0,0,0,0,0,0,0,0,1,0,1,0,0,0,,5
393,20191664133,2019-02-25 13:20:00,Segunda-Feira,NÃO DEFINIDO,38.7034977,-9.1972493,Direita,Dentro das localidades,Ajuda,Lisboa,Despiste,Despiste sem dispositivo de retenção,Recta,Em patamar,Sem berma ou impraticável,Em plena via,Em mau estado,Estrada sem separador,Dois sentidos,Sem marcas rodoviárias ou pouco visíveis,Inexistentes,Outros,Inexistentes,Betuminoso,Fora da intersecção,Bom tempo,Em pleno dia,Seco e limpo,0,0,1,Arruamento sem separador,Via Secundária,4,,Travessa Boa Hora à Ajuda,Sem GPS - estimado,2019,2,25,13,Tarde,Inverno,1,0,3,1,0,0,0,0,0,0,0,0,0,0,0,0,0,0,0,1,0,0,0,,5
394,20191664145,2019-02-25 22:35:00,Segunda-Feira,No sentido decrescente da quilometragem,,,Direita,Dentro das localidades,Carnide,,Despiste,Despiste sem dispositivo de retenção,Recta,Em patamar,Berma pavimentada,Em plena via,Em estado regular,Outra via,Sentido único,Com marcas,Inexistentes,NÃO DEFINIDO,Inexistentes,Betuminoso,Fora da intersecção,Bom tempo,"Noite, com iluminação",Seco e limpo,0,0,1,Arruamento com separador,Via Secundária,0,,Estrada Correia,Sem GPS - não estimado,2019,2,25,22,Noite,Inverno,1,0,3,1,0,0,0,0,0,0,0,0,0,0,0,0,0,0,0,1,0,0,0,,2
395,20191664191,2019-02-27 00:20:00,Quarta-Feira,NÃO DEFINIDO,38.7084891,-9.143185,Direita,Dentro das localidades,Misericórdia,Lisboa,Colisão,Colisão lateral com outro veículo em movimento,Recta,Com inclinação,Berma pavimentada,Em plena via,Em estado regular,Estrada sem separador,Dois sentidos,Sem marcas rodoviárias ou pouco visíveis,Inexistentes,Outros,Inexistentes,Betuminoso,Em entroncamento,Bom tempo,"Noite, com iluminação",Seco e limpo,0,0,1,Arruamento sem separador,Via Secundária,28,,Rua Alecrim,Sem GPS - estimado,2019,2,27,0,Madrugada,Inverno,1,0,3,2,0,0,0,0,0,0,0,0,0,0,0,0,0,1,0,1,0,0,0,10,3
396,20191664205,2019-03-03 20:50:00,Domingo,NÃO DEFINIDO,38.7781959,-9.1600124,Direita,Dentro das localidades,Santa Clara,,Despiste,Despiste sem dispositivo de retenção,Curva,Em patamar,Berma pavimentada,Em plena via,Em estado regular,Estrada sem separador,Dois sentidos,Sem marcas rodoviárias ou pouco visíveis,Inexistentes,Outros,Inexistentes,Betuminoso,Fora da intersecção,Bom tempo,"Noite, com iluminação",Seco e limpo,0,0,1,Arruamento sem separador,Via Secundária,30,,Azinhaga Cidade,Sem GPS - estimado,2019,3,3,20,Noite,Inverno,0,0,3,1,0,0,0,0,0,0,0,0,0,0,0,0,0,0,0,1,0,0,0,,6
397,20191664207,2019-02-25 10:35:00,Segunda-Feira,NÃO DEFINIDO,38.769029,-9.102438,Direita,Dentro das localidades,Parque das Nações,Lisboa,Colisão,Colisão traseira com outro veículo em movimento,Curva,Com inclinação,Sem berma ou impraticável,Em plena via,Em estado regular,Estrada sem separador,Sentido único,Com marcas,Inexistentes,Outros,Inexistentes,Betuminoso,Em entroncamento,Bom tempo,Em pleno dia,Seco e limpo,0,0,1,Arruamento sem separador,Via Secundária,0,,Rua Conselheiro Lopo Vaz,Localização GPS,2019,2,25,10,Manhã,Inverno,1,0,3,2,1,0,0,0,0,1,0,0,0,0,0,0,0,1,0,0,0,0,0,,1
398,20191664230,2019-03-03 14:20:00,Domingo,NÃO DEFINIDO,38.7024991999999,-9.1716351,Direita,Dentro das localidades,Estrela,Lisboa,Atropelamento,Atropelamento de peões,Recta,Em patamar,Berma pavimentada,Em plena via,Em mau estado,Estrada sem separador,Dois sentidos,Sem marcas rodoviárias ou pouco visíveis,Inexistentes,Outros,A funcionar normalmente,Betuminoso,Fora da intersecção,Bom tempo,Em pleno dia,Seco e limpo,0,0,2,Arruamento sem separador,Via Secundária,0,,Rua Cintura do Porto de Lisboa,Sem GPS - estimado,2019,3,3,14,Tarde,Inverno,0,0,6,1,0,1,0,0,0,0,0,0,0,0,0,0,0,0,0,1,0,0,1,,6
399,20191664245,2019-02-26 16:10:00,Terça-Feira,NÃO DEFINIDO,38.7491144,-9.1977729,Direita,Dentro das localidades,Benfica,Lisboa,Atropelamento,Atropelamento de peões,Recta,Em patamar,Sem berma ou impraticável,Em plena via,Em mau estado,Estrada sem separador,Dois sentidos,Sem marcas rodoviárias ou pouco visíveis,Inexistentes,Outros,Inexistentes,Betuminoso,Fora da intersecção,Bom tempo,Em pleno dia,Seco e limpo,0,0,1,Arruamento sem separador,Via Secundária,22,,Avenida Gomes Pereira,Sem GPS - estimado,2019,2,26,16,Tarde,Inverno,1,0,3,1,0,1,0,0,0,0,0,0,0,0,0,0,0,1,0,0,0,0,1,,5
400,20191664246,2019-02-26 08:25:00,Terça-Feira,NÃO DEFINIDO,,,Direita,Dentro das localidades,Belém,Lisboa,Colisão,Colisão com outras situações,Recta,Com inclinação,Berma pavimentada,Em plena via,Em estado regular,Estrada sem separador,Dois sentidos,Sem marcas rodoviárias ou pouco visíveis,Inexistentes,NÃO DEFINIDO,Inexistentes,Betuminoso,Em entroncamento,Bom tempo,Em pleno dia,Seco e limpo,0,0,1,Arruamento sem separador,Via Secundária,0,,Avenida Ilha da Madeira,Sem GPS - não estimado,2019,2,26,8,Manhã,Inverno,1,0,3,2,0,0,0,0,0,0,0,0,0,0,0,0,0,1,0,0,0,0,0,,5
401,20191664248,2019-03-03 10:20:00,Domingo,NÃO DEFINIDO,38.6930770999999,-9.21193899999999,Direita,Dentro das localidades,Belém,,Atropelamento,Atropelamento de peões,Recta,Em patamar,Sem berma ou impraticável,Em plena via,Em estado regular,Estrada sem separador,Sentido único,Sem marcas rodoviárias ou pouco visíveis,Inexistentes,Outros,Inexistentes,Betuminoso,Fora da intersecção,Bom tempo,Em pleno dia,Seco e limpo,0,0,1,Arruamento sem separador,Via Secundária,0,,Doca Bom Sucesso,Sem GPS - estimado,2019,3,3,10,Manhã,Inverno,0,0,3,1,0,1,0,0,0,0,0,0,0,0,0,0,0,1,0,0,0,0,1,,4
402,20191664334,2019-02-22 10:30:00,Sexta-Feira,NÃO DEFINIDO,,,Direita,Dentro das localidades,Estrela,,Colisão,Colisão lateral com outro veículo em movimento,Recta,Em patamar,Sem berma ou impraticável,Em plena via,Em bom estado,Estrada sem separador,Dois sentidos,Com marcas,Inexistentes,NÃO DEFINIDO,A funcionar normalmente,Betuminoso,Fora da intersecção,Bom tempo,Em pleno dia,Seco e limpo,0,0,1,Arruamento sem separador,Via Secundária,0,,Rua Cascais,Sem GPS - não estimado,2019,2,22,10,Manhã,Inverno,1,0,3,2,0,0,0,0,0,0,0,0,0,0,0,0,0,1,0,1,0,0,0,,5
403,20191664335,2019-02-19 00:40:00,Terça-Feira,No sentido crescente da quilometragem,,,Direita,Dentro das localidades,Carnide,Lisboa,Despiste,Despiste com dispositivo de retenção,Curva,Em patamar,Sem berma ou impraticável,Em plena via,Em bom estado,Outra via,Dois sentidos,Com marcas,Inexistentes,NÃO DEFINIDO,Inexistentes,Betuminoso,Fora da intersecção,Bom tempo,"Noite, com iluminação",Seco e limpo,0,0,1,Arruamento com separador,Via Secundária,0,,Estrada Militar,Sem GPS - não estimado,2019,2,19,0,Madrugada,Inverno,1,0,3,1,0,0,0,0,0,0,0,0,0,0,0,0,1,1,0,0,0,0,0,,0
404,20191664336,2019-02-18 22:30:00,Segunda-Feira,No sentido crescente da quilometragem,,,Direita,Dentro das localidades,Avenidas Novas,,Colisão,Colisão lateral com outro veículo em movimento,Recta,Em patamar,Sem berma ou impraticável,Em plena via,Em bom estado,Outra via,Sentido único,Sem marcas rodoviárias ou pouco visíveis,Inexistentes,Passagem de peões,A funcionar normalmente,Betuminoso,Em cruzamento,Bom tempo,"Noite, com iluminação",Seco e limpo,0,0,1,Arruamento com separador,Via Secundária,0,,Avenida Defensores de Chaves,Sem GPS - não estimado,2019,2,18,22,Noite,Inverno,1,0,3,2,0,0,0,0,0,0,0,0,0,0,0,0,0,1,0,1,0,0,0,,2
405,20191664364,2019-02-26 10:35:00,Terça-Feira,NÃO DEFINIDO,,,Direita,Dentro das localidades,Avenidas Novas,Lisboa,Colisão,Colisão com outras situações,Recta,Com inclinação,Berma pavimentada,Em plena via,Em estado regular,Estrada sem separador,Dois sentidos,Com marcas,Inexistentes,NÃO DEFINIDO,Inexistentes,Betuminoso,Em entroncamento,Bom tempo,Em pleno dia,Seco e limpo,0,0,1,Arruamento sem separador,Via Secundária,0,,Rua Castilho,Sem GPS - não estimado,2019,2,26,10,Manhã,Inverno,1,0,3,3,0,0,0,0,0,0,0,0,0,0,0,0,0,1,1,0,0,0,0,,5
406,20191664391,2019-02-27 16:30:00,Quarta-Feira,No sentido decrescente da quilometragem,38.7472924,-9.1533213,Direita,Dentro das localidades,Avenidas Novas,,Colisão,Colisão lateral com outro veículo em movimento,Recta,Com inclinação,Berma pavimentada,Em plena via,Em estado regular,Outra via,Sentido único,Com marcas,Inexistentes,Outros,Inexistentes,Betuminoso,Fora da intersecção,Bom tempo,Em pleno dia,Seco e limpo,0,0,1,Arruamento com separador,Via Secundária,63,,Avenida Forças Armadas,Sem GPS - estimado,2019,2,27,16,Tarde,Inverno,1,0,3,2,0,0,0,0,0,0,0,0,0,0,0,0,0,1,0,1,0,0,0,,0