,IdAcidente,Datahora,Dia da Semana,Sentidos,Latitude GPS,Longitude GPS,Via Trânsito,Localizações,Freguesia,Pov. Proxima,Tipo Natureza,Natureza,Tipo de Traçado,Inclinação do Traçado,Berma do Traçado,Localização do Traçado,Estado Conservação,Características Tecnicas,Reg Circulação,Marca Via,Obstáculos,Sinais,Sinais Luminosos,Tipo Piso,Intersecção Vias,Factores Atmosféricos,Luminosidade,Cond Aderência,VM,FG,FL,Tipos Vias,Via,Num arruamento,Km,Nome arruamento,Localização 2,Ano,Mês,Dia,Hora,Periodo,Estação,Dia Util,Gravidade,Indicador de Gravidade,Veículos envolvidos,Passageiros envolvidos,Peões envolvidos,Inf/Ação: Abertura de porta,Inf/Ação: Desrespeito da sinalização semafórica,Inf/Ação: Desrespeito da sinalização vertical,Inf/Ação: Desrespeito das distâncias de segurança,Inf/Ação: Desrespeito das marcas rodoviárias,Inf/Ação: Encandeamento,Inf/Ação: Manobra irregular,Inf/Ação: Não sinalização da manobra,Inf/Ação: Obstáculo imprevisto na faixa de rodagem,Inf/Ação: Rebentamento de pneumático,Inf/Ação: Velocidade excessiva para as condições existentes,Automóvel ligeiro,Automóvel pesado,Motociclos/Ciclomotores,Outros Veículos,Velocípedes,Peões,Numero Black Spot,Grupo Kmodes
407,20191664405,2019-02-22 13:15:00,Sexta-Feira,No sentido decrescente da quilometragem,,,Central,Dentro das localidades,Santo António,,Despiste,Despiste com colisão com veículo imobil. ou obstáculo,Recta,Em patamar,Berma pavimentada,Em plena via,Em estado regular,Outra via,Sentido único,Com marcas,Inexistentes,Outros,A funcionar normalmente,Betuminoso,Em entroncamento,Bom tempo,Em pleno dia,Seco e limpo,0,0,1,Arruamento com separador,Via Secundária,0,,Praça Marquês Pombal,Sem GPS - não estimado,2019,2,22,13,Tarde,Inverno,1,0,3,2,1,0,0,0,0,0,0,0,0,0,0,0,0,1,0,1,0,0,0,,2
408,20191664413,2019-02-23 22:00:00,Sábado,No sentido decrescente da quilometragem,,,Esquerda,Dentro das localidades,Parque das Nações,Lisboa,Despiste,Despiste sem dispositivo de retenção,Recta,Com inclinação,Berma pavimentada,Em plena via,Em estado regular,Outra via,Sentido único,Com marcas,Inexistentes,Outros,Inexistentes,Betuminoso,Fora da intersecção,Bom tempo,"Noite, com iluminação",Seco e limpo,0,0,1,Arruamento com separador,Via Secundária,0,,Avenida Boa Esperança,Sem GPS - não estimado,2019,2,23,22,Noite,Inverno,0,0,3,1,0,0,0,0,0,0,0,0,0,0,0,0,0,0,0,1,0,0,0,,0
409,20191664426,2019-02-27 15:15:00,Quarta-Feira,NÃO DEFINIDO,38.696201,-9.2196167,Direita,Dentro das localidades,Belém,,Atropelamento,Atropelamento de peões,Recta,Em patamar,Berma pavimentada,Em plena via,Em estado regular,Estrada sem separador,Dois sentidos,Sem marcas rodoviárias ou pouco visíveis,Inexistentes,NÃO DEFINIDO,Inexistentes,Calçada,Fora da intersecção,Bom tempo,Em pleno dia,Seco e limpo,0,0,1,Arruamento sem separador,Via Secundária,0,,Rua Pedrouços,Sem GPS - estimado,2019,2,27,15,Tarde,Inverno,1,0,3,1,0,1,0,0,0,0,0,0,0,0,0,0,0,0,1,0,0,0,1,,6
410,20191664435,2019-02-27 14:40:00,Quarta-Feira,No sentido crescente da quilometragem,,,Central,Dentro das localidades,Arroios,Lisboa,Colisão,Colisão lateral com outro veículo em movimento,Curva,Em patamar,Sem berma ou impraticável,Em plena via,Em estado regular,Outra via,Sentido único,Sem marcas rodoviárias ou pouco visíveis,Inexistentes,Outros,A funcionar normalmente,Betuminoso,Em entroncamento,Bom tempo,Em pleno dia,Seco e limpo,0,0,1,Arruamento com separador,Via Secundária,0,,Rua Febo Moniz,Sem GPS - não estimado,2019,2,27,14,Tarde,Inverno,1,0,3,2,0,0,0,0,0,0,0,0,0,0,0,0,0,1,0,1,0,0,0,,2
411,20191664475,2019-02-21 09:10:00,Quinta-Feira,No sentido crescente da quilometragem,,,Direita,Dentro das localidades,Campolide,,Colisão,Colisão choque em cadeia,Recta,Em patamar,Berma pavimentada,Em plena via,Em estado regular,Outra via,Sentido único,Sem marcas rodoviárias ou pouco visíveis,Inexistentes,Outros,Inexistentes,Betuminoso,Fora da intersecção,Bom tempo,Em pleno dia,Seco e limpo,0,0,1,IP - Itinerário Principal,IP7,,9.6,,Sem GPS - não estimado,2019,2,21,9,Manhã,Inverno,1,0,3,3,0,0,0,0,0,0,0,0,0,0,0,0,0,1,0,0,0,0,0,,4
412,20191664502,2019-03-04 18:00:00,Segunda-Feira,No sentido decrescente da quilometragem,38.7266420999999,-9.1347571,Esquerda,Dentro das localidades,Arroios,,Atropelamento,Atropelamento de peões,Recta,Com inclinação,Berma pavimentada,Em plena via,Em bom estado,Outra via,Sentido único,Com marcas,Inexistentes,NÃO DEFINIDO,A funcionar normalmente,Betuminoso,Fora da intersecção,Bom tempo,Em pleno dia,Seco e limpo,0,0,1,Arruamento com separador,Via Secundária,60,,Avenida Almirante Reis,Sem GPS - estimado,2019,3,4,18,Noite,Inverno,1,0,3,1,0,1,0,0,0,0,0,0,0,0,0,0,0,1,0,0,0,0,1,15,7
413,20191664511,2019-02-27 12:30:00,Quarta-Feira,NÃO DEFINIDO,38.7209852,-9.1522718,Direita,Dentro das localidades,Santo António,,Colisão,Colisão frontal,Recta,Com inclinação,Berma pavimentada,Em plena via,Em estado regular,Estrada sem separador,Sentido único,Com marcas,Inexistentes,Outros,A funcionar normalmente,Betuminoso,Em entroncamento,Bom tempo,Em pleno dia,Seco e limpo,0,0,1,Arruamento sem separador,Via Secundária,49,,Rua Alexandre Herculano,Sem GPS - estimado,2019,2,27,12,Tarde,Inverno,1,0,3,2,0,0,0,0,0,0,0,0,0,0,0,0,0,1,0,1,0,0,0,13,1
414,20191664519,2019-03-04 16:20:00,Segunda-Feira,No sentido crescente da quilometragem,,,Direita,Dentro das localidades,Santo António,Lisboa,Colisão,Colisão lateral com outro veículo em movimento,Recta,Com inclinação,Sem berma ou impraticável,Em plena via,Em estado regular,Outra via,Sentido único,Sem marcas rodoviárias ou pouco visíveis,Inexistentes,Outros,Inexistentes,Betuminoso,Em entroncamento,Bom tempo,Em pleno dia,Seco e limpo,0,0,1,Arruamento com separador,Via Secundária,0,,Rua Joaquim António de Aguiar,Sem GPS - não estimado,2019,3,4,16,Tarde,Inverno,1,0,3,2,0,0,0,0,0,0,0,0,0,0,0,0,0,1,0,1,0,0,0,,0
415,20191664600,2019-02-19 21:00:00,Terça-Feira,NÃO DEFINIDO,,,Esquerda,Dentro das localidades,Areeiro,,Colisão,Colisão com fuga,Recta,Em patamar,Sem berma ou impraticável,Em plena via,Em estado regular,Estrada sem separador,Dois sentidos,Com marcas,Inexistentes,Outros,A funcionar normalmente,Betuminoso,Fora da intersecção,Bom tempo,"Noite, com iluminação",Seco e limpo,0,0,1,Arruamento sem separador,Via Secundária,0,,Avenida Engenheiro Arantes e Oliveira,Sem GPS - não estimado,2019,2,19,21,Noite,Inverno,1,0,3,3,0,0,0,0,0,0,0,0,0,0,0,0,0,1,0,0,0,0,0,,5
416,20191664612,2019-03-03 13:10:00,Domingo,NÃO DEFINIDO,,,Direita,Dentro das localidades,Estrela,Lisboa,Colisão,Colisão frontal,Curva,Com inclinação,Sem berma ou impraticável,Em plena via,Em estado regular,Estrada sem separador,Dois sentidos,Sem marcas rodoviárias ou pouco visíveis,Inexistentes,Outros,Inexistentes,Betuminoso,Fora da intersecção,Bom tempo,Em pleno dia,Seco e limpo,0,0,2,Arruamento sem separador,Via Secundária,0,,Avenida Infante Santo,Sem GPS - não estimado,2019,3,3,13,Tarde,Inverno,0,0,6,2,1,0,0,0,0,0,0,0,0,0,0,0,0,1,0,0,0,0,0,,5
417,20191664614,2019-02-28 18:30:00,Quinta-Feira,NÃO DEFINIDO,,,Direita,Dentro das localidades,Benfica,,Colisão,Colisão com outras situações,Recta,Com inclinação,Berma pavimentada,Em plena via,Em bom estado,Estrada sem separador,Dois sentidos,Com marcas,Inexistentes,Outros,Inexistentes,Betuminoso,Fora da intersecção,Bom tempo,"Noite, com iluminação",Seco e limpo,0,0,2,Arruamento sem separador,Via Secundária,0,,Estrada Buraca,Sem GPS - não estimado,2019,2,28,18,Noite,Inverno,1,0,6,2,1,0,0,0,0,0,0,0,0,0,0,0,0,1,0,1,0,0,0,,3
418,20191664619,2019-02-27 12:15:00,Quarta-Feira,NÃO DEFINIDO,38.7288068,-9.1279678,Central,Dentro das localidades,Penha de França,Lisboa,Colisão,Colisão com outras situações,Recta,Em patamar,Sem berma ou impraticável,Em plena via,Em estado regular,Estrada sem separador,Dois sentidos,Sem marcas rodoviárias ou pouco visíveis,Inexistentes,Outros,A funcionar normalmente,Betuminoso,Fora da intersecção,Bom tempo,Em pleno dia,Seco e limpo,0,0,1,Arruamento sem separador,Via Secundária,52,,Avenida General Roçadas,Sem GPS - estimado,2019,2,27,12,Tarde,Inverno,1,0,3,4,0,0,0,0,0,0,0,0,0,0,0,0,0,1,0,1,0,0,0,30,5
419,20191664620,2019-02-27 18:20:00,Quarta-Feira,No sentido decrescente da quilometragem,,,Direita,Dentro das localidades,Parque das Nações,,Despiste,Despiste com dispositivo de retenção,Recta,Em patamar,Berma pavimentada,Em plena via,Em bom estado,Outra via,Sentido único,Com marcas,Inexistentes,Outros,Inexistentes,Betuminoso,Fora da intersecção,Bom tempo,Em pleno dia,Seco e limpo,0,0,1,Arruamento com separador,Via Secundária,0,,Avenida Infante Dom Henrique,Sem GPS - não estimado,2019,2,27,18,Noite,Inverno,1,0,3,1,1,0,0,0,0,0,0,0,0,0,0,0,0,0,1,0,0,0,0,,0
420,20191664623,2019-02-25 19:55:00,Segunda-Feira,No sentido decrescente da quilometragem,,,Direita,Dentro das localidades,Alvalade,,Colisão,Colisão traseira com outro veículo em movimento,Recta,Em patamar,Berma não pavimentada,Em plena via,Em bom estado,Outra via,Sentido único,Com marcas,Inexistentes,Outros,Inexistentes,Betuminoso,Fora da intersecção,Bom tempo,"Noite, com iluminação",Seco e limpo,0,0,1,Arruamento com separador,2ª Circular,0,,Avenida General Norton de Matos,Sem GPS - não estimado,2019,2,25,19,Noite,Inverno,1,0,3,2,0,0,0,0,0,0,0,0,0,0,0,0,0,1,0,0,0,0,0,,0
421,20191664638,2019-02-28 14:40:00,Quinta-Feira,No sentido crescente da quilometragem,,,Direita,Dentro das localidades,Santa Maria dos Olivais,Lisboa,Colisão,Colisão choque em cadeia,Curva,Com inclinação,Berma pavimentada,Em plena via,Em estado regular,Outra via,Sentido único,Sem marcas rodoviárias ou pouco visíveis,Inexistentes,Outros,A funcionar normalmente,Betuminoso,Em entroncamento,Bom tempo,Em pleno dia,Seco e limpo,0,0,1,Arruamento com separador,Via Secundária,0.00,,Avenida Berlim,Sem GPS - não estimado,2019,2,28,14,Tarde,Inverno,1,0,3,4,0,0,0,0,0,0,0,0,0,0,0,0,1,1,0,0,0,0,0,,1
422,20191664643,2019-02-15 02:28:00,Sexta-Feira,NÃO DEFINIDO,,,Direita,Dentro das localidades,Santa Maria dos Olivais,Lisboa,Colisão,Colisão frontal,Curva,Com inclinação,Berma pavimentada,Em plena via,Em estado regular,Estrada sem separador,Sentido único,Com marcas,Inexistentes,Outros,Inexistentes,Betuminoso,Fora da intersecção,Bom tempo,"Noite, com iluminação",Seco e limpo,0,0,1,Arruamento sem separador,Via Secundária,0,,Alameda Comunidades Portuguesas,Sem GPS - não estimado,2019,2,15,2,Madrugada,Inverno,1,0,3,2,0,0,0,0,0,0,0,0,0,0,0,0,0,1,0,0,0,0,0,,1
423,20191664651,2019-02-27 19:00:00,Quarta-Feira,No sentido crescente da quilometragem,,,Direita,Dentro das localidades,Lumiar,,Despiste,Despiste sem dispositivo de retenção,Recta,Em patamar,Berma pavimentada,Em plena via,Em estado regular,Outra via,Sentido único,Com marcas,Inexistentes,Outros,Inexistentes,Betuminoso,Fora da intersecção,Bom tempo,"Noite, com iluminação",Seco e limpo,0,0,1,IP - Itinerário Principal,IP7,,5.8,,Sem GPS - não estimado,2019,2,27,19,Noite,Inverno,1,0,3,1,0,0,0,0,0,0,0,0,0,0,0,0,0,0,0,1,0,0,0,,4
424,20191664658,2019-02-25 01:15:00,Segunda-Feira,NÃO DEFINIDO,,,Direita,Dentro das localidades,Campolide,,Colisão,Colisão frontal,Curva,Com inclinação,Berma pavimentada,Em plena via,Em estado regular,Estrada sem separador,Dois sentidos,Com marcas,Inexistentes,Outros,Inexistentes,Betuminoso,Fora da intersecção,Bom tempo,"Noite, com iluminação",Seco e limpo,0,0,1,Arruamento sem separador,Via Secundária,0,,Estrada Pimenteira,Sem GPS - não estimado,2019,2,25,1,Madrugada,Inverno,1,0,3,2,0,0,0,0,0,0,0,0,0,0,0,0,0,1,0,0,0,0,0,,1
425,20191664660,2019-02-27 12:35:00,Quarta-Feira,No sentido decrescente da quilometragem,,,Direita,Dentro das localidades,Avenidas Novas,,Colisão,Colisão lateral com outro veículo em movimento,Recta,Em patamar,Sem berma ou impraticável,Em plena via,Em bom estado,Outra via,Dois sentidos,Com marcas,Inexistentes,Outros,A funcionar normalmente,Betuminoso,Em cruzamento,Bom tempo,Em pleno dia,Seco e limpo,0,0,1,Arruamento com separador,Via Secundária,0,,Avenida República,Sem GPS - não estimado,2019,2,27,12,Tarde,Inverno,1,0,3,2,0,0,0,0,0,0,0,0,0,0,0,0,1,1,0,1,0,0,0,,2
426,20191664678,2019-03-06 18:30:00,Quarta-Feira,NÃO DEFINIDO,38.7413619,-9.1294505,Central,Dentro das localidades,Areeiro,Lisboa,Colisão,Colisão com outras situações,Recta,Em patamar,Sem berma ou impraticável,Em plena via,Em bom estado,Estrada sem separador,Sentido único,Com marcas,Inexistentes,Outros,A funcionar normalmente,Betuminoso,Fora da intersecção,Bom tempo,"Noite, com iluminação",Seco e limpo,0,0,1,Arruamento sem separador,Via Secundária,22,,Avenida Afonso Costa,Sem GPS - estimado,2019,3,6,18,Noite,Inverno,1,0,3,1,0,0,0,0,0,0,0,0,1,0,0,0,0,0,0,0,0,1,0,,2
427,20191664695,2019-02-24 22:05:00,Domingo,No sentido crescente da quilometragem,38.7615484,-9.1109816,Direita,Dentro das localidades,Santa Maria dos Olivais,Lisboa,Colisão,Colisão com veiculo ou obstáculo na faixa de rodagem,Recta,Com inclinação,Sem berma ou impraticável,Em plena via,Em estado regular,Outra via,Sentido único,Com marcas,Inexistentes,Outros,Inexistentes,Betuminoso,Fora da intersecção,Bom tempo,"Noite, com iluminação",Seco e limpo,0,0,1,Arruamento com separador,Via Secundária,564,,Avenida Cidade de Luanda,Sem GPS - estimado,2019,2,24,22,Noite,Inverno,0,0,3,2,0,0,0,0,0,0,0,0,0,0,0,0,0,1,0,0,0,0,0,,0
428,20191664706,2019-03-06 19:45:00,Quarta-Feira,NÃO DEFINIDO,,,Direita,Dentro das localidades,Lumiar,,Colisão,Colisão traseira com outro veículo em movimento,Curva,Em patamar,Berma pavimentada,Em plena via,Em estado regular,Estrada sem separador,Sentido único,Com marcas,Inexistentes,Outros,Inexistentes,Betuminoso,Em rotunda,Bom tempo,"Noite, com iluminação",Molhado,0,0,1,Arruamento sem separador,Via Secundária,0,,Avenida Santos e Castro,Sem GPS - não estimado,2019,3,6,19,Noite,Inverno,1,0,3,2,1,0,0,0,0,0,0,0,0,0,0,0,0,1,0,0,0,0,0,,1
429,20191664721,2019-02-26 01:35:00,Terça-Feira,NÃO DEFINIDO,38.69597,-9.221768,Direita,Dentro das localidades,Belém,,Despiste,Despiste com colisão com veículo imobil. ou obstáculo,Recta,Em patamar,Berma pavimentada,Em plena via,Em estado regular,Estrada sem separador,Sentido único,Sem marcas rodoviárias ou pouco visíveis,Inexistentes,Outros,Inexistentes,Betuminoso,Fora da intersecção,Bom tempo,"Noite, com iluminação",Seco e limpo,0,0,1,Arruamento sem separador,Via Secundária,16,,Rua Fernão Mendes Pinto,Sem GPS - estimado,2019,2,26,1,Madrugada,Inverno,1,0,3,3,0,0,0,0,0,0,0,0,0,0,0,0,0,1,0,1,0,0,0,,4
430,20191664735,2019-02-24 14:30:00,Domingo,NÃO DEFINIDO,38.7159566,-9.1369585,Direita,Dentro das localidades,Santa Maria Maior,,Colisão,Colisão com outras situações,Recta,Em patamar,Berma pavimentada,Em plena via,Em estado regular,Estrada sem separador,Sentido único,Com marcas,Inexistentes,Outros,Inexistentes,Betuminoso,Fora da intersecção,Bom tempo,Em pleno dia,Seco e limpo,0,0,1,Arruamento sem separador,Via Secundária,41,,Rua Palma,Sem GPS - estimado,2019,2,24,14,Tarde,Inverno,0,0,3,2,0,0,0,0,0,0,0,0,0,0,0,0,0,1,0,0,0,1,0,11,4
431,20191664743,2019-02-24 08:15:00,Domingo,No sentido crescente da quilometragem,,,Direita,Dentro das localidades,Lumiar,,Despiste,Despiste sem dispositivo de retenção,Recta,Com inclinação,Berma pavimentada,Em plena via,Em estado regular,Outra via,Sentido único,Com marcas,Inexistentes,Outros,A funcionar normalmente,Betuminoso,Em entroncamento,Bom tempo,Em pleno dia,Escorregadio por outros fatores,0,0,1,Arruamento com separador,Via Secundária,0,,Rotunda Nelson Mandela,Sem GPS - não estimado,2019,2,24,8,Manhã,Inverno,0,0,3,1,0,0,0,0,0,0,0,0,0,0,1,0,0,0,0,1,0,0,0,,2
432,20191664752,2019-02-20 18:40:00,Quarta-Feira,No sentido decrescente da quilometragem,,,Direita,Dentro das localidades,Alcântara,Lisboa,Colisão,Colisão lateral com outro veículo em movimento,Curva,Em patamar,Berma pavimentada,Em plena via,Em estado regular,Outra via,Dois sentidos,Com marcas,Inexistentes,Outros,Inexistentes,Betuminoso,Em entroncamento,Bom tempo,Aurora ou crepúsculo,Seco e limpo,0,0,1,Arruamento com separador,Via Secundária,0,,Estrada Alvito,Sem GPS - não estimado,2019,2,20,18,Noite,Inverno,1,0,3,2,0,0,0,0,0,0,0,0,0,0,0,0,0,1,0,1,0,0,0,,6
433,20191664798,2019-02-25 19:30:00,Segunda-Feira,NÃO DEFINIDO,,,Direita,Dentro das localidades,Santa Maria dos Olivais,,Despiste,Despiste sem dispositivo de retenção,Curva,Com inclinação,Sem berma ou impraticável,Em plena via,Em estado regular,Estrada sem separador,Dois sentidos,Com marcas,Inexistentes,NÃO DEFINIDO,Inexistentes,Betuminoso,Fora da intersecção,Bom tempo,"Noite, com iluminação",Seco e limpo,0,0,2,Arruamento sem separador,Via Secundária,0,,Avenida Cidade de Luanda,Sem GPS - não estimado,2019,2,25,19,Noite,Inverno,1,0,6,1,1,0,0,0,0,0,0,0,0,0,0,0,0,0,0,1,0,0,0,,5
434,20191664804,2019-02-24 13:50:00,Domingo,NÃO DEFINIDO,,,Direita,Dentro das localidades,Marvila,,Colisão,Colisão com outras situações,Recta,Em patamar,Berma pavimentada,Em plena via,Em bom estado,Estrada sem separador,Dois sentidos,Com marcas,Inexistentes,Outros,Inexistentes,Betuminoso,Fora da intersecção,Bom tempo,Em pleno dia,Seco e limpo,0,0,2,Arruamento sem separador,Via Secundária,0,,Rua Engenheiro Ferreira Dias,Sem GPS - não estimado,2019,2,24,13,Tarde,Inverno,0,0,6,2,0,0,0,0,0,0,0,0,0,0,0,0,0,1,0,0,0,0,0,,6
435,20191664812,2019-02-28 11:45:00,Quinta-Feira,NÃO DEFINIDO,,,Direita,Dentro das localidades,Campolide,,Colisão,Colisão traseira com outro veículo em movimento,Curva,Com inclinação,Berma pavimentada,Em plena via,Em estado regular,Estrada sem separador,Dois sentidos,Com marcas,Não sinalizados,Outros,Inexistentes,Betuminoso,Fora da intersecção,Bom tempo,Em pleno dia,Escorregadio por outros fatores,0,0,1,Arruamento sem separador,Via Secundária,0,,Estrada Pimenteira,Sem GPS - não estimado,2019,2,28,11,Manhã,Inverno,1,0,3,2,0,0,0,0,0,0,0,0,0,0,0,0,0,1,0,1,0,0,0,,1
436,20191664813,2019-02-28 11:40:00,Quinta-Feira,NÃO DEFINIDO,,,Direita,Dentro das localidades,Campolide,,Despiste,Despiste sem dispositivo de retenção,Curva,Com inclinação,Berma pavimentada,Em plena via,Em estado regular,Estrada sem separador,Dois sentidos,Com marcas,Não sinalizados,Outros,Inexistentes,Betuminoso,Fora da intersecção,Bom tempo,Em pleno dia,Escorregadio por outros fatores,0,0,1,Arruamento sem separador,Via Secundária,0,,Estrada Pimenteira,Sem GPS - não estimado,2019,2,28,11,Manhã,Inverno,1,0,3,1,0,0,0,0,0,0,0,0,0,0,0,0,0,0,0,1,0,0,0,,1
437,20191664817,2019-02-24 14:35:00,Domingo,NÃO DEFINIDO,,,Direita,Dentro das localidades,Parque das Nações,,Despiste,Despiste com dispositivo de retenção,Recta,Em patamar,Berma pavimentada,Em plena via,Em bom estado,Outra via,Sentido único,Com marcas,Inexistentes,Outros,Inexistentes,Betuminoso,Fora da intersecção,Bom tempo,Em pleno dia,Seco e limpo,0,0,1,Arruamento com separador,Via Secundária,0,,Avenida Infante Dom Henrique,Sem GPS - não estimado,2019,2,24,14,Tarde,Inverno,0,0,3,1,0,0,0,0,0,0,0,0,0,0,0,0,0,0,0,1,0,0,0,,0
438,20191664863,2019-02-24 13:00:00,Domingo,NÃO DEFINIDO,,,Direita,Dentro das localidades,Estrela,,Colisão,Colisão lateral com outro veículo em movimento,Recta,Em patamar,Sem berma ou impraticável,Em plena via,Em bom estado,Estrada sem separador,Dois sentidos,Com marcas,Inexistentes,Outros,Inexistentes,Betuminoso,Em via de aceleração,Bom tempo,Em pleno dia,Seco e limpo,0,0,2,Arruamento sem separador,Via Secundária,0,,Avenida 24 de Julho,Sem GPS - não estimado,2019,2,24,13,Tarde,Inverno,0,0,6,2,0,0,0,0,0,0,0,0,0,0,0,0,0,0,0,1,0,0,0,,5
439,20191664871,2019-03-07 19:50:00,Quinta-Feira,NÃO DEFINIDO,38.726843,-9.155398,Direita,Dentro das localidades,Avenidas Novas,Lisboa,Atropelamento,Atropelamento de peões,Recta,Em patamar,Berma pavimentada,Em plena via,Em estado regular,Estrada sem separador,Dois sentidos,Com marcas,Inexistentes,Passagem de peões,Inexistentes,Betuminoso,Fora da intersecção,Bom tempo,"Noite, com iluminação",Seco e limpo,0,0,1,Arruamento sem separador,Via Secundária,165,,Rua Castilho,Localização GPS,2019,3,7,19,Noite,Inverno,1,0,3,1,0,1,0,0,0,0,0,0,0,0,0,0,0,1,0,0,0,0,1,31,6
440,20191664878,2019-02-19 15:00:00,Terça-Feira,NÃO DEFINIDO,,,Direita,Dentro das localidades,Marvila,,Despiste,Despiste sem dispositivo de retenção,Recta,Em patamar,Sem berma ou impraticável,Em plena via,Em bom estado,Estrada sem separador,Sentido único,Sem marcas rodoviárias ou pouco visíveis,Inexistentes,Outros,Inexistentes,Betuminoso,Fora da intersecção,Chuva,Em pleno dia,Seco e limpo,0,0,1,Arruamento sem separador,Via Secundária,0,,Rua Engenheiro Cunha Leal,Sem GPS - não estimado,2019,2,19,15,Tarde,Inverno,1,0,3,1,1,0,0,0,0,0,0,0,0,0,0,0,0,1,0,0,0,0,0,,4
441,20191664900,2019-03-05 13:50:00,Terça-Feira,No sentido decrescente da quilometragem,,,Direita,Fora das localidades,Benfica,,Despiste,Despiste com dispositivo de retenção,Recta,Em patamar,Berma pavimentada,Em plena via,Em estado regular,Outra via,Sentido único,Com marcas,Inexistentes,Outros,Inexistentes,Betuminoso,Fora da intersecção,Chuva,Em pleno dia,Molhado,0,0,1,IC - Itinerário Complementar,IC19,,0.2,,Sem GPS - não estimado,2019,3,5,13,Tarde,Inverno,1,0,3,1,0,0,0,0,0,0,0,0,0,0,0,0,0,1,0,0,0,0,0,,4
442,20191664903,2019-03-02 21:50:00,Sábado,No sentido crescente da quilometragem,38.7311222,-9.1344077,Direita,Dentro das localidades,Arroios,,Despiste,Despiste sem dispositivo de retenção,Recta,Com inclinação,Berma pavimentada,Em plena via,Em estado regular,Outra via,Sentido único,Com marcas,Inexistentes,Outros,A funcionar normalmente,Betuminoso,Fora da intersecção,Bom tempo,"Noite, com iluminação",Seco e limpo,0,0,1,Arruamento com separador,Via Secundária,20,,Avenida Almirante Reis,Sem GPS - estimado,2019,3,2,21,Noite,Inverno,0,0,3,1,0,0,0,0,0,0,0,0,0,0,0,0,0,0,0,0,0,1,0,12,2
443,20191664905,2019-03-01 12:00:00,Sexta-Feira,No sentido crescente da quilometragem,,,Direita,Dentro das localidades,Parque das Nações,,Despiste,Despiste sem dispositivo de retenção,Recta,Em patamar,Berma pavimentada,Em plena via,Em estado regular,Outra via,Sentido único,Sem marcas rodoviárias ou pouco visíveis,Inexistentes,Outros,Inexistentes,Betuminoso,Fora da intersecção,Bom tempo,Em pleno dia,Seco e limpo,0,0,1,Arruamento com separador,Via Secundária,0,,Avenida Berlim,Sem GPS - não estimado,2019,3,1,12,Tarde,Inverno,1,0,3,1,0,0,0,0,0,0,0,0,0,0,0,0,0,0,0,1,0,0,0,,2
444,20191664948,2019-03-03 21:35:00,Domingo,NÃO DEFINIDO,38.7243654999999,-9.1170839,Esquerda,Dentro das localidades,Penha de França,,Atropelamento,Atropelamento de peões,Recta,Com inclinação,Berma pavimentada,Em plena via,Em estado regular,Estrada sem separador,Dois sentidos,Com marcas,Inexistentes,Passagem de peões,A funcionar normalmente,Betuminoso,Em entroncamento,Bom tempo,"Noite, com iluminação",Seco e limpo,0,0,1,Arruamento sem separador,Via Secundária,15,,Avenida Afonso III,Sem GPS - estimado,2019,3,3,21,Noite,Inverno,0,0,3,1,0,1,0,0,0,0,0,0,0,0,0,0,1,1,0,0,0,0,1,,3
445,20191664999,2019-02-24 18:30:00,Domingo,NÃO DEFINIDO,,,Direita,Dentro das localidades,Areeiro,,Colisão,Colisão lateral com outro veículo em movimento,Curva,Em patamar,Berma pavimentada,Em plena via,Em bom estado,Estrada sem separador,Sentido único,Com marcas,Inexistentes,Outros,A funcionar normalmente,Betuminoso,Em entroncamento,Bom tempo,"Noite, com iluminação",Seco e limpo,0,0,2,Arruamento sem separador,Via Secundária,0,,Praça Londres,Sem GPS - não estimado,2019,2,24,18,Noite,Inverno,0,0,6,2,1,0,0,0,0,0,0,0,0,0,0,0,0,1,0,1,0,0,0,,1
446,20191665028,2019-03-07 11:35:00,Quinta-Feira,No sentido decrescente da quilometragem,,,Direita,Dentro das localidades,Campo de Ourique,Lisboa,Colisão,Colisão lateral com outro veículo em movimento,Recta,Em patamar,Berma pavimentada,Em plena via,Em estado regular,Outra via,Sentido único,Com marcas,Inexistentes,Outros,Inexistentes,Betuminoso,Fora da intersecção,Bom tempo,Em pleno dia,Seco e limpo,0,0,1,Arruamento com separador,Via Secundária,0,,Avenida Engenheiro Duarte Pacheco,Sem GPS - não estimado,2019,3,7,11,Manhã,Inverno,1,0,3,2,0,0,0,0,0,0,0,0,0,0,0,0,0,1,0,1,0,0,0,,2
447,20191665029,2019-03-08 19:15:00,Sexta-Feira,NÃO DEFINIDO,38.7547521,-9.1180197,Central,Dentro das localidades,Marvila,Lisboa,Colisão,Colisão lateral com outro veículo em movimento,Recta,Em patamar,Berma pavimentada,Em plena via,Em bom estado,Estrada sem separador,Dois sentidos,Com marcas,Inexistentes,Outros,Inexistentes,Betuminoso,Fora da intersecção,Bom tempo,"Noite, com iluminação",Seco e limpo,0,0,1,Arruamento sem separador,Via Secundária,1,,Rua Engenheiro Ferreira Dias,Sem GPS - estimado,2019,3,8,19,Noite,Inverno,1,0,3,2,0,0,0,0,0,0,1,0,0,0,0,0,0,1,0,1,0,0,0,,6