,IdAcidente,Datahora,Dia da Semana,Sentidos,Latitude GPS,Longitude GPS,Via Trânsito,Localizações,Freguesia,Pov. Proxima,Tipo Natureza,Natureza,Tipo de Traçado,Inclinação do Traçado,Berma do Traçado,Localização do Traçado,Estado Conservação,Características Tecnicas,Reg Circulação,Marca Via,Obstáculos,Sinais,Sinais Luminosos,Tipo Piso,Intersecção Vias,Factores Atmosféricos,Luminosidade,Cond Aderência,VM,FG,FL,Tipos Vias,Via,Num arruamento,Km,Nome arruamento,Localização 2,Ano,Mês,Dia,Hora,Periodo,Estação,Dia Util,Gravidade,Indicador de Gravidade,Veículos envolvidos,Passageiros envolvidos,Peões envolvidos,Inf/Ação: Abertura de porta,Inf/Ação: Desrespeito da sinalização semafórica,Inf/Ação: Desrespeito da sinalização vertical,Inf/Ação: Desrespeito das distâncias de segurança,Inf/Ação: Desrespeito das marcas rodoviárias,Inf/Ação: Encandeamento,Inf/Ação: Manobra irregular,Inf/Ação: Não sinalização da manobra,Inf/Ação: Obstáculo imprevisto na faixa de rodagem,Inf/Ação: Rebentamento de pneumático,Inf/Ação: Velocidade excessiva para as condições existentes,Automóvel ligeiro,Automóvel pesado,Motociclos/Ciclomotores,Outros Veículos,Velocípedes,Peões,Numero Black Spot,Grupo Kmodes
773,20191672487,2019-04-17 09:30:00,Quarta-Feira,NÃO DEFINIDO,38.712086,-9.154867,Direita,Dentro das localidades,Estrela,Lisboa,Colisão,Colisão com veiculo ou obstáculo na faixa de rodagem,Recta,Com inclinação,Berma pavimentada,Em plena via,Em estado regular,Estrada sem separador,Dois sentidos,Sem marcas rodoviárias ou pouco visíveis,Inexistentes,Passagem de peões,Inexistentes,Calçada,Em cruzamento,Chuva,Em pleno dia,Molhado,0,0,1,Arruamento sem separador,Via Secundária,57,,Calçada Estrela,Localização GPS,2019,4,17,9,Manhã,Primavera,1,0,3,2,0,0,0,0,0,0,0,0,0,0,0,0,1,1,0,1,0,0,0,20,3
774,20191672490,2019-04-13 05:15:00,Sábado,NÃO DEFINIDO,,,Direita,Dentro das localidades,Estrela,,Colisão,Colisão com outras situações,Recta,Em patamar,Sem berma ou impraticável,Em plena via,Em estado regular,Estrada sem separador,Sentido único,Sem marcas rodoviárias ou pouco visíveis,Inexistentes,Stop,Inexistentes,Calçada,Fora da intersecção,Bom tempo,"Noite, com iluminação",Seco e limpo,0,0,1,Arruamento sem separador,Via Secundária,0,,Rua Cintura do Porto de Lisboa,Sem GPS - não estimado,2019,4,13,5,Madrugada,Primavera,0,0,3,2,0,0,1,0,0,1,0,0,0,0,0,0,0,1,0,0,0,0,0,,4
775,20191672526,2019-04-13 18:50:00,Sábado,NÃO DEFINIDO,38.756701,-9.1955454,Direita,Dentro das localidades,Carnide,Lisboa,Despiste,Despiste com colisão com veículo imobil. ou obstáculo,Recta,Em patamar,Berma pavimentada,Em plena via,Em bom estado,Estrada sem separador,Dois sentidos,Com marcas,Inexistentes,Outros,Inexistentes,Betuminoso,Em entroncamento,Bom tempo,Em pleno dia,Seco e limpo,0,0,1,Arruamento sem separador,Via Secundária,2,,Estrada Poço do Chão,Sem GPS - estimado,2019,4,13,18,Noite,Primavera,0,0,3,1,0,0,0,0,0,0,0,0,0,0,0,0,1,1,0,0,0,0,0,,6
776,20191672544,2019-04-12 22:20:00,Sexta-Feira,NÃO DEFINIDO,,,Direita,Dentro das localidades,Marvila,,Despiste,Despiste sem dispositivo de retenção,Recta,Com inclinação,Sem berma ou impraticável,Em plena via,Em bom estado,Estrada sem separador,Dois sentidos,Sem marcas rodoviárias ou pouco visíveis,Inexistentes,Outros,Inexistentes,Betuminoso,Em cruzamento,Bom tempo,"Noite, com iluminação",Seco e limpo,0,0,1,Arruamento sem separador,Via Secundária,0,,Rua Vale Formoso de Cima,Sem GPS - não estimado,2019,4,12,22,Noite,Primavera,1,0,3,1,0,0,0,0,0,0,0,0,0,0,0,0,1,0,0,1,0,0,0,,5
777,20191672561,2019-04-14 20:36:00,Domingo,No sentido decrescente da quilometragem,,,Direita,Dentro das localidades,Arroios,,Despiste,Despiste sem dispositivo de retenção,Recta,Em patamar,Berma pavimentada,Em plena via,Em estado regular,Outra via,Sentido único,Com marcas,Inexistentes,NÃO DEFINIDO,Inexistentes,Betuminoso,Em cruzamento,Bom tempo,"Noite, com iluminação",Seco e limpo,0,0,1,Arruamento com separador,Via Secundária,0,,Avenida Casal Ribeiro,Sem GPS - não estimado,2019,4,14,20,Noite,Primavera,0,0,3,1,1,0,0,0,0,0,0,0,0,0,0,0,0,1,0,0,0,0,0,,2
778,20191672578,2019-04-11 09:50:00,Quinta-Feira,NÃO DEFINIDO,,,Direita,Dentro das localidades,Alvalade,,Colisão,Colisão com outras situações,Recta,Em patamar,Sem berma ou impraticável,Em plena via,Em bom estado,Estrada sem separador,Sentido único,Sem marcas rodoviárias ou pouco visíveis,Inexistentes,Cedência de passagem,Inexistentes,Betuminoso,Fora da intersecção,Bom tempo,Em pleno dia,Seco e limpo,0,0,1,Arruamento sem separador,Via Secundária,0,,Alameda Universidade,Sem GPS - não estimado,2019,4,11,9,Manhã,Primavera,1,0,3,2,0,0,0,0,0,1,0,0,0,0,0,0,0,1,0,0,0,0,0,,4
779,20191672603,2019-04-18 19:30:00,Quinta-Feira,No sentido crescente da quilometragem,38.7273876,-9.14844669999999,Direita,Dentro das localidades,Avenidas Novas,,Atropelamento,Atropelamento de peões,Recta,Com inclinação,Sem berma ou impraticável,Em plena via,Em bom estado,Outra via,Dois sentidos,Com marcas,Inexistentes,NÃO DEFINIDO,Inexistentes,Betuminoso,Fora da intersecção,Bom tempo,Em pleno dia,Seco e limpo,0,0,1,Arruamento com separador,Via Secundária,8,,Avenida Fontes Pereira de Melo,Sem GPS - estimado,2019,4,18,19,Noite,Primavera,1,0,3,1,0,1,0,0,0,0,0,0,0,0,0,0,0,1,0,0,0,0,1,,0
780,20191672612,2019-04-17 17:00:00,Quarta-Feira,NÃO DEFINIDO,38.7680912,-9.1070376,Direita,Dentro das localidades,Parque das Nações,Lisboa,Atropelamento,Atropelamento de peões,Recta,Em patamar,Sem berma ou impraticável,Em plena via,Em bom estado,Estrada sem separador,Dois sentidos,Sem marcas rodoviárias ou pouco visíveis,Inexistentes,Outros,Inexistentes,Betuminoso,Fora da intersecção,Bom tempo,Em pleno dia,Seco e limpo,0,0,1,Arruamento sem separador,Via Secundária,0,,Avenida Berlim,Sem GPS - estimado,2019,4,17,17,Tarde,Primavera,1,0,3,1,0,1,0,0,0,0,0,0,0,0,0,0,0,1,0,0,0,0,1,,5
781,20191672635,2019-04-15 00:30:00,Segunda-Feira,NÃO DEFINIDO,,,Direita,Dentro das localidades,Marvila,,Despiste,Despiste com colisão com veículo imobil. ou obstáculo,Recta,Em patamar,Berma pavimentada,Em plena via,Em bom estado,Estrada sem separador,Dois sentidos,Com marcas,Inexistentes,Outros,Inexistentes,Betuminoso,Fora da intersecção,Bom tempo,"Noite, com iluminação",Seco e limpo,0,0,2,Arruamento sem separador,Via Secundária,0,,Avenida Paulo VI,Sem GPS - não estimado,2019,4,15,0,Madrugada,Primavera,1,0,6,2,1,0,0,0,0,0,0,0,0,0,0,0,0,1,1,0,0,0,0,,6
782,20191672646,2019-04-14 18:20:00,Domingo,No sentido crescente da quilometragem,,,Direita,Fora das localidades,Lumiar,Lisboa,Despiste,Despiste com dispositivo de retenção,Recta,Com inclinação,Berma pavimentada,Em plena via,Em bom estado,Outra via,Sentido único,Com marcas,Inexistentes,Outros,Inexistentes,Betuminoso,Fora da intersecção,Bom tempo,Em pleno dia,Molhado,0,0,1,IP - Itinerário Principal,IP7,,4.6,,Sem GPS - não estimado,2019,4,14,18,Noite,Primavera,0,0,3,1,0,0,0,0,0,0,0,0,0,0,0,0,0,0,0,1,0,0,0,,0
783,20191672661,2019-04-17 13:10:00,Quarta-Feira,No sentido decrescente da quilometragem,,,Direita,Dentro das localidades,São Domingos de Benfica,,Despiste,Despiste sem dispositivo de retenção,Recta,Com inclinação,Sem berma ou impraticável,Em plena via,Em bom estado,Outra via,Dois sentidos,Com marcas,Inexistentes,NÃO DEFINIDO,Inexistentes,Betuminoso,Em ramo de ligação - entrada,Chuva,Em pleno dia,Molhado,0,0,1,Arruamento com separador,2ª Circular,0,,Avenida Eusébio da Silva Ferreira,Sem GPS - não estimado,2019,4,17,13,Tarde,Primavera,1,0,3,1,0,0,0,0,0,0,0,0,0,0,0,0,1,0,0,1,0,0,0,,0
784,20191672690,2019-04-13 20:30:00,Sábado,NÃO DEFINIDO,38.7153427,-9.13805739999999,Direita,Dentro das localidades,Santa Maria Maior,,Atropelamento,Atropelamento de peões,Recta,Com inclinação,Sem berma ou impraticável,No passeio,Em estado regular,Estrada sem separador,Sentido único,Sem marcas rodoviárias ou pouco visíveis,Inexistentes,Outros,Inexistentes,Calçada,Fora da intersecção,Chuva,"Noite, com iluminação",Molhado,0,0,2,Arruamento sem separador,Via Secundária,27,,Calçada Garcia,Sem GPS - estimado,2019,4,13,20,Noite,Primavera,0,0,6,1,0,2,0,0,0,0,0,0,0,0,0,0,0,1,0,0,0,0,1,11,3
785,20191672774,2019-03-31 21:35:00,Domingo,No sentido decrescente da quilometragem,,,Esquerda,Dentro das localidades,São Domingos de Benfica,Lisboa,Colisão,Colisão com veiculo ou obstáculo na faixa de rodagem,Recta,Em patamar,Sem berma ou impraticável,Em plena via,Em estado regular,Outra via,Sentido único,Com marcas,Inexistentes,Outros,Inexistentes,Betuminoso,Fora da intersecção,Chuva,"Noite, com iluminação",Molhado,0,0,1,Arruamento com separador,Via Secundária,0.00,,Avenida Lusíada,Sem GPS - não estimado,2019,3,31,21,Noite,Primavera,0,0,3,4,0,0,0,0,0,0,0,0,0,0,0,0,1,1,0,0,0,0,0,,2
786,20191672780,2019-04-18 11:15:00,Quinta-Feira,No sentido crescente da quilometragem,,,Direita,Dentro das localidades,Lumiar,,Despiste,Despiste com dispositivo de retenção,Recta,Em patamar,Berma pavimentada,Em plena via,Em estado regular,Outra via,Sentido único,Com marcas,Inexistentes,Outros,Inexistentes,Betuminoso,Fora da intersecção,Chuva,Em pleno dia,Molhado,0,0,1,IP - Itinerário Principal,IP7,,6.2,,Sem GPS - não estimado,2019,4,18,11,Manhã,Primavera,1,0,3,1,0,0,0,0,0,0,0,0,0,0,0,0,0,0,0,1,0,0,0,,4
787,20191672854,2019-04-19 15:45:00,Sexta-Feira,No sentido crescente da quilometragem,38.7463753999999,-9.1405764,Esquerda,Dentro das localidades,Areeiro,,Atropelamento,Atropelamento de peões,Recta,Em patamar,Berma pavimentada,Em plena via,Em bom estado,Outra via,Sentido único,Com marcas,Inexistentes,NÃO DEFINIDO,A funcionar normalmente,Betuminoso,Fora da intersecção,Bom tempo,Em pleno dia,Seco e limpo,0,0,1,Arruamento com separador,Via Secundária,41,,Avenida Roma,Sem GPS - estimado,2019,4,19,15,Tarde,Primavera,0,0,3,1,0,1,0,0,0,0,0,0,0,0,0,0,0,1,0,0,0,0,1,,2
788,20191672910,2019-04-16 17:40:00,Terça-Feira,NÃO DEFINIDO,,,Direita,Dentro das localidades,Marvila,Lisboa,Colisão,Colisão com outras situações,Curva,Com inclinação,Sem berma ou impraticável,Em plena via,Em bom estado,Outra via,Sentido único,Sem marcas rodoviárias ou pouco visíveis,Inexistentes,Outros,Inexistentes,Betuminoso,Em entroncamento,Bom tempo,Em pleno dia,Seco e limpo,0,0,1,Arruamento com separador,Via Secundária,0,,Avenida Santo Condestável,Sem GPS - não estimado,2019,4,16,17,Tarde,Primavera,1,0,3,2,0,0,0,0,0,0,0,0,0,0,0,0,0,1,0,1,0,0,0,,0
789,20191672960,2019-04-15 13:00:00,Segunda-Feira,NÃO DEFINIDO,38.7537577,-9.2031004,Direita,Dentro das localidades,Benfica,Lisboa,Atropelamento,Atropelamento de peões,Recta,Com inclinação,Sem berma ou impraticável,Em plena via,Em bom estado,Estrada sem separador,Dois sentidos,Sem marcas rodoviárias ou pouco visíveis,Inexistentes,NÃO DEFINIDO,Inexistentes,Betuminoso,Fora da intersecção,Bom tempo,Em pleno dia,Seco e limpo,0,0,1,Arruamento sem separador,Via Secundária,53,,Calçada Tojal,Sem GPS - estimado,2019,4,15,13,Tarde,Primavera,1,0,3,1,0,1,0,0,0,0,0,0,0,0,0,0,0,1,0,0,0,0,1,,5
790,20191672972,2019-04-20 14:15:00,Sábado,NÃO DEFINIDO,38.7519901,-9.2060682,Direita,Dentro das localidades,Benfica,Lisboa,Atropelamento,Atropelamento de peões,Recta,Em patamar,Berma pavimentada,Em plena via,Em bom estado,Estrada sem separador,Sentido único,Sem marcas rodoviárias ou pouco visíveis,Inexistentes,Outros,Inexistentes,Betuminoso,Fora da intersecção,Bom tempo,Em pleno dia,Seco e limpo,0,0,1,Arruamento sem separador,Via Secundária,4,,Estrada A-da-Maia,Sem GPS - estimado,2019,4,20,14,Tarde,Primavera,0,0,3,1,0,1,0,0,0,0,0,0,0,0,0,0,0,1,0,0,0,0,1,,4
791,20191672973,2019-04-20 16:50:00,Sábado,NÃO DEFINIDO,,,Direita,Dentro das localidades,Santa Maria Maior,,Despiste,Despiste sem dispositivo de retenção,Recta,Em patamar,Sem berma ou impraticável,Em plena via,Em estado regular,Estrada sem separador,Dois sentidos,Com marcas,Inexistentes,NÃO DEFINIDO,Inexistentes,Betuminoso,Em entroncamento,Bom tempo,Em pleno dia,Seco e limpo,0,0,2,Arruamento sem separador,Via Secundária,0,,Rua da Alfândega,Sem GPS - não estimado,2019,4,20,16,Tarde,Primavera,0,0,6,1,1,0,0,0,0,0,0,0,0,0,0,0,0,0,0,1,0,0,0,,5
792,20191673021,2019-04-15 19:40:00,Segunda-Feira,No sentido decrescente da quilometragem,,,Esquerda,Fora das localidades,Alcântara,Lisboa,Colisão,Colisão choque em cadeia,Recta,Em patamar,Berma pavimentada,Em plena via,Em bom estado,Outra via,Sentido único,Com marcas,Inexistentes,Outros,Inexistentes,Betuminoso,Fora da intersecção,Bom tempo,Aurora ou crepúsculo,Seco e limpo,0,0,1,IP - Itinerário Principal,IP7,,0.7,,Sem GPS - não estimado,2019,4,15,19,Noite,Primavera,1,0,3,3,1,0,0,0,0,0,0,0,0,0,0,0,0,1,0,0,0,0,0,,0
793,20191673091,2019-04-21 18:00:00,Domingo,No sentido crescente da quilometragem,38.7738799,-9.0975189,Direita,Dentro das localidades,Parque das Nações,Lisboa,Despiste,Despiste sem dispositivo de retenção,Recta,Com inclinação,Berma pavimentada,Em plena via,Em estado regular,Outra via,Sentido único,Com marcas,Inexistentes,Outros,A funcionar normalmente,Betuminoso,Fora da intersecção,Bom tempo,Em pleno dia,Seco e limpo,0,0,2,Arruamento com separador,Via Secundária,88,,Avenida Dom João II,Sem GPS - estimado,2019,4,21,18,Noite,Primavera,0,0,6,1,1,0,0,0,0,0,0,0,0,0,0,0,1,0,0,1,0,0,0,3,2
794,20191673092,2019-04-22 22:35:00,Segunda-Feira,NÃO DEFINIDO,,,Esquerda,Dentro das localidades,Areeiro,Lisboa,Colisão,Colisão com outras situações,Recta,Em patamar,Berma pavimentada,Em plena via,Em estado regular,Estrada sem separador,Dois sentidos,Com marcas,Inexistentes,NÃO DEFINIDO,A funcionar normalmente,Betuminoso,Em cruzamento,Chuva,"Noite, com iluminação",Molhado,0,0,3,Arruamento sem separador,Via Secundária,0,,Avenida Almirante Gago Coutinho,Sem GPS - não estimado,2019,4,22,22,Noite,Primavera,1,0,9,2,2,0,0,1,0,0,0,0,0,0,0,0,0,1,0,0,0,0,0,,3
795,20191673098,2019-04-18 05:00:00,Quinta-Feira,NÃO DEFINIDO,38.7275103,-9.1386211,Direita,Dentro das localidades,Arroios,,Despiste,Despiste com colisão com veículo imobil. ou obstáculo,Recta,Com inclinação,Berma pavimentada,Em plena via,Em estado regular,Estrada sem separador,Dois sentidos,Com marcas,Inexistentes,NÃO DEFINIDO,Inexistentes,Betuminoso,Fora da intersecção,Bom tempo,"Noite, com iluminação",Seco e limpo,0,0,1,Arruamento sem separador,Via Secundária,1,,Rua Jacinta Marto,Sem GPS - estimado,2019,4,18,5,Madrugada,Primavera,1,0,3,2,0,0,0,0,0,0,0,0,0,0,0,0,0,1,0,0,0,0,0,15,3
796,20191673103,2019-04-21 12:30:00,Domingo,No sentido crescente da quilometragem,38.7174086,-9.1355433,Direita,Dentro das localidades,Santa Maria Maior,,Colisão,Colisão com outras situações,Recta,Com inclinação,Berma pavimentada,Em plena via,Em estado regular,Outra via,Sentido único,Com marcas,Insuficentemente sinalizados,Outros,Inexistentes,Betuminoso,Fora da intersecção,Bom tempo,Em pleno dia,Seco e limpo,0,0,1,Arruamento com separador,Via Secundária,208,,Rua Palma,Sem GPS - estimado,2019,4,21,12,Tarde,Primavera,0,0,3,1,1,0,0,0,0,0,0,0,0,0,0,0,0,0,0,0,1,0,0,,0
797,20191673155,2019-04-18 22:40:00,Quinta-Feira,NÃO DEFINIDO,38.721411,-9.149851,Direita,Dentro das localidades,Santo António,,Colisão,Colisão com veiculo ou obstáculo na faixa de rodagem,Recta,Em patamar,Berma pavimentada,Em plena via,Em estado regular,Estrada sem separador,Sentido único,Sem marcas rodoviárias ou pouco visíveis,Inexistentes,Outros,Inexistentes,Betuminoso,Fora da intersecção,Bom tempo,"Noite, com iluminação",Seco e limpo,0,0,1,Arruamento sem separador,Via Secundária,45,,Rua Rosa Araújo,Localização GPS,2019,4,18,22,Noite,Primavera,1,0,3,3,0,0,0,0,0,0,0,0,0,0,0,0,1,1,0,1,0,0,0,13,4
798,20191673156,2019-04-17 10:30:00,Quarta-Feira,No sentido crescente da quilometragem,38.7246575,-9.1548161,Direita,Dentro das localidades,Avenidas Novas,,Despiste,Despiste sem dispositivo de retenção,Recta,Com inclinação,Berma pavimentada,Em plena via,Em estado regular,Outra via,Sentido único,Sem marcas rodoviárias ou pouco visíveis,Inexistentes,Outros,Inexistentes,Calçada,Fora da intersecção,Bom tempo,Em pleno dia,Seco e limpo,0,0,1,Arruamento com separador,Via Secundária,153,,Rua Rodrigo da Fonseca,Sem GPS - estimado,2019,4,17,10,Manhã,Primavera,1,0,3,1,0,0,0,0,0,0,0,0,0,0,0,0,0,0,0,1,0,0,0,,0
799,20191673169,2019-04-21 11:40:00,Domingo,No sentido crescente da quilometragem,38.7384924,-9.1641549,Direita,Dentro das localidades,Campolide,Lisboa,Colisão,Colisão lateral com outro veículo em movimento,Recta,Em patamar,Berma pavimentada,Em plena via,Em estado regular,Outra via,Sentido único,Com marcas,Inexistentes,Outros,A funcionar normalmente,Betuminoso,Em cruzamento,Bom tempo,Em pleno dia,Seco e limpo,0,0,1,Arruamento com separador,Via Secundária,87,,Avenida Columbano Bordalo Pinheiro,Sem GPS - estimado,2019,4,21,11,Manhã,Primavera,0,0,3,2,0,0,0,0,0,0,0,0,0,0,0,0,0,1,0,1,0,0,0,62,2
800,20191673181,2019-04-19 23:10:00,Sexta-Feira,NÃO DEFINIDO,38.7272036,-9.1370553,Esquerda,Dentro das localidades,Arroios,Lisboa,Colisão,Colisão traseira com outro veículo em movimento,Recta,Com inclinação,Berma pavimentada,Em plena via,Em estado regular,Estrada sem separador,Dois sentidos,Com marcas,Inexistentes,Outros,A funcionar normalmente,Betuminoso,Fora da intersecção,Bom tempo,"Noite, com iluminação",Seco e limpo,0,0,1,Arruamento sem separador,Via Secundária,2,,Rua Jacinta Marto,Sem GPS - estimado,2019,4,19,23,Noite,Primavera,0,0,3,2,1,0,0,0,0,0,0,0,0,0,0,0,0,1,0,1,0,0,0,15,3
801,20191673192,2019-04-18 11:30:00,Quinta-Feira,No sentido crescente da quilometragem,38.7301211,-9.1473217,Direita,Dentro das localidades,Arroios,Lisboa,Colisão,Colisão traseira com outro veículo em movimento,Recta,Em patamar,Berma pavimentada,Em plena via,Em estado regular,Outra via,Sentido único,Com marcas,Inexistentes,NÃO DEFINIDO,Inexistentes,Betuminoso,Fora da intersecção,Chuva,Em pleno dia,Molhado,0,0,2,Arruamento com separador,Via Secundária,25,,Avenida Fontes Pereira de Melo,Sem GPS - estimado,2019,4,18,11,Manhã,Primavera,1,0,6,3,2,0,0,0,0,0,0,0,0,0,0,0,0,1,0,0,0,0,0,22,2
802,20191673193,2019-04-18 11:00:00,Quinta-Feira,NÃO DEFINIDO,38.7181633,-9.1321983,Direita,Dentro das localidades,São Vicente,Lisboa,Despiste,Despiste sem dispositivo de retenção,Recta,Com inclinação,Berma pavimentada,Em plena via,Em estado regular,Estrada sem separador,Sentido único,Sem marcas rodoviárias ou pouco visíveis,Inexistentes,Outros,Inexistentes,Calçada,Fora da intersecção,Bom tempo,Em pleno dia,Seco e limpo,0,0,4,Arruamento sem separador,Via Secundária,25,,Calçada Monte,Sem GPS - estimado,2019,4,18,11,Manhã,Primavera,1,0,12,1,4,0,0,0,0,0,0,0,0,0,0,0,0,0,0,0,1,0,0,,1
803,20191673209,2019-04-12 16:30:00,Sexta-Feira,NÃO DEFINIDO,,,Direita,Dentro das localidades,Beato,Lisboa,Colisão,Colisão com outras situações,Recta,Em patamar,Berma pavimentada,Em plena via,Em estado regular,Estrada sem separador,Sentido único,Sem marcas rodoviárias ou pouco visíveis,Inexistentes,NÃO DEFINIDO,Inexistentes,Betuminoso,Fora da intersecção,Bom tempo,Em pleno dia,Seco e limpo,0,0,1,Arruamento sem separador,Via Secundária,0,,Estrada Marvila,Sem GPS - não estimado,2019,4,12,16,Tarde,Primavera,1,0,3,2,0,0,0,0,0,0,0,0,0,0,0,0,0,1,0,0,0,1,0,,4
804,20191673244,2019-04-22 11:30:00,Segunda-Feira,NÃO DEFINIDO,38.7227676999999,-9.1440533,Direita,Dentro das localidades,Santo António,,Atropelamento,Atropelamento de peões,Recta,Em patamar,Berma pavimentada,Em plena via,Em estado regular,Estrada sem separador,Sentido único,Sem marcas rodoviárias ou pouco visíveis,Inexistentes,Outros,Inexistentes,Betuminoso,Fora da intersecção,Bom tempo,Em pleno dia,Seco e limpo,0,0,1,Arruamento sem separador,Via Secundária,114,,Rua Passadiço,Sem GPS - estimado,2019,4,22,11,Manhã,Primavera,1,0,3,1,0,1,0,0,0,0,0,0,1,0,0,0,0,1,0,0,0,0,1,,4
805,20191673332,2019-04-18 14:30:00,Quinta-Feira,NÃO DEFINIDO,38.752734,-9.145558,Direita,Dentro das localidades,Alvalade,Lisboa,Despiste,Despiste com capotamento,Recta,Em patamar,Berma pavimentada,Em plena via,Em bom estado,Estrada sem separador,Dois sentidos,Com marcas,Inexistentes,Outros,Inexistentes,Betuminoso,Fora da intersecção,Chuva,Em pleno dia,Molhado,0,0,2,Arruamento sem separador,Via Secundária,46,,Avenida Igreja,Localização GPS,2019,4,18,14,Tarde,Primavera,1,0,6,4,1,0,0,0,0,0,0,0,0,0,0,0,0,1,0,0,0,0,0,45,6
806,20191673334,2019-04-17 12:45:00,Quarta-Feira,NÃO DEFINIDO,,,Direita,Dentro das localidades,São Domingos de Benfica,Lisboa,Despiste,Despiste sem dispositivo de retenção,Curva,Em patamar,Sem berma ou impraticável,Em plena via,Em mau estado,Estrada sem separador,Sentido único,Sem marcas rodoviárias ou pouco visíveis,Inexistentes,Outros,Inexistentes,Betuminoso,Fora da intersecção,Bom tempo,Em pleno dia,Seco e limpo,0,0,1,Arruamento sem separador,Via Secundária,0,,Rua Francisco Gentil Martins,Sem GPS - não estimado,2019,4,17,12,Tarde,Primavera,1,0,3,1,0,0,0,0,0,0,0,0,0,0,0,0,0,0,0,0,0,1,0,,1
807,20191673337,2019-04-18 08:10:00,Quinta-Feira,NÃO DEFINIDO,38.7577184,-9.1413995,Direita,Dentro das localidades,Alvalade,,Atropelamento,Atropelamento de peões,Recta,Com inclinação,Sem berma ou impraticável,No passeio,Em bom estado,Estrada sem separador,Dois sentidos,Com marcas,Inexistentes,Outros,Inexistentes,Betuminoso,Fora da intersecção,Bom tempo,Em pleno dia,Seco e limpo,0,0,1,Arruamento sem separador,Via Secundária,154,,Avenida Brasil,Sem GPS - estimado,2019,4,18,8,Manhã,Primavera,1,0,3,1,0,1,0,0,0,0,0,0,0,0,0,0,0,0,0,0,0,1,1,60,5
808,20191673447,2019-04-18 17:10:00,Quinta-Feira,NÃO DEFINIDO,38.71255,-9.1560756,Direita,Dentro das localidades,Estrela,,Despiste,Despiste sem dispositivo de retenção,Recta,Com inclinação,Berma pavimentada,Em plena via,Em bom estado,Estrada sem separador,Dois sentidos,Com marcas,Inexistentes,Outros,Intermitente,Calçada,Fora da intersecção,Chuva,Em pleno dia,Molhado,0,0,1,Arruamento sem separador,Via Secundária,112,,Calçada Estrela,Sem GPS - estimado,2019,4,18,17,Tarde,Primavera,1,0,3,1,0,0,0,0,0,0,0,0,0,0,0,0,0,0,0,1,0,0,0,20,3
809,20191673465,2019-04-19 13:25:00,Sexta-Feira,NÃO DEFINIDO,,,Direita,Dentro das localidades,Santa Maria Maior,,Colisão,Colisão traseira com outro veículo em movimento,Recta,Em patamar,Berma pavimentada,Em plena via,Em estado regular,Estrada sem separador,Dois sentidos,Com marcas,Inexistentes,Outros,Inexistentes,Calçada,Fora da intersecção,Chuva,Em pleno dia,Molhado,0,0,3,Arruamento sem separador,Via Secundária,0,,Avenida Ribeira das Naus,Sem GPS - não estimado,2019,4,19,13,Tarde,Primavera,0,0,9,2,2,0,0,0,0,0,0,0,0,0,0,0,0,1,0,0,1,0,0,,6
810,20191673473,2019-04-17 12:25:00,Quarta-Feira,No sentido crescente da quilometragem,,,Direita,Fora das localidades,Alcântara,Lisboa,Despiste,Despiste com dispositivo de retenção,Recta,Em patamar,Berma pavimentada,Em plena via,Em bom estado,Auto-estrada,Sentido único,Com marcas,Inexistentes,Outros,Inexistentes,Betuminoso,Fora da intersecção,Chuva,Em pleno dia,Molhado,0,0,1,A  - Auto-Estrada,A2-PNT25ABRIL,,2.8,,Sem GPS - não estimado,2019,4,17,12,Tarde,Primavera,1,0,3,1,0,0,0,0,0,0,0,0,0,0,0,0,0,1,0,0,0,0,0,,0
811,20191673503,2019-04-04 16:30:00,Quinta-Feira,NÃO DEFINIDO,38.750931,-9.1911512,Direita,Dentro das localidades,Benfica,Lisboa,Colisão,Colisão frontal,Curva,Com inclinação,Sem berma ou impraticável,Em plena via,Em estado regular,Estrada sem separador,Dois sentidos,Com marcas,Inexistentes,Outros,A funcionar normalmente,Betuminoso,Fora da intersecção,Chuva,Em pleno dia,Molhado,0,0,2,Arruamento sem separador,Via Secundária,15,,Avenida Colégio Militar,Sem GPS - estimado,2019,4,4,16,Tarde,Primavera,1,0,6,2,0,0,0,0,0,0,0,0,1,0,0,0,0,1,0,0,0,0,0,38,5
812,20191673512,2019-04-04 10:30:00,Quinta-Feira,NÃO DEFINIDO,38.7007052,-9.1825834,Central,Dentro das localidades,Belém,Lisboa,Colisão,Colisão frontal,Recta,Em patamar,Sem berma ou impraticável,Em plena via,Em estado regular,Estrada sem separador,Dois sentidos,Com marcas,Inexistentes,Passagem de peões,A funcionar normalmente,Betuminoso,Fora da intersecção,Bom tempo,Em pleno dia,Seco e limpo,0,0,1,Arruamento sem separador,Via Secundária,46,,Rua Junqueira,Sem GPS - estimado,2019,4,4,10,Manhã,Primavera,1,0,3,2,0,0,0,0,0,0,0,0,1,0,0,0,0,1,0,1,0,0,0,50,5