,IdAcidente,Datahora,Dia da Semana,Sentidos,Latitude GPS,Longitude GPS,Via Trânsito,Localizações,Freguesia,Pov. Proxima,Tipo Natureza,Natureza,Tipo de Traçado,Inclinação do Traçado,Berma do Traçado,Localização do Traçado,Estado Conservação,Características Tecnicas,Reg Circulação,Marca Via,Obstáculos,Sinais,Sinais Luminosos,Tipo Piso,Intersecção Vias,Factores Atmosféricos,Luminosidade,Cond Aderência,VM,FG,FL,Tipos Vias,Via,Num arruamento,Km,Nome arruamento,Localização 2,Ano,Mês,Dia,Hora,Periodo,Estação,Dia Util,Gravidade,Indicador de Gravidade,Veículos envolvidos,Passageiros envolvidos,Peões envolvidos,Inf/Ação: Abertura de porta,Inf/Ação: Desrespeito da sinalização semafórica,Inf/Ação: Desrespeito da sinalização vertical,Inf/Ação: Desrespeito das distâncias de segurança,Inf/Ação: Desrespeito das marcas rodoviárias,Inf/Ação: Encandeamento,Inf/Ação: Manobra irregular,Inf/Ação: Não sinalização da manobra,Inf/Ação: Obstáculo imprevisto na faixa de rodagem,Inf/Ação: Rebentamento de pneumático,Inf/Ação: Velocidade excessiva para as condições existentes,Automóvel ligeiro,Automóvel pesado,Motociclos/Ciclomotores,Outros Veículos,Velocípedes,Peões,Numero Black Spot,Grupo Kmodes
813,20191673561,2019-04-22 04:15:00,Segunda-Feira,NÃO DEFINIDO,38.7182224,-9.1522088,Direita,Dentro das localidades,Misericórdia,,Despiste,Despiste com dispositivo de retenção,Recta,Em patamar,Sem berma ou impraticável,Em plena via,Em bom estado,Estrada sem separador,Dois sentidos,Com marcas,Inexistentes,Outros,Inexistentes,Betuminoso,Em via de aceleração,Chuva,"Noite, com iluminação",Molhado,0,0,1,Arruamento sem separador,Via Secundária,141,,Rua Escola Politécnica,Sem GPS - estimado,2019,4,22,4,Madrugada,Primavera,1,0,3,1,1,0,0,0,0,0,0,0,0,0,0,0,0,1,0,0,0,0,0,21,3
814,20191673623,2019-04-21 22:40:00,Domingo,NÃO DEFINIDO,38.7159945,-9.1614283,Direita,Dentro das localidades,Campo de Ourique,,Colisão,Colisão traseira com outro veículo em movimento,Recta,Com inclinação,Berma pavimentada,Em plena via,Em estado regular,Estrada sem separador,Sentido único,Sem marcas rodoviárias ou pouco visíveis,Inexistentes,Outros,Inexistentes,Calçada,Fora da intersecção,Bom tempo,"Noite, com iluminação",Seco e limpo,0,0,1,Arruamento sem separador,Via Secundária,71,,Rua Estrela,Sem GPS - estimado,2019,4,21,22,Noite,Primavera,0,0,3,2,0,0,0,0,0,0,0,0,0,0,0,0,0,1,0,1,0,0,0,,1
815,20191673638,2019-04-20 18:30:00,Sábado,No sentido decrescente da quilometragem,,,Central,Dentro das localidades,Lumiar,Lisboa,Colisão,Colisão traseira com outro veículo em movimento,Recta,Em patamar,Berma pavimentada,Em plena via,Em bom estado,Outra via,Sentido único,Com marcas,Inexistentes,Outros,Inexistentes,Betuminoso,Fora da intersecção,Bom tempo,Em pleno dia,Seco e limpo,0,1,0,IP - Itinerário Principal,IP7,,3.6,,Sem GPS - não estimado,2019,4,20,18,Noite,Primavera,0,1,10,2,0,0,0,0,0,0,0,0,1,0,0,0,0,1,0,1,0,0,0,,0
816,20191673717,2019-04-22 21:20:00,Segunda-Feira,NÃO DEFINIDO,38.7049549,-9.1774709,Direita,Dentro das localidades,Alcântara,,Colisão,Colisão com outras situações,Recta,Em patamar,Sem berma ou impraticável,Em plena via,Em bom estado,Estrada sem separador,Dois sentidos,Com marcas,Inexistentes,Outros,Inexistentes,Betuminoso,Em cruzamento,Chuva,"Noite, com iluminação",Molhado,0,0,1,Arruamento sem separador,Via Secundária,30,,Largo Calvário,Sem GPS - estimado,2019,4,22,21,Noite,Primavera,1,0,3,2,1,0,0,0,0,0,0,0,0,0,0,0,1,1,1,0,0,0,0,16,3
817,20191673723,2019-04-25 12:10:00,Quinta-Feira,No sentido decrescente da quilometragem,,,Direita,Dentro das localidades,São Domingos de Benfica,Lisboa,Despiste,Despiste sem dispositivo de retenção,Curva,Com inclinação,Berma pavimentada,Em plena via,Em bom estado,Outra via,Sentido único,Com marcas,Inexistentes,Outros,Inexistentes,Betuminoso,Fora da intersecção,Chuva,Em pleno dia,Molhado,0,0,2,IC - Itinerário Complementar,IC19,,0.1,,Sem GPS - não estimado,2019,4,25,12,Tarde,Primavera,0,0,6,1,1,0,0,0,0,0,0,0,0,0,0,0,0,0,0,1,0,0,0,,0
818,20191673727,2019-04-22 21:10:00,Segunda-Feira,NÃO DEFINIDO,38.7237533,-9.1288295,Direita,Dentro das localidades,Penha de França,,Colisão,Colisão lateral com outro veículo em movimento,Recta,Em patamar,Berma pavimentada,Em plena via,Em bom estado,Estrada sem separador,Dois sentidos,Sem marcas rodoviárias ou pouco visíveis,Inexistentes,Outros,Inexistentes,Betuminoso,Fora da intersecção,Chuva,"Noite, com iluminação",Molhado,0,0,1,Arruamento sem separador,Via Secundária,5,,Avenida General Roçadas,Sem GPS - estimado,2019,4,22,21,Noite,Primavera,1,0,3,2,0,0,0,0,0,0,0,0,0,0,0,0,0,1,0,0,0,0,0,4,3
819,20191673730,2019-04-22 23:30:00,Segunda-Feira,NÃO DEFINIDO,,,Direita,Dentro das localidades,Estrela,,Colisão,Colisão com outras situações,Curva,Em patamar,Sem berma ou impraticável,No passeio,Em bom estado,Estrada sem separador,Dois sentidos,Sem marcas rodoviárias ou pouco visíveis,Inexistentes,Outros,Inexistentes,Betuminoso,Fora da intersecção,Chuva,"Noite, com iluminação",Molhado,0,0,2,Arruamento sem separador,Via Secundária,0,,Largo Necessidades,Sem GPS - não estimado,2019,4,22,23,Noite,Primavera,1,0,6,2,0,0,0,0,0,0,0,0,1,0,0,0,0,1,0,0,0,0,0,,3
820,20191673766,2019-04-20 11:20:00,Sábado,NÃO DEFINIDO,38.7043306,-9.1932622,Direita,Dentro das localidades,Ajuda,Lisboa,Despiste,Despiste com colisão com veículo imobil. ou obstáculo,Curva,Com inclinação,Berma pavimentada,Em plena via,Em estado regular,Estrada sem separador,Dois sentidos,Sem marcas rodoviárias ou pouco visíveis,Inexistentes,NÃO DEFINIDO,Inexistentes,Betuminoso,Em entroncamento,Bom tempo,Em pleno dia,Seco e limpo,0,0,1,Arruamento sem separador,Via Secundária,17,,Travessa Moinho Velho,Sem GPS - estimado,2019,4,20,11,Manhã,Primavera,0,0,3,1,0,0,0,0,0,0,0,0,0,0,0,0,0,1,0,0,0,0,0,,1
821,20191673778,2019-04-17 12:30:00,Quarta-Feira,No sentido crescente da quilometragem,38.724152,-9.1140202,Direita,Dentro das localidades,Penha de França,,Despiste,Despiste sem dispositivo de retenção,Curva,Com inclinação,Sem berma ou impraticável,No passeio,Em estado regular,Outra via,Dois sentidos,Sem marcas rodoviárias ou pouco visíveis,Inexistentes,Outros,Inexistentes,Betuminoso,Fora da intersecção,Chuva,Em pleno dia,Molhado,0,0,1,Arruamento com separador,Via Secundária,1,,Rua Madre Deus,Sem GPS - estimado,2019,4,17,12,Tarde,Primavera,1,0,3,1,0,0,0,0,0,0,0,0,0,0,0,0,1,1,0,0,0,0,0,,5
822,20191673798,2019-04-26 14:45:00,Sexta-Feira,No sentido crescente da quilometragem,38.71437,-9.1764356,Direita,Dentro das localidades,Alcântara,Lisboa,Colisão,Colisão lateral com outro veículo em movimento,Recta,Em patamar,Berma pavimentada,Em plena via,Em bom estado,Outra via,Sentido único,Com marcas,Inexistentes,Outros,Inexistentes,Betuminoso,Fora da intersecção,Bom tempo,Em pleno dia,Seco e limpo,0,0,1,Arruamento com separador,Via Secundária,1,,Avenida Ceuta,Sem GPS - estimado,2019,4,26,14,Tarde,Primavera,1,0,3,2,0,0,0,0,0,0,0,0,0,0,0,0,0,1,0,1,0,0,0,,0
823,20191673806,2019-04-26 16:50:00,Sexta-Feira,No sentido decrescente da quilometragem,38.7291393,-9.1479095,Direita,Dentro das localidades,Avenidas Novas,Lisboa,Colisão,Colisão lateral com outro veículo em movimento,Recta,Com inclinação,Berma pavimentada,Em plena via,Em bom estado,Outra via,Sentido único,Com marcas,Inexistentes,Outros,A funcionar normalmente,Betuminoso,Em entroncamento,Bom tempo,Em pleno dia,Seco e limpo,0,0,1,Arruamento com separador,Via Secundária,15,,Avenida Fontes Pereira de Melo,Sem GPS - estimado,2019,4,26,16,Tarde,Primavera,1,0,3,2,0,0,0,0,0,1,0,0,0,0,0,0,0,1,0,0,0,1,0,22,7
824,20191673807,2019-04-26 15:00:00,Sexta-Feira,NÃO DEFINIDO,38.715808,-9.1673089,Direita,Dentro das localidades,Campo de Ourique,Lisboa,Atropelamento,Atropelamento de peões,Recta,Com inclinação,Sem berma ou impraticável,No passeio,Em estado regular,Estrada sem separador,Dois sentidos,Sem marcas rodoviárias ou pouco visíveis,Inexistentes,Outros,Inexistentes,Betuminoso,Fora da intersecção,Bom tempo,Em pleno dia,Seco e limpo,0,0,1,Arruamento sem separador,Via Secundária,8,,Rua Padre Francisco,Sem GPS - estimado,2019,4,26,15,Tarde,Primavera,1,0,3,1,0,1,0,0,0,0,0,0,0,0,0,0,0,0,0,0,0,1,1,56,5
825,20191673810,2019-04-22 19:00:00,Segunda-Feira,No sentido decrescente da quilometragem,38.7422076,-9.1585157,Direita,Dentro das localidades,Avenidas Novas,Lisboa,Atropelamento,Atropelamento de peões,Recta,Com inclinação,Berma pavimentada,Em plena via,Em bom estado,Outra via,Sentido único,Com marcas,Inexistentes,Outros,Inexistentes,Betuminoso,Fora da intersecção,Chuva,Em pleno dia,Seco e limpo,0,0,1,Arruamento com separador,Via Secundária,23,,Rua Cardeal Mercier,Sem GPS - estimado,2019,4,22,19,Noite,Primavera,1,0,3,1,0,1,0,0,0,0,0,0,0,0,0,0,0,1,0,0,0,0,1,,0
826,20191673811,2019-04-26 16:20:00,Sexta-Feira,NÃO DEFINIDO,38.7407223,-9.137116,Esquerda,Dentro das localidades,Areeiro,,Colisão,Colisão com outras situações,Curva,Em patamar,Sem berma ou impraticável,Em plena via,Em bom estado,Estrada sem separador,Sentido único,Sem marcas rodoviárias ou pouco visíveis,Inexistentes,Outros,A funcionar normalmente,Betuminoso,Em entroncamento,Bom tempo,Em pleno dia,Seco e limpo,0,0,1,Arruamento sem separador,Via Secundária,2,,Praça Londres,Sem GPS - estimado,2019,4,26,16,Tarde,Primavera,1,0,3,2,1,0,0,0,0,0,0,0,1,0,0,0,0,1,0,1,0,0,0,,1
827,20191673877,2019-04-23 11:00:00,Terça-Feira,NÃO DEFINIDO,38.726818,-9.1368421,Direita,Dentro das localidades,Arroios,,Atropelamento,Atropelamento de peões,Recta,Com inclinação,Sem berma ou impraticável,Em plena via,Em estado regular,Estrada sem separador,Dois sentidos,Com marcas,Inexistentes,Passagem de peões,Inexistentes,Betuminoso,Fora da intersecção,Bom tempo,Em pleno dia,Seco e limpo,0,0,1,Arruamento sem separador,Via Secundária,1,,Rua Jacinta Marto,Sem GPS - estimado,2019,4,23,11,Manhã,Primavera,1,0,3,1,0,1,0,0,0,0,0,0,0,0,0,0,0,1,0,0,0,0,1,15,5
828,20191673888,2019-04-23 09:45:00,Terça-Feira,No sentido decrescente da quilometragem,,,Esquerda,Fora das localidades,Campolide,Lisboa,Despiste,Despiste sem dispositivo de retenção,Recta,Em patamar,Berma pavimentada,Em plena via,Em bom estado,Outra via,Sentido único,Sem marcas rodoviárias ou pouco visíveis,Inexistentes,Outros,Inexistentes,Betuminoso,Fora da intersecção,Chuva,Em pleno dia,Molhado,0,0,1,IP - Itinerário Principal,IP7,,9.85,,Sem GPS - não estimado,2019,4,23,9,Manhã,Primavera,1,0,3,1,0,0,0,0,0,0,0,0,0,0,0,0,0,1,0,0,0,0,0,,0
829,20191673919,2019-04-23 21:50:00,Terça-Feira,NÃO DEFINIDO,,,Direita,Dentro das localidades,São Vicente,Lisboa,Colisão,Colisão lateral com outro veículo em movimento,Recta,Com inclinação,Berma pavimentada,Em plena via,Em bom estado,Estrada sem separador,Sentido único,Sem marcas rodoviárias ou pouco visíveis,Inexistentes,Outros,Inexistentes,Betuminoso,Fora da intersecção,Bom tempo,"Noite, com iluminação",Húmido,0,0,1,Arruamento sem separador,Via Secundária,0,,Rua das Beatas,Sem GPS - não estimado,2019,4,23,21,Noite,Primavera,1,0,3,3,0,0,0,0,0,0,0,0,1,0,0,0,0,1,0,1,0,0,0,,0
830,20191673924,2019-04-23 18:50:00,Terça-Feira,NÃO DEFINIDO,,,Esquerda,Dentro das localidades,Arroios,Lisboa,Colisão,Colisão lateral com outro veículo em movimento,Recta,Com inclinação,Berma pavimentada,Em plena via,Em bom estado,Estrada sem separador,Dois sentidos,Com marcas,Inexistentes,Outros,A funcionar normalmente,Betuminoso,Em cruzamento,Bom tempo,Em pleno dia,Seco e limpo,0,0,1,Arruamento sem separador,Via Secundária,0,,Rua Conde Redondo,Sem GPS - não estimado,2019,4,23,18,Noite,Primavera,1,0,3,2,0,0,0,0,0,0,0,0,0,1,0,0,0,1,0,1,0,0,0,,7
831,20191673932,2019-04-27 18:10:00,Sábado,NÃO DEFINIDO,38.7314038999999,-9.13831429999999,Esquerda,Dentro das localidades,Arroios,,Atropelamento,Atropelamento de peões,Recta,Em patamar,Berma pavimentada,Em plena via,Em estado regular,Estrada sem separador,Dois sentidos,Com marcas,Inexistentes,Passagem de peões,Inexistentes,Betuminoso,Fora da intersecção,Bom tempo,Em pleno dia,Seco e limpo,0,0,1,Arruamento sem separador,Via Secundária,47,,Rua Pascoal de Melo,Sem GPS - estimado,2019,4,27,18,Noite,Primavera,0,0,3,1,0,1,0,0,0,0,0,1,0,0,0,0,0,1,0,0,0,0,1,12,6
832,20191673943,2019-04-22 15:10:00,Segunda-Feira,NÃO DEFINIDO,,,Direita,Dentro das localidades,Avenidas Novas,,Colisão,Colisão com veiculo ou obstáculo na faixa de rodagem,Recta,Em patamar,Berma pavimentada,Em plena via,Em estado regular,Estrada sem separador,Sentido único,Sem marcas rodoviárias ou pouco visíveis,Inexistentes,Passagem de peões,A funcionar normalmente,Betuminoso,Em cruzamento,Bom tempo,Em pleno dia,Seco e limpo,0,0,1,Arruamento sem separador,Via Secundária,0,,Rua Artilharia 1,Sem GPS - não estimado,2019,4,22,15,Tarde,Primavera,1,0,3,2,0,0,0,1,0,0,0,0,0,0,0,0,0,1,0,0,0,0,0,,2
833,20191673944,2019-04-17 13:00:00,Quarta-Feira,No sentido decrescente da quilometragem,,,Direita,Dentro das localidades,Campolide,Lisboa,Colisão,Colisão lateral com outro veículo em movimento,Recta,Em patamar,Berma pavimentada,Em plena via,Em bom estado,Outra via,Sentido único,Com marcas,Inexistentes,Outros,Inexistentes,Betuminoso,Fora da intersecção,Chuva,Em pleno dia,Molhado,0,0,1,Arruamento com separador,Via Secundária,0,,Avenida Engenheiro Duarte Pacheco,Sem GPS - não estimado,2019,4,17,13,Tarde,Primavera,1,0,3,2,0,0,0,0,0,0,0,0,1,0,0,0,0,1,0,1,0,0,0,,0
834,20191673949,2019-04-22 14:15:00,Segunda-Feira,NÃO DEFINIDO,38.731145,-9.162635,Esquerda,Dentro das localidades,Campolide,Lisboa,Colisão,Colisão traseira com outro veículo em movimento,Recta,Em patamar,Berma pavimentada,Em plena via,Em estado regular,Estrada sem separador,Dois sentidos,Com marcas,Inexistentes,Outros,A funcionar normalmente,Betuminoso,Fora da intersecção,Bom tempo,Em pleno dia,Seco e limpo,0,0,2,Arruamento sem separador,Via Secundária,165,,Rua Campolide,Localização GPS,2019,4,22,14,Tarde,Primavera,1,0,6,2,2,0,0,0,0,0,0,0,0,0,0,0,0,1,0,0,0,0,0,,6
835,20191673953,2019-04-22 13:00:00,Segunda-Feira,NÃO DEFINIDO,38.734921,-9.165075,Direita,Dentro das localidades,Campolide,Lisboa,Colisão,Colisão traseira com outro veículo em movimento,Recta,Em patamar,Berma pavimentada,Em plena via,Em estado regular,Estrada sem separador,Dois sentidos,Sem marcas rodoviárias ou pouco visíveis,Inexistentes,Passagem de peões,Inexistentes,Betuminoso,Fora da intersecção,Bom tempo,Em pleno dia,Seco e limpo,0,0,1,Arruamento sem separador,Via Secundária,0,,Rua Campolide,Localização GPS,2019,4,22,13,Tarde,Primavera,1,0,3,2,0,0,0,0,0,0,0,0,0,0,0,0,0,1,0,0,0,0,0,,6
836,20191673962,2019-04-23 11:55:00,Terça-Feira,NÃO DEFINIDO,,,Direita,Dentro das localidades,Santa Maria dos Olivais,Lisboa,Despiste,Despiste sem dispositivo de retenção,Recta,Com inclinação,Berma pavimentada,Em plena via,Em estado regular,Outra via,Sentido único,Com marcas,Inexistentes,NÃO DEFINIDO,Inexistentes,Betuminoso,Fora da intersecção,Chuva,Em pleno dia,Molhado,0,0,1,Arruamento com separador,Via Secundária,0,,Avenida Cidade de Luanda,Sem GPS - não estimado,2019,4,23,11,Manhã,Primavera,1,0,3,1,0,0,0,0,0,0,0,0,0,0,0,0,0,0,0,1,0,0,0,,0
837,20191673966,2019-04-23 07:30:00,Terça-Feira,NÃO DEFINIDO,,,Direita,Dentro das localidades,Benfica,Lisboa,Despiste,Despiste sem dispositivo de retenção,Recta,Com inclinação,Berma pavimentada,Em plena via,Em estado regular,Estrada sem separador,Dois sentidos,Com marcas,Inexistentes,Outros,Inexistentes,Betuminoso,Em entroncamento,Bom tempo,Em pleno dia,Molhado,0,0,1,Arruamento sem separador,Via Secundária,0,,Avenida 24 de Janeiro,Sem GPS - não estimado,2019,4,23,7,Manhã,Primavera,1,0,3,1,0,0,0,0,0,0,0,0,0,0,0,0,0,0,0,1,0,0,0,,3
838,20191673996,2019-04-23 12:45:00,Terça-Feira,NÃO DEFINIDO,,,Direita,Dentro das localidades,Areeiro,Lisboa,Colisão,Colisão com outras situações,Curva,Em patamar,Berma pavimentada,Em plena via,Em estado regular,Estrada sem separador,Sentido único,Com marcas,Inexistentes,Outros,A funcionar normalmente,Betuminoso,Fora da intersecção,Bom tempo,Em pleno dia,Seco e limpo,0,0,1,Arruamento sem separador,Via Secundária,0,,Praça Francisco Sá Carneiro,Sem GPS - não estimado,2019,4,23,12,Tarde,Primavera,1,0,3,2,0,0,0,0,0,0,0,0,0,0,0,0,0,1,0,1,0,0,0,,1
839,20191674003,2019-04-26 23:45:00,Sexta-Feira,No sentido decrescente da quilometragem,,,Direita,Fora das localidades,Alcântara,,Colisão,Colisão com veiculo ou obstáculo na faixa de rodagem,Recta,Com inclinação,Berma pavimentada,Em plena via,Em bom estado,Outra via,Sentido único,Com marcas,Correctamente sinalizados,Outros,Desligada,Betuminoso,Fora da intersecção,Bom tempo,"Noite, com iluminação",Seco e limpo,0,1,0,A  - Auto-Estrada,A2-PNT25ABRIL,,1.95,,Sem GPS - não estimado,2019,4,26,23,Noite,Primavera,1,1,10,2,0,0,0,0,0,0,0,0,0,0,0,0,0,1,0,1,0,0,0,,0
840,20191674005,2019-04-23 17:30:00,Terça-Feira,NÃO DEFINIDO,,,Direita,Dentro das localidades,Alcântara,Lisboa,Colisão,Colisão traseira com outro veículo em movimento,Recta,Em patamar,Berma pavimentada,Em plena via,Em estado regular,Estrada sem separador,Dois sentidos,Com marcas,Inexistentes,Outros,Inexistentes,Betuminoso,Fora da intersecção,Bom tempo,Em pleno dia,Seco e limpo,0,0,1,Arruamento sem separador,Via Secundária,0,,Estrada Alvito,Sem GPS - não estimado,2019,4,23,17,Tarde,Primavera,1,0,3,2,0,0,0,0,0,0,0,0,0,0,0,0,0,1,0,0,0,0,0,,6
841,20191674015,2019-04-27 15:05:00,Sábado,NÃO DEFINIDO,38.7727636999999,-9.1615137,Esquerda,Dentro das localidades,Lumiar,Lisboa,Atropelamento,Atropelamento de peões,Recta,Em patamar,Berma pavimentada,Em plena via,Em bom estado,Outra via,Sentido único,Com marcas,Inexistentes,Outros,A funcionar normalmente,Betuminoso,Fora da intersecção,Bom tempo,Em pleno dia,Seco e limpo,0,0,1,Arruamento com separador,Via Secundária,255,,Alameda Linhas de Torres,Sem GPS - estimado,2019,4,27,15,Tarde,Primavera,0,0,3,1,0,1,0,0,0,0,0,0,0,0,0,0,0,1,0,0,0,0,1,51,2
842,20191674016,2019-04-27 13:50:00,Sábado,NÃO DEFINIDO,38.7326565999999,-9.1307221,Esquerda,Dentro das localidades,Penha de França,Lisboa,Atropelamento,Atropelamento de peões,Recta,Com inclinação,Sem berma ou impraticável,Em plena via,Em estado regular,Estrada sem separador,Dois sentidos,Com marcas,Inexistentes,Passagem de peões,A funcionar normalmente,Betuminoso,Fora da intersecção,Bom tempo,Em pleno dia,Seco e limpo,0,0,1,Arruamento sem separador,Via Secundária,91,,Rua Morais Soares,Sem GPS - estimado,2019,4,27,13,Tarde,Primavera,0,0,3,1,0,1,0,1,0,0,0,0,0,0,0,0,0,1,0,0,0,0,1,32,5
843,20191674017,2019-04-22 09:45:00,Segunda-Feira,No sentido crescente da quilometragem,,,Direita,Dentro das localidades,Avenidas Novas,Lisboa,Colisão,Colisão lateral com outro veículo em movimento,Recta,Em patamar,Berma pavimentada,Em plena via,Em estado regular,Outra via,Sentido único,Com marcas,Inexistentes,NÃO DEFINIDO,A funcionar normalmente,Betuminoso,Em cruzamento,Bom tempo,Em pleno dia,Seco e limpo,0,0,2,Arruamento com separador,Via Secundária,0,,Avenida António José de Almeida,Sem GPS - não estimado,2019,4,22,9,Manhã,Primavera,1,0,6,2,1,0,0,0,0,0,0,0,0,0,0,0,0,1,0,1,0,0,0,,2
844,20191674047,2019-04-19 23:30:00,Sexta-Feira,NÃO DEFINIDO,,,Esquerda,Dentro das localidades,Santa Maria dos Olivais,,Colisão,Colisão com outras situações,Recta,Com inclinação,Berma pavimentada,Em plena via,Em bom estado,Estrada sem separador,Dois sentidos,Sem marcas rodoviárias ou pouco visíveis,Inexistentes,Outros,A funcionar normalmente,Betuminoso,Em cruzamento,Bom tempo,"Noite, com iluminação",Seco e limpo,0,0,2,Arruamento sem separador,Via Secundária,0,,Avenida Berlim,Sem GPS - não estimado,2019,4,19,23,Noite,Primavera,0,0,6,2,1,0,0,0,0,0,0,0,0,0,0,0,0,1,0,0,0,0,0,,3
845,20191674132,2019-04-28 11:30:00,Domingo,NÃO DEFINIDO,38.7434113999999,-9.1130882,Direita,Dentro das localidades,Marvila,,Atropelamento,Atropelamento de peões,Recta,Com inclinação,Sem berma ou impraticável,Em plena via,Em estado regular,Estrada sem separador,Dois sentidos,Com marcas,Inexistentes,Passagem de peões,Inexistentes,Betuminoso,Fora da intersecção,Bom tempo,Em pleno dia,Seco e limpo,0,0,1,Arruamento sem separador,Via Secundária,3,,Rua Ovar,Sem GPS - estimado,2019,4,28,11,Manhã,Primavera,0,0,3,1,0,1,0,0,0,0,0,0,0,0,0,0,0,1,0,0,0,0,1,,5
846,20191674185,2019-04-26 01:45:00,Sexta-Feira,NÃO DEFINIDO,38.7065612,-9.1440639,Esquerda,Dentro das localidades,Estrela,Lisboa,Atropelamento,Atropelamento com fuga,Recta,Em patamar,Berma pavimentada,Em plena via,Em bom estado,Estrada sem separador,Dois sentidos,Com marcas,Inexistentes,Outros,A funcionar normalmente,Betuminoso,Fora da intersecção,Bom tempo,"Noite, com iluminação",Seco e limpo,0,0,1,Arruamento sem separador,Via Secundária,1,,Avenida 24 de Julho,Sem GPS - estimado,2019,4,26,1,Madrugada,Primavera,1,0,3,1,0,1,0,0,0,0,0,0,0,0,0,0,0,1,0,0,0,0,1,10,6
847,20191674188,2019-04-28 23:00:00,Domingo,NÃO DEFINIDO,38.744279,-9.147676,Direita,Dentro das localidades,Alvalade,Lisboa,Colisão,Colisão com fuga,Recta,Em patamar,Berma pavimentada,Em plena via,Em estado regular,Estrada sem separador,Sentido único,Sem marcas rodoviárias ou pouco visíveis,Inexistentes,Outros,Inexistentes,Betuminoso,Fora da intersecção,Bom tempo,"Noite, com iluminação",Seco e limpo,0,0,1,Arruamento sem separador,Via Secundária,101,,Avenida República,Localização GPS,2019,4,28,23,Noite,Primavera,0,0,3,2,0,0,0,0,0,0,0,0,0,0,0,0,0,1,0,0,0,1,0,7,4
848,20191674261,2019-04-29 11:45:00,Segunda-Feira,No sentido crescente da quilometragem,38.7186404999999,-9.1435504,Direita,Dentro das localidades,Santo António,Lisboa,Atropelamento,Atropelamento de peões,Recta,Em patamar,Sem berma ou impraticável,Em plena via,Em bom estado,Outra via,Dois sentidos,Sem marcas rodoviárias ou pouco visíveis,Inexistentes,Outros,A funcionar normalmente,Calçada,Em cruzamento,Bom tempo,Em pleno dia,Seco e limpo,0,0,3,Arruamento com separador,Via Secundária,49,,Rua Pretas,Sem GPS - estimado,2019,4,29,11,Manhã,Primavera,1,0,9,1,0,2,0,0,0,0,0,0,0,0,0,0,0,0,0,1,0,0,1,29,2
849,20191674265,2019-04-30 19:25:00,Terça-Feira,NÃO DEFINIDO,38.7593445999999,-9.1893934,Direita,Dentro das localidades,Carnide,Lisboa,Atropelamento,Atropelamento de peões,Recta,Em patamar,Berma pavimentada,Em plena via,Em estado regular,Estrada sem separador,Dois sentidos,Com marcas,Inexistentes,Passagem de peões,Inexistentes,Betuminoso,Em entroncamento,Bom tempo,Sol escandeante,Seco e limpo,0,0,1,Arruamento sem separador,Via Secundária,1,,Largo Malvar,Sem GPS - estimado,2019,4,30,19,Noite,Primavera,1,0,3,1,0,1,0,0,0,0,0,1,0,0,0,0,0,1,0,0,0,0,1,,6
850,20191674283,2019-04-29 13:55:00,Segunda-Feira,NÃO DEFINIDO,38.7496147,-9.1479493,Direita,Dentro das localidades,Alvalade,Lisboa,Atropelamento,Atropelamento de peões,Recta,Com inclinação,Berma pavimentada,Em plena via,Em estado regular,Estrada sem separador,Sentido único,Sem marcas rodoviárias ou pouco visíveis,Inexistentes,Passagem de peões,Inexistentes,Betuminoso,Em entroncamento,Bom tempo,Em pleno dia,Seco e limpo,0,0,1,Arruamento sem separador,Via Secundária,28,,Rua Aboim Ascensão,Sem GPS - estimado,2019,4,29,13,Tarde,Primavera,1,0,3,1,0,1,0,0,0,0,0,0,0,0,0,0,0,1,0,0,0,0,1,,1
851,20191674319,2019-04-30 10:00:00,Terça-Feira,NÃO DEFINIDO,38.7487373,-9.1401861,Direita,Dentro das localidades,Alvalade,,Colisão,Colisão lateral com outro veículo em movimento,Recta,Em patamar,Berma pavimentada,Em plena via,Em bom estado,Estrada sem separador,Dois sentidos,Sem marcas rodoviárias ou pouco visíveis,Inexistentes,Outros,Inexistentes,Betuminoso,Em entroncamento,Bom tempo,Em pleno dia,Seco e limpo,0,0,1,Arruamento sem separador,Via Secundária,31,,Rua Conde Sabugosa,Sem GPS - estimado,2019,4,30,10,Manhã,Primavera,1,0,3,2,0,0,0,0,0,0,0,0,0,0,0,0,0,1,0,0,0,0,0,,6
852,20191674322,2019-04-26 22:15:00,Sexta-Feira,NÃO DEFINIDO,,,Direita,Dentro das localidades,Campo de Ourique,,Colisão,Colisão frontal,Curva,Em Lomba,Sem berma ou impraticável,Em plena via,Em bom estado,Estrada sem separador,Dois sentidos,Sem marcas rodoviárias ou pouco visíveis,Inexistentes,Outros,Inexistentes,Betuminoso,Em via de aceleração,Bom tempo,"Noite, com iluminação",Seco e limpo,0,0,1,Arruamento sem separador,Via Secundária,0.00,,Rua Guilherme Anjos,Sem GPS - não estimado,2019,4,26,22,Noite,Primavera,1,0,3,2,1,0,0,0,0,0,0,0,0,0,0,0,0,1,0,1,0,0,0,,5
853,20191674415,2019-04-19 11:30:00,Sexta-Feira,NÃO DEFINIDO,,,Direita,Dentro das localidades,Santa Maria Maior,Lisboa,Despiste,Despiste sem dispositivo de retenção,Recta,Em patamar,Berma pavimentada,Em plena via,Em bom estado,Estrada sem separador,Dois sentidos,Com marcas,Inexistentes,Outros,Inexistentes,Calçada,Em entroncamento,Bom tempo,Em pleno dia,Seco e limpo,0,0,1,Arruamento sem separador,Via Secundária,0,,Rua Alfândega,Sem GPS - não estimado,2019,4,19,11,Manhã,Primavera,0,0,3,1,0,0,0,0,0,0,0,0,0,0,0,0,0,0,0,1,0,0,0,,6