,IdAcidente,Datahora,Dia da Semana,Sentidos,Latitude GPS,Longitude GPS,Via Trânsito,Localizações,Freguesia,Pov. Proxima,Tipo Natureza,Natureza,Tipo de Traçado,Inclinação do Traçado,Berma do Traçado,Localização do Traçado,Estado Conservação,Características Tecnicas,Reg Circulação,Marca Via,Obstáculos,Sinais,Sinais Luminosos,Tipo Piso,Intersecção Vias,Factores Atmosféricos,Luminosidade,Cond Aderência,VM,FG,FL,Tipos Vias,Via,Num arruamento,Km,Nome arruamento,Localização 2,Ano,Mês,Dia,Hora,Periodo,Estação,Dia Util,Gravidade,Indicador de Gravidade,Veículos envolvidos,Passageiros envolvidos,Peões envolvidos,Inf/Ação: Abertura de porta,Inf/Ação: Desrespeito da sinalização semafórica,Inf/Ação: Desrespeito da sinalização vertical,Inf/Ação: Desrespeito das distâncias de segurança,Inf/Ação: Desrespeito das marcas rodoviárias,Inf/Ação: Encandeamento,Inf/Ação: Manobra irregular,Inf/Ação: Não sinalização da manobra,Inf/Ação: Obstáculo imprevisto na faixa de rodagem,Inf/Ação: Rebentamento de pneumático,Inf/Ação: Velocidade excessiva para as condições existentes,Automóvel ligeiro,Automóvel pesado,Motociclos/Ciclomotores,Outros Veículos,Velocípedes,Peões,Numero Black Spot,Grupo Kmodes
935,20191676128,2019-05-06 09:30:00,Segunda-Feira,NÃO DEFINIDO,,,Direita,Dentro das localidades,Santa Maria dos Olivais,,Colisão,Colisão traseira com outro veículo em movimento,Curva,Em patamar,Sem berma ou impraticável,Em plena via,Em bom estado,Estrada sem separador,Dois sentidos,Com marcas,Inexistentes,Outros,Inexistentes,Betuminoso,Fora da intersecção,Chuva,Em pleno dia,Molhado,0,0,2,Arruamento sem separador,Via Secundária,0,,Rua Cidade de Bissau,Sem GPS - não estimado,2019,5,6,9,Manhã,Primavera,1,0,6,2,2,0,0,0,0,0,0,0,0,0,0,0,1,1,1,0,0,0,0,,5
936,20191676139,2019-05-07 22:50:00,Terça-Feira,NÃO DEFINIDO,38.7157687,-9.1417225,Esquerda,Dentro das localidades,Santo António,,Colisão,Colisão com outras situações,Recta,Em patamar,Sem berma ou impraticável,Em plena via,Em bom estado,Estrada sem separador,Dois sentidos,Com marcas,Inexistentes,Outros,A funcionar normalmente,Betuminoso,Fora da intersecção,Chuva,"Noite, com iluminação",Molhado,0,0,1,Arruamento sem separador,Via Secundária,259,,Avenida Liberdade,Sem GPS - estimado,2019,5,7,22,Noite,Primavera,1,0,3,2,0,0,0,0,0,0,0,0,1,0,0,0,0,1,0,1,0,0,0,,3
937,20191676144,2019-05-06 16:00:00,Segunda-Feira,NÃO DEFINIDO,,,Central,Dentro das localidades,Alvalade,Lisboa,Colisão,Colisão com outras situações,Recta,Em patamar,Sem berma ou impraticável,Em plena via,Em estado regular,Estrada sem separador,Sentido único,Com marcas,Inexistentes,Outros,Inexistentes,Betuminoso,Fora da intersecção,Bom tempo,Em pleno dia,Seco e limpo,0,0,4,Arruamento sem separador,Via Secundária,0,,Praça Alvalade,Sem GPS - não estimado,2019,5,6,16,Tarde,Primavera,1,0,12,2,2,0,0,1,0,0,0,0,0,0,0,0,0,1,0,0,0,0,0,,4
938,20191676167,2019-05-07 21:19:00,Terça-Feira,NÃO DEFINIDO,38.7490553,-9.1393712,Direita,Dentro das localidades,Alvalade,,Despiste,Despiste sem dispositivo de retenção,Recta,Em patamar,Berma pavimentada,Em plena via,Em estado regular,Estrada sem separador,Dois sentidos,Com marcas,Inexistentes,Outros,Desligada,Betuminoso,Em via de desaceleração,Chuva,"Noite, com iluminação",Seco e limpo,0,0,1,Arruamento sem separador,Via Secundária,1,,Avenida Estados Unidos da América,Sem GPS - estimado,2019,5,7,21,Noite,Primavera,1,0,3,1,0,0,0,0,0,0,0,0,0,0,0,0,0,0,0,1,0,0,0,,6
939,20191676168,2019-05-07 20:15:00,Terça-Feira,No sentido crescente da quilometragem,,,Esquerda,Dentro das localidades,Campolide,,Colisão,Colisão lateral com outro veículo em movimento,Recta,Em patamar,Berma pavimentada,Em plena via,NÃO DEFINIDO,Outra via,Sentido único,Com marcas,Inexistentes,Outros,Desligada,Betuminoso,Fora da intersecção,Chuva,Em pleno dia,Molhado,0,0,1,IP - Itinerário Principal,IP7,,10.1,,Sem GPS - não estimado,2019,5,7,20,Noite,Primavera,1,0,3,2,0,0,0,0,0,0,0,0,0,0,0,0,0,1,0,1,0,0,0,,2
940,20191676222,2019-05-11 16:45:00,Sábado,NÃO DEFINIDO,38.6979172,-9.1920558,Direita,Dentro das localidades,Belém,,Colisão,Colisão com outras situações,Recta,Em patamar,Berma pavimentada,Em plena via,Em estado regular,Estrada sem separador,Dois sentidos,Com marcas,Inexistentes,Outros,Inexistentes,Betuminoso,Fora da intersecção,Bom tempo,Em pleno dia,Seco e limpo,0,0,1,Arruamento sem separador,Via Secundária,196,,Rua Junqueira,Sem GPS - estimado,2019,5,11,16,Tarde,Primavera,0,0,3,2,0,0,0,0,0,1,0,0,0,0,0,0,0,1,0,0,0,1,0,,6
941,20191676223,2019-05-11 14:30:00,Sábado,NÃO DEFINIDO,38.695246,-9.2124527,Direita,Dentro das localidades,Belém,Lisboa,Despiste,Despiste sem dispositivo de retenção,Recta,NÃO DEFINIDO,Berma pavimentada,Em plena via,Em estado regular,Estrada sem separador,Dois sentidos,Sem marcas rodoviárias ou pouco visíveis,Inexistentes,Outros,Inexistentes,Betuminoso,Fora da intersecção,Bom tempo,Em pleno dia,Seco e limpo,0,0,1,Arruamento sem separador,Via Secundária,1,,Rua Bartolomeu Dias,Sem GPS - estimado,2019,5,11,14,Tarde,Primavera,0,0,3,1,0,0,0,0,0,0,0,0,0,0,0,0,0,0,0,1,0,0,0,,6
942,20191676229,2019-05-11 12:55:00,Sábado,NÃO DEFINIDO,38.7232414,-9.1515788,Esquerda,Dentro das localidades,Santo António,,Colisão,Colisão lateral com outro veículo em movimento,Recta,Com inclinação,Berma pavimentada,Em plena via,Em estado regular,Estrada sem separador,Dois sentidos,Com marcas,Inexistentes,Outros,A funcionar normalmente,Betuminoso,Em cruzamento,Bom tempo,Em pleno dia,Seco e limpo,0,0,1,Arruamento sem separador,Via Secundária,40,,Rua Braamcamp,Sem GPS - estimado,2019,5,11,12,Tarde,Primavera,0,0,3,2,0,0,0,0,0,1,0,0,0,0,0,0,0,1,0,1,0,0,0,13,5
943,20191676318,2019-05-13 21:20:00,Segunda-Feira,No sentido crescente da quilometragem,38.736824,-9.143842,Direita,Dentro das localidades,Avenidas Novas,,Colisão,Colisão lateral com outro veículo em movimento,Recta,Em patamar,Berma pavimentada,Em plena via,Em estado regular,Outra via,Sentido único,Sem marcas rodoviárias ou pouco visíveis,Inexistentes,Passagem de peões,A funcionar normalmente,Betuminoso,Em cruzamento,Bom tempo,"Noite, com iluminação",Seco e limpo,0,0,1,Arruamento com separador,Via Secundária,0,,Avenida Defensores de Chaves,Localização GPS,2019,5,13,21,Noite,Primavera,1,0,3,2,0,0,0,0,0,0,0,0,0,0,0,0,0,0,0,1,0,0,0,7,2
944,20191676323,2019-05-03 22:37:00,Sexta-Feira,NÃO DEFINIDO,,,Direita,Dentro das localidades,Areeiro,,Colisão,Colisão lateral com outro veículo em movimento,Recta,Em patamar,Berma pavimentada,Em plena via,Em bom estado,Estrada sem separador,Sentido único,Com marcas,Inexistentes,Outros,A funcionar normalmente,Betuminoso,Em cruzamento,Bom tempo,"Noite, com iluminação",Seco e limpo,0,0,1,Arruamento sem separador,Via Secundária,0,,Avenida Almirante Reis,Sem GPS - não estimado,2019,5,3,22,Noite,Primavera,1,0,3,2,0,0,0,0,0,0,1,0,0,1,0,0,0,1,0,1,0,0,0,,2
945,20191676348,2019-05-02 14:55:00,Quinta-Feira,NÃO DEFINIDO,,,Direita,Dentro das localidades,Misericórdia,Lisboa,Colisão,Colisão lateral com outro veículo em movimento,Recta,Em patamar,Berma pavimentada,Em plena via,Em estado regular,Estrada sem separador,Dois sentidos,Com marcas,Inexistentes,Outros,Inexistentes,Betuminoso,Em entroncamento,Bom tempo,Em pleno dia,Seco e limpo,0,0,1,Arruamento sem separador,Via Secundária,0,,Largo Conde-barão,Sem GPS - não estimado,2019,5,2,14,Tarde,Primavera,1,0,3,2,0,0,0,0,0,0,0,0,0,0,0,0,0,1,0,1,0,0,0,,6
946,20191676386,2019-05-08 12:45:00,Quarta-Feira,NÃO DEFINIDO,,,Direita,Dentro das localidades,Belém,,Colisão,Colisão frontal,Recta,Em patamar,Berma pavimentada,Em plena via,Em bom estado,Estrada sem separador,Sentido único,Com marcas,Inexistentes,Cedência de passagem,Inexistentes,Calçada,Em cruzamento,Bom tempo,Em pleno dia,Seco e limpo,0,0,1,Arruamento sem separador,Via Secundária,0,,Rua Coronel Pereira da Silva,Sem GPS - não estimado,2019,5,8,12,Tarde,Primavera,1,0,3,2,0,0,0,0,1,0,0,0,0,0,0,0,0,1,0,0,0,0,0,,4
947,20191676397,2019-05-08 10:00:00,Quarta-Feira,No sentido crescente da quilometragem,,,Esquerda,Dentro das localidades,Lumiar,,Colisão,Colisão frontal,Recta,Em patamar,Sem berma ou impraticável,Em plena via,Em estado regular,Outra via,Sentido único,Com marcas,Inexistentes,Outros,A funcionar normalmente,Betuminoso,Em cruzamento,Chuva,Em pleno dia,Molhado,0,0,1,Arruamento com separador,Via Secundária,0,,Eixo Central,Sem GPS - não estimado,2019,5,8,10,Manhã,Primavera,1,0,3,2,1,0,0,0,0,0,0,0,0,0,0,0,0,1,0,0,0,0,0,,2
948,20191676456,2019-05-07 16:00:00,Terça-Feira,No sentido crescente da quilometragem,,,Central,Fora das localidades,Alcântara,Lisboa,Colisão,Colisão lateral com outro veículo em movimento,Recta,Em patamar,Sem berma ou impraticável,Em plena via,Em bom estado,Auto-estrada,Sentido único,Sem marcas rodoviárias ou pouco visíveis,Inexistentes,Outros,Inexistentes,Betuminoso,Fora da intersecção,Chuva,Em pleno dia,Molhado,0,0,1,A  - Auto-Estrada,A2-PNT25ABRIL,,2.65,,Sem GPS - não estimado,2019,5,7,16,Tarde,Primavera,1,0,3,2,0,0,0,0,0,0,0,0,0,0,0,0,0,1,0,1,0,0,0,,0
949,20191676486,2019-05-13 14:45:00,Segunda-Feira,NÃO DEFINIDO,38.7131035999999,-9.1688565,Direita,Dentro das localidades,Campo de Ourique,Lisboa,Atropelamento,Atropelamento de peões,Recta,Com inclinação,Sem berma ou impraticável,Em plena via,Em estado regular,Estrada sem separador,Sentido único,Sem marcas rodoviárias ou pouco visíveis,Inexistentes,Outros,Inexistentes,Betuminoso,Fora da intersecção,Bom tempo,Em pleno dia,Seco e limpo,0,0,1,Arruamento sem separador,Via Secundária,34,,Praça São João Bosco,Sem GPS - estimado,2019,5,13,14,Tarde,Primavera,1,0,3,2,0,1,1,0,0,0,0,0,0,0,0,0,0,1,0,0,0,0,1,,5
950,20191676498,2019-05-14 19:55:00,Terça-Feira,NÃO DEFINIDO,38.7349031999999,-9.1580098,Direita,Dentro das localidades,Avenidas Novas,,Atropelamento,Atropelamento de peões,Recta,Com inclinação,Berma pavimentada,Em plena via,Em bom estado,Estrada sem separador,Dois sentidos,Com marcas,Inexistentes,NÃO DEFINIDO,Inexistentes,Betuminoso,Fora da intersecção,Bom tempo,Aurora ou crepúsculo,Seco e limpo,0,0,1,Arruamento sem separador,Via Secundária,4,,Rua Doutor Júlio Dantas,Sem GPS - estimado,2019,5,14,19,Noite,Primavera,1,0,3,1,0,1,0,0,0,0,0,0,0,0,0,0,0,1,0,0,0,0,1,,0
951,20191676506,2019-05-14 19:15:00,Terça-Feira,NÃO DEFINIDO,38.6915837,-9.2159773,Direita,Dentro das localidades,Belém,,Atropelamento,Atropelamento de peões,Recta,Em patamar,Sem berma ou impraticável,Em plena via,Em estado regular,Estrada sem separador,Sentido único,Com marcas,Inexistentes,Outros,Inexistentes,Betuminoso,Fora da intersecção,Bom tempo,Em pleno dia,Seco e limpo,0,0,1,Arruamento sem separador,Via Secundária,0,,Avenida Brasília,Sem GPS - estimado,2019,5,14,19,Noite,Primavera,1,0,3,1,0,1,0,0,0,0,0,0,0,0,0,0,0,1,0,0,0,0,1,,4
952,20191676516,2019-05-08 08:40:00,Quarta-Feira,No sentido crescente da quilometragem,,,Esquerda,Dentro das localidades,São Domingos de Benfica,Lisboa,Despiste,Despiste sem dispositivo de retenção,Curva,Com inclinação,Berma pavimentada,Em plena via,Em bom estado,Outra via,Sentido único,Sem marcas rodoviárias ou pouco visíveis,Inexistentes,Outros,Inexistentes,Betuminoso,Fora da intersecção,Chuva,Em pleno dia,Molhado,0,0,1,Arruamento com separador,Via Secundária,0,,Avenida General Correia Barreto,Sem GPS - não estimado,2019,5,8,8,Manhã,Primavera,1,0,3,1,0,0,0,0,0,0,0,0,0,0,0,0,0,1,0,0,0,0,0,,0
953,20191676527,2019-04-24 07:45:00,Quarta-Feira,No sentido decrescente da quilometragem,,,Central,Dentro das localidades,São Domingos de Benfica,Lisboa,Colisão,Colisão traseira com outro veículo em movimento,Curva,Com inclinação,Sem berma ou impraticável,Em plena via,Em estado regular,Outra via,Sentido único,Com marcas,Inexistentes,Passagem de peões,A funcionar normalmente,Betuminoso,Em entroncamento,Chuva,Em pleno dia,Molhado,0,0,1,Arruamento com separador,Via Secundária,0.00,,Avenida Lusíada,Sem GPS - não estimado,2019,4,24,7,Manhã,Primavera,1,0,3,2,0,0,0,0,0,0,0,0,0,0,0,0,1,1,0,1,0,0,0,,1
954,20191676562,2019-05-11 00:30:00,Sábado,NÃO DEFINIDO,,,Direita,Dentro das localidades,Estrela,,Despiste,Despiste com dispositivo de retenção,Curva,Com inclinação,Sem berma ou impraticável,Em plena via,Em estado regular,Estrada sem separador,Dois sentidos,Sem marcas rodoviárias ou pouco visíveis,Inexistentes,Outros,Inexistentes,Calçada,Fora da intersecção,Bom tempo,"Noite, com iluminação",Seco e limpo,0,0,1,Arruamento sem separador,Via Secundária,0,,Calçada Ribeiro Santos,Sem GPS - não estimado,2019,5,11,0,Madrugada,Primavera,0,0,3,1,1,0,0,0,0,0,0,0,0,0,0,0,0,0,0,1,0,0,0,,5
955,20191676563,2019-04-29 17:25:00,Segunda-Feira,No sentido crescente da quilometragem,38.7369818,-9.1452231,Direita,Dentro das localidades,Avenidas Novas,,Colisão,Colisão traseira com outro veículo em movimento,Recta,Em patamar,Berma pavimentada,Em plena via,Em estado regular,Outra via,Sentido único,Com marcas,Inexistentes,Outros,A funcionar normalmente,Betuminoso,Em cruzamento,Bom tempo,Em pleno dia,Seco e limpo,0,0,1,Arruamento com separador,Via Secundária,28,,Avenida República,Sem GPS - estimado,2019,4,29,17,Tarde,Primavera,1,0,3,2,0,0,0,0,0,0,0,0,0,0,0,0,0,1,0,1,0,0,0,7,2
956,20191676583,2019-05-03 23:00:00,Sexta-Feira,No sentido decrescente da quilometragem,,,Direita,Dentro das localidades,Carnide,,Colisão,Colisão traseira com outro veículo em movimento,Curva,Com inclinação,Berma pavimentada,Em plena via,Em bom estado,Outra via,Sentido único,Com marcas,Inexistentes,Outros,A funcionar normalmente,Betuminoso,Em entroncamento,Bom tempo,"Noite, com iluminação",Seco e limpo,0,0,1,Arruamento com separador,Via Secundária,0,,Avenida Lusíada,Sem GPS - não estimado,2019,5,3,23,Noite,Primavera,1,0,3,2,0,0,0,0,0,0,0,0,0,0,0,0,0,1,0,0,0,0,0,,7
957,20191676592,2019-05-08 10:50:00,Quarta-Feira,NÃO DEFINIDO,38.7041267999999,-9.19380469999999,Direita,Dentro das localidades,Ajuda,Lisboa,Atropelamento,Atropelamento de peões,Recta,Com inclinação,Sem berma ou impraticável,Em plena via,Em estado regular,Estrada sem separador,Dois sentidos,Com marcas,Inexistentes,Outros,Inexistentes,Betuminoso,Fora da intersecção,Chuva,Em pleno dia,Molhado,0,0,1,Arruamento sem separador,Via Secundária,6,,Largo Boa Hora à Ajuda,Sem GPS - estimado,2019,5,8,10,Manhã,Primavera,1,0,3,1,0,1,0,0,0,0,0,0,0,0,0,0,0,1,0,0,0,0,1,,5
958,20191676625,2019-05-06 20:30:00,Segunda-Feira,NÃO DEFINIDO,38.7489141,-9.1914526,Direita,Dentro das localidades,Benfica,,Colisão,Colisão traseira com outro veículo em movimento,Recta,Em patamar,Berma pavimentada,Em plena via,Em estado regular,Estrada sem separador,Sentido único,Com marcas,Inexistentes,Outros,Inexistentes,Betuminoso,Fora da intersecção,Bom tempo,"Noite, com iluminação",Seco e limpo,0,0,1,Arruamento sem separador,Via Secundária,13,,Rua Joaquim Paço D'Arcos,Sem GPS - estimado,2019,5,6,20,Noite,Primavera,1,0,3,2,0,0,0,0,0,0,0,0,0,0,0,0,0,1,0,1,0,0,0,38,4
959,20191676664,2019-04-30 23:50:00,Terça-Feira,NÃO DEFINIDO,38.7236627,-9.1526183,Esquerda,Dentro das localidades,Avenidas Novas,,Colisão,Colisão lateral com outro veículo em movimento,Recta,Em patamar,Berma pavimentada,Em plena via,Em estado regular,Estrada sem separador,Dois sentidos,Com marcas,Inexistentes,Outros,A funcionar normalmente,Betuminoso,Fora da intersecção,Bom tempo,"Noite, com iluminação",Seco e limpo,0,0,1,Arruamento sem separador,Via Secundária,59,,Rua Castilho,Sem GPS - estimado,2019,4,30,23,Noite,Primavera,1,0,3,2,0,0,0,0,0,0,0,0,0,0,0,0,0,1,0,1,0,0,0,13,6
960,20191676668,2019-05-14 15:05:00,Terça-Feira,NÃO DEFINIDO,,,Central,Dentro das localidades,Lumiar,Lisboa,Despiste,Despiste sem dispositivo de retenção,Curva,Em patamar,Sem berma ou impraticável,Em plena via,Em bom estado,Estrada sem separador,Sentido único,Com marcas,Inexistentes,Passagem de peões,A funcionar normalmente,Betuminoso,Em rotunda,Bom tempo,Em pleno dia,Seco e limpo,0,0,1,Arruamento sem separador,Via Secundária,0,,ROTUNDA DOS CORVOS,Sem GPS - não estimado,2019,5,14,15,Tarde,Primavera,1,0,3,1,0,0,0,0,0,0,0,0,0,0,0,0,1,0,0,1,0,0,0,,1
961,20191676669,2019-04-24 11:05:00,Quarta-Feira,No sentido decrescente da quilometragem,,,Direita,Dentro das localidades,Arroios,,Colisão,Colisão lateral com outro veículo em movimento,Recta,Em patamar,Berma pavimentada,Em plena via,Em estado regular,Outra via,Sentido único,Com marcas,Inexistentes,Outros,A funcionar normalmente,Betuminoso,Em entroncamento,Chuva,Em pleno dia,Húmido,0,0,1,Arruamento com separador,Via Secundária,0,,Avenida Almirante Reis,Sem GPS - não estimado,2019,4,24,11,Manhã,Primavera,1,0,3,2,0,0,0,0,0,0,0,0,0,0,0,0,0,1,0,0,0,1,0,,2
962,20191676671,2019-05-09 11:30:00,Quinta-Feira,NÃO DEFINIDO,38.7922690999999,-9.15095859999999,Esquerda,Dentro das localidades,Santa Clara,,Atropelamento,Atropelamento de peões,Recta,Em patamar,Berma pavimentada,Em plena via,Em bom estado,Estrada sem separador,Sentido único,Com marcas,Inexistentes,Passagem de peões,Inexistentes,Betuminoso,Fora da intersecção,Chuva,Em pleno dia,Molhado,0,0,1,Arruamento sem separador,Via Secundária,1,,Largo Galinheiras,Sem GPS - estimado,2019,5,9,11,Manhã,Primavera,1,0,3,1,0,1,0,0,0,0,0,0,0,0,1,0,0,1,0,0,0,0,1,,4
963,20191676713,2019-05-10 16:42:00,Sexta-Feira,No sentido decrescente da quilometragem,,,Direita,Dentro das localidades,Carnide,,Colisão,Colisão lateral com outro veículo em movimento,Recta,Em patamar,Berma pavimentada,Em plena via,Em estado regular,Outra via,Sentido único,Com marcas,Inexistentes,Outros,Inexistentes,Betuminoso,Fora da intersecção,Bom tempo,Em pleno dia,Seco e limpo,0,0,1,Arruamento com separador,2ª Circular,2.50,,Avenida General Norton de Matos,Sem GPS - não estimado,2019,5,10,16,Tarde,Primavera,1,0,3,2,0,0,0,0,0,0,0,0,0,0,0,0,0,1,0,1,0,0,0,,2
964,20191676715,2019-05-11 19:50:00,Sábado,NÃO DEFINIDO,38.7354905999999,-9.1275855,Direita,Dentro das localidades,Penha de França,,Atropelamento,Atropelamento de animais,Recta,Em patamar,Berma pavimentada,Em plena via,Em estado regular,Estrada sem separador,Dois sentidos,Com marcas,Inexistentes,Outros,Inexistentes,Betuminoso,Fora da intersecção,Bom tempo,Em pleno dia,Seco e limpo,0,0,1,Arruamento sem separador,Via Secundária,3,,Rua Coronel Ferreira do Amaral,Sem GPS - estimado,2019,5,11,19,Noite,Primavera,0,0,3,1,0,0,0,0,0,0,0,0,0,0,0,0,0,0,0,1,0,0,0,43,6
965,20191676737,2019-05-14 13:16:00,Terça-Feira,NÃO DEFINIDO,38.7562349,-9.15166679999999,Direita,Dentro das localidades,Alvalade,Lisboa,Atropelamento,Atropelamento de peões,Recta,Com inclinação,Sem berma ou impraticável,Em parque de estacionamento,NÃO DEFINIDO,Estrada sem separador,Dois sentidos,Sem marcas rodoviárias ou pouco visíveis,Inexistentes,NÃO DEFINIDO,Inexistentes,Betão de cimento,Fora da intersecção,Bom tempo,Em pleno dia,NÃO DEFINIDO,0,0,1,Arruamento sem separador,Via Secundária,298,,Campo Grande,Sem GPS - estimado,2019,5,14,13,Tarde,Primavera,1,0,3,2,0,1,0,0,0,0,0,0,0,0,0,0,0,1,0,0,0,0,1,,5
966,20191676768,2019-05-12 19:00:00,Domingo,NÃO DEFINIDO,38.741661,-9.112616,Direita,Dentro das localidades,Marvila,Lisboa,Colisão,Colisão com outras situações,Recta,Em patamar,Sem berma ou impraticável,Em plena via,Em bom estado,Estrada sem separador,Dois sentidos,Com marcas,Inexistentes,Cedência de passagem,Inexistentes,Betuminoso,Em entroncamento,Bom tempo,Em pleno dia,Seco e limpo,0,0,1,Arruamento sem separador,Via Secundária,0,,Rua Dinah Silveira de Queiroz,Localização GPS,2019,5,12,19,Noite,Primavera,0,0,3,2,0,0,0,0,0,0,0,0,0,0,0,0,0,1,0,1,0,0,0,,5
967,20191676772,2019-05-04 14:10:00,Sábado,NÃO DEFINIDO,38.7046395,-9.177055,Direita,Dentro das localidades,Alcântara,,Colisão,Colisão lateral com outro veículo em movimento,Recta,Em patamar,Berma pavimentada,Em plena via,Em estado regular,Estrada sem separador,Dois sentidos,Com marcas,Inexistentes,Outros,Inexistentes,Betuminoso,Fora da intersecção,Bom tempo,Em pleno dia,Seco e limpo,0,0,1,Arruamento sem separador,Via Secundária,19,,Largo Fontaínhas,Sem GPS - estimado,2019,5,4,14,Tarde,Primavera,0,0,3,2,0,0,0,0,0,0,0,0,0,0,0,0,0,1,0,0,0,1,0,16,6
968,20191676812,2019-04-29 10:05:00,Segunda-Feira,No sentido crescente da quilometragem,38.7885137,-9.1456108,Esquerda,Dentro das localidades,Lumiar,Lisboa,Atropelamento,Atropelamento de peões,Recta,Em patamar,Berma pavimentada,Em plena via,Em bom estado,Outra via,Sentido único,Com marcas,Inexistentes,Passagem de peões,Inexistentes,Betuminoso,Fora da intersecção,Bom tempo,Em pleno dia,Seco e limpo,0,0,1,Arruamento com separador,Via Secundária,0,,Rua Herninio da Palma Inácio,Sem GPS - estimado,2019,4,29,10,Manhã,Primavera,1,0,3,1,0,1,0,0,0,0,0,0,0,0,0,0,0,1,0,0,0,0,1,,0
969,20191676848,2019-05-15 15:17:00,Quarta-Feira,NÃO DEFINIDO,,,Direita,Dentro das localidades,Belém,,Colisão,Colisão choque em cadeia,Recta,Em patamar,Sem berma ou impraticável,Em plena via,Em estado regular,Estrada sem separador,Dois sentidos,Com marcas,Inexistentes,Outros,A funcionar normalmente,Betuminoso,Em entroncamento,Bom tempo,Em pleno dia,Seco e limpo,0,0,1,Arruamento sem separador,Via Secundária,0,,Avenida Índia,Sem GPS - não estimado,2019,5,15,15,Tarde,Primavera,1,0,3,3,0,0,0,0,0,0,0,0,0,0,0,0,1,1,0,1,0,0,0,,5
970,20191676876,2019-05-15 18:00:00,Quarta-Feira,NÃO DEFINIDO,38.7438112,-9.1130628,Direita,Dentro das localidades,Marvila,Lisboa,Atropelamento,Atropelamento de peões,Recta,Em patamar,Berma pavimentada,Em plena via,Em estado regular,Estrada sem separador,Dois sentidos,Sem marcas rodoviárias ou pouco visíveis,Inexistentes,Outros,Inexistentes,Betuminoso,Em entroncamento,Bom tempo,Em pleno dia,Seco e limpo,0,0,1,Arruamento sem separador,Via Secundária,1,,Praça Eduardo Mondlane,Sem GPS - estimado,2019,5,15,18,Noite,Primavera,1,0,3,1,0,1,0,0,0,0,0,0,0,0,0,0,0,1,0,0,0,0,1,,6
971,20191676879,2019-05-10 14:50:00,Sexta-Feira,NÃO DEFINIDO,,,Central,Dentro das localidades,Avenidas Novas,,Colisão,Colisão com fuga,Recta,Em patamar,Sem berma ou impraticável,Em plena via,Em bom estado,Estrada sem separador,Sentido único,Sem marcas rodoviárias ou pouco visíveis,Inexistentes,Outros,A funcionar normalmente,Betuminoso,Em cruzamento,Bom tempo,Em pleno dia,Seco e limpo,0,0,2,Arruamento sem separador,Via Secundária,0,,Avenida António José de Almeida,Sem GPS - não estimado,2019,5,10,14,Tarde,Primavera,1,0,6,2,1,0,0,0,0,0,0,0,0,0,0,0,0,1,0,1,0,0,0,,2
972,20191676926,2019-05-11 07:45:00,Sábado,NÃO DEFINIDO,38.7280519,-9.109021,Direita,Dentro das localidades,Beato,,Despiste,Despiste sem dispositivo de retenção,Curva,Em patamar,Berma pavimentada,Em plena via,Em estado regular,Estrada sem separador,Dois sentidos,Com marcas,Inexistentes,NÃO DEFINIDO,A funcionar normalmente,Betuminoso,Fora da intersecção,Bom tempo,Aurora ou crepúsculo,Seco e limpo,0,0,1,Arruamento sem separador,Via Secundária,3,,Rua Manutenção,Sem GPS - estimado,2019,5,11,7,Manhã,Primavera,0,0,3,1,0,0,0,0,0,0,0,0,0,0,0,0,0,0,0,1,0,0,0,,6
973,20191677014,2019-05-14 16:50:00,Terça-Feira,NÃO DEFINIDO,38.7115494999999,-9.14120269999999,Direita,Dentro das localidades,Santa Maria Maior,Lisboa,Atropelamento,Atropelamento de peões,Recta,Com inclinação,Sem berma ou impraticável,Em plena via,Em estado regular,Estrada sem separador,Sentido único,Sem marcas rodoviárias ou pouco visíveis,Correctamente sinalizados,Passagem de peões,Inexistentes,Betuminoso,Fora da intersecção,Bom tempo,Em pleno dia,Seco e limpo,0,0,1,Arruamento sem separador,Via Secundária,2,,TRAVESSA DO CARMO,Sem GPS - estimado,2019,5,14,16,Tarde,Primavera,1,0,3,1,0,1,0,0,0,0,0,0,0,0,0,0,1,1,0,0,0,0,1,10,5
974,20191677028,2019-05-16 14:00:00,Quinta-Feira,NÃO DEFINIDO,,,Direita,Dentro das localidades,Lumiar,,Colisão,Colisão traseira com outro veículo em movimento,Recta,Em patamar,Sem berma ou impraticável,Em plena via,Em bom estado,Estrada sem separador,Dois sentidos,Sem marcas rodoviárias ou pouco visíveis,Inexistentes,Outros,Inexistentes,Betuminoso,Fora da intersecção,Bom tempo,Em pleno dia,Seco e limpo,0,0,1,Arruamento sem separador,Via Secundária,0,,Rua Agostinho Neto,Sem GPS - não estimado,2019,5,16,14,Tarde,Primavera,1,0,3,2,0,0,0,0,0,0,0,0,0,0,0,0,1,1,0,1,0,0,0,,5
975,20191677048,2019-05-12 07:00:00,Domingo,NÃO DEFINIDO,,,Central,Dentro das localidades,Santa Maria dos Olivais,,Colisão,Colisão lateral com outro veículo em movimento,Recta,Com inclinação,Berma pavimentada,Em plena via,Em estado regular,Estrada sem separador,Sentido único,Com marcas,Inexistentes,Outros,A funcionar normalmente,Betuminoso,Fora da intersecção,Bom tempo,Em pleno dia,Seco e limpo,0,0,5,Arruamento sem separador,Via Secundária,0,,Avenida Marechal Gomes da Costa,Sem GPS - não estimado,2019,5,12,7,Manhã,Primavera,0,0,15,2,3,0,0,0,0,0,0,0,0,0,0,0,0,1,0,0,0,0,0,,1