,IdAcidente,Datahora,Dia da Semana,Sentidos,Latitude GPS,Longitude GPS,Via Trânsito,Localizações,Freguesia,Pov. Proxima,Tipo Natureza,Natureza,Tipo de Traçado,Inclinação do Traçado,Berma do Traçado,Localização do Traçado,Estado Conservação,Características Tecnicas,Reg Circulação,Marca Via,Obstáculos,Sinais,Sinais Luminosos,Tipo Piso,Intersecção Vias,Factores Atmosféricos,Luminosidade,Cond Aderência,VM,FG,FL,Tipos Vias,Via,Num arruamento,Km,Nome arruamento,Localização 2,Ano,Mês,Dia,Hora,Periodo,Estação,Dia Util,Gravidade,Indicador de Gravidade,Veículos envolvidos,Passageiros envolvidos,Peões envolvidos,Inf/Ação: Abertura de porta,Inf/Ação: Desrespeito da sinalização semafórica,Inf/Ação: Desrespeito da sinalização vertical,Inf/Ação: Desrespeito das distâncias de segurança,Inf/Ação: Desrespeito das marcas rodoviárias,Inf/Ação: Encandeamento,Inf/Ação: Manobra irregular,Inf/Ação: Não sinalização da manobra,Inf/Ação: Obstáculo imprevisto na faixa de rodagem,Inf/Ação: Rebentamento de pneumático,Inf/Ação: Velocidade excessiva para as condições existentes,Automóvel ligeiro,Automóvel pesado,Motociclos/Ciclomotores,Outros Veículos,Velocípedes,Peões,Numero Black Spot,Grupo Kmodes
976,20191677063,2019-05-07 10:30:00,Terça-Feira,NÃO DEFINIDO,,,Direita,Dentro das localidades,Alvalade,,Colisão,Colisão traseira com outro veículo em movimento,Recta,Em patamar,Berma pavimentada,Em plena via,Em estado regular,Outra via,Sentido único,Com marcas,Inexistentes,Outros,A funcionar normalmente,Betuminoso,Em cruzamento,Chuva,Em pleno dia,Molhado,0,0,1,Arruamento com separador,Via Secundária,0,,Avenida Professor Gama Pinto c/ Egas Moniz,Sem GPS - não estimado,2019,5,7,10,Manhã,Primavera,1,0,3,2,1,0,0,0,0,0,0,0,0,0,0,0,1,1,0,0,0,0,0,,2
977,20191677073,2019-05-16 10:00:00,Quinta-Feira,No sentido crescente da quilometragem,38.763441,-9.130826,Direita,Dentro das localidades,Alvalade,Lisboa,Colisão,Colisão com veiculo ou obstáculo na faixa de rodagem,Recta,Em patamar,Berma pavimentada,Em plena via,Em estado regular,Outra via,Sentido único,Com marcas,Inexistentes,Outros,Inexistentes,Betuminoso,Fora da intersecção,Bom tempo,Em pleno dia,Seco e limpo,0,0,1,Arruamento com separador,2ª Circular,0,,Avenida Marechal Craveiro Lopes,Localização GPS,2019,5,16,10,Manhã,Primavera,1,0,3,2,0,0,0,0,0,0,0,0,0,0,0,0,0,1,0,0,0,0,0,,2
978,20191677074,2019-05-08 19:45:00,Quarta-Feira,NÃO DEFINIDO,38.7260739,-9.1475867,Esquerda,Dentro das localidades,Arroios,,Colisão,Colisão traseira com outro veículo em movimento,Recta,Em patamar,Berma pavimentada,Em plena via,Em estado regular,Outra via,Sentido único,Com marcas,Inexistentes,Outros,Inexistentes,Betuminoso,Fora da intersecção,Bom tempo,Em pleno dia,Seco e limpo,0,0,1,Arruamento com separador,Via Secundária,95,,Avenida Duque Loulé,Sem GPS - estimado,2019,5,8,19,Noite,Primavera,1,0,3,2,0,0,0,0,0,0,0,0,0,0,0,0,0,1,0,0,0,0,0,,2
979,20191677162,2019-05-12 18:20:00,Domingo,NÃO DEFINIDO,38.6915837,-9.2159773,Direita,Dentro das localidades,Belém,,Atropelamento,Atropelamento de peões,Recta,Em patamar,Berma pavimentada,Em plena via,Em estado regular,Estrada sem separador,Sentido único,Sem marcas rodoviárias ou pouco visíveis,Inexistentes,Outros,A funcionar normalmente,Betuminoso,Em entroncamento,Bom tempo,Em pleno dia,Seco e limpo,0,0,1,Arruamento sem separador,Via Secundária,0,,Avenida Brasília,Sem GPS - estimado,2019,5,12,18,Noite,Primavera,0,0,3,1,0,1,0,0,0,0,0,0,0,0,0,0,0,1,0,0,0,0,1,,2
980,20191677172,2019-05-17 13:48:00,Sexta-Feira,NÃO DEFINIDO,38.764222,-9.176912,Direita,Dentro das localidades,Lumiar,Lisboa,Colisão,Colisão com veiculo ou obstáculo na faixa de rodagem,Recta,Em patamar,Berma pavimentada,Em parque de estacionamento,Em estado regular,Estrada sem separador,Sentido único,Com marcas,Inexistentes,Cedência de passagem,Inexistentes,Betão de cimento,Fora da intersecção,Bom tempo,Em pleno dia,Seco e limpo,0,0,1,Arruamento sem separador,Via Secundária,0,,Avenida Nações Unidas,Localização GPS,2019,5,17,13,Tarde,Primavera,1,0,3,2,0,0,0,0,1,0,0,0,0,0,0,0,0,1,0,0,0,0,0,46,4
981,20191677193,2019-05-13 13:20:00,Segunda-Feira,NÃO DEFINIDO,38.758115,-9.122924,Direita,Dentro das localidades,Marvila,Lisboa,Despiste,Despiste com colisão com veículo imobil. ou obstáculo,Curva,Em patamar,Sem berma ou impraticável,Em plena via,Em estado regular,Estrada sem separador,Dois sentidos,Sem marcas rodoviárias ou pouco visíveis,Inexistentes,Outros,Inexistentes,Betuminoso,Fora da intersecção,Bom tempo,Em pleno dia,Seco e limpo,0,0,1,Arruamento sem separador,Via Secundária,238,,Rua Luís Cristino da Silva,Sem GPS - estimado,2019,5,13,13,Tarde,Primavera,1,0,3,3,0,0,0,0,0,0,0,0,0,0,0,0,0,1,0,0,0,0,0,,5
982,20191677210,2019-05-13 16:30:00,Segunda-Feira,NÃO DEFINIDO,,,Direita,Dentro das localidades,Alcântara,,Colisão,Colisão lateral com outro veículo em movimento,Recta,Com inclinação,Berma pavimentada,Em plena via,Em estado regular,Estrada sem separador,Dois sentidos,Com marcas,Inexistentes,Outros,Inexistentes,Betuminoso,Em entroncamento,Bom tempo,Em pleno dia,Seco e limpo,0,0,1,Arruamento sem separador,Via Secundária,0,,Rua Lusíadas,Sem GPS - não estimado,2019,5,13,16,Tarde,Primavera,1,0,3,3,1,0,0,0,0,0,0,0,0,0,0,0,0,1,1,1,0,0,0,,5
983,20191677234,2019-05-07 12:30:00,Terça-Feira,NÃO DEFINIDO,,,Direita,Dentro das localidades,Avenidas Novas,Lisboa,Colisão,Colisão traseira com outro veículo em movimento,Recta,Em patamar,Berma pavimentada,Em plena via,Em estado regular,Outra via,Sentido único,Com marcas,Inexistentes,NÃO DEFINIDO,Inexistentes,Betuminoso,Fora da intersecção,Chuva,Em pleno dia,Molhado,0,0,2,Arruamento com separador,Via Secundária,0,,Avenida Berna,Sem GPS - não estimado,2019,5,7,12,Tarde,Primavera,1,0,6,2,2,0,0,0,0,0,0,0,0,0,0,0,0,1,0,0,0,0,0,,2
984,20191677238,2019-05-17 12:56:00,Sexta-Feira,No sentido decrescente da quilometragem,38.7380412999999,-9.1550827,Direita,Dentro das localidades,Avenidas Novas,Lisboa,Atropelamento,Atropelamento de peões,Recta,Em patamar,Sem berma ou impraticável,Em plena via,Em estado regular,Outra via,Sentido único,Com marcas,Inexistentes,Outros,A funcionar normalmente,Betuminoso,Fora da intersecção,Bom tempo,Em pleno dia,Seco e limpo,0,0,1,Arruamento com separador,Via Secundária,45,,Avenida Berna,Sem GPS - estimado,2019,5,17,12,Tarde,Primavera,1,0,3,1,0,1,0,0,0,0,0,0,1,0,0,0,0,1,0,0,0,0,1,6,2
985,20191677244,2019-05-07 10:50:00,Terça-Feira,NÃO DEFINIDO,38.723235,-9.148588,Esquerda,Dentro das localidades,Santo António,,Colisão,Colisão com outras situações,Recta,Com inclinação,Berma pavimentada,Em plena via,Em estado regular,Estrada sem separador,Dois sentidos,Com marcas,Inexistentes,Outros,A funcionar normalmente,Betuminoso,Em cruzamento,Chuva,Em pleno dia,Molhado,0,0,1,Arruamento sem separador,Via Secundária,0,,Avenida Liberdade,Localização GPS,2019,5,7,10,Manhã,Primavera,1,0,3,2,0,0,0,0,0,0,0,0,0,0,0,0,0,1,0,1,0,0,0,13,3
986,20191677249,2019-05-12 10:30:00,Domingo,NÃO DEFINIDO,,,Direita,Dentro das localidades,Campolide,Lisboa,Colisão,Colisão com fuga,Recta,Em patamar,Berma pavimentada,Em plena via,Em estado regular,Estrada sem separador,Dois sentidos,Com marcas,Inexistentes,NÃO DEFINIDO,A funcionar normalmente,Betuminoso,Em cruzamento,Bom tempo,Em pleno dia,Seco e limpo,0,0,4,Arruamento sem separador,Via Secundária,0,,Rua Campolide,Sem GPS - não estimado,2019,5,12,10,Manhã,Primavera,0,0,12,3,3,0,0,0,0,0,0,0,0,0,0,0,0,1,0,1,0,0,0,,6
987,20191677268,2019-05-13 16:00:00,Segunda-Feira,NÃO DEFINIDO,38.7546381,-9.14081569999999,Direita,Dentro das localidades,Alvalade,,Atropelamento,Atropelamento de peões,Recta,Com inclinação,Sem berma ou impraticável,Em plena via,Em bom estado,Estrada sem separador,Sentido único,Com marcas,Inexistentes,Passagem de peões,Inexistentes,Betuminoso,Fora da intersecção,Bom tempo,Em pleno dia,Seco e limpo,0,0,1,Arruamento sem separador,Via Secundária,22,,Rua José Duro,Sem GPS - estimado,2019,5,13,16,Tarde,Primavera,1,0,3,1,0,1,0,0,0,0,0,0,0,0,0,0,0,1,0,0,0,0,1,45,0
988,20191677277,2019-05-07 14:00:00,Terça-Feira,No sentido decrescente da quilometragem,,,Direita,Dentro das localidades,Carnide,,Despiste,Despiste com dispositivo de retenção,Recta,Em patamar,Berma pavimentada,Em plena via,Em bom estado,Outra via,Sentido único,Com marcas,Inexistentes,Outros,Inexistentes,Betuminoso,Fora da intersecção,Chuva,Em pleno dia,Molhado,0,0,1,Arruamento com separador,2ª Circular,0,,Avenida Eusébio da Silva Ferreira,Sem GPS - não estimado,2019,5,7,14,Tarde,Primavera,1,0,3,1,0,0,0,0,0,0,0,0,0,0,0,0,0,0,0,1,0,0,0,,0
989,20191677341,2019-05-18 15:30:00,Sábado,NÃO DEFINIDO,38.7071505999999,-9.1417143,Direita,Dentro das localidades,Santa Maria Maior,,Atropelamento,Atropelamento de peões,Curva,Em patamar,Sem berma ou impraticável,Em plena via,Em estado regular,Estrada sem separador,Dois sentidos,Com marcas,Inexistentes,Outros,Inexistentes,Calçada,Em entroncamento,Bom tempo,Em pleno dia,Seco e limpo,0,0,1,Arruamento sem separador,Via Secundária,172,,Rua Arsenal,Sem GPS - estimado,2019,5,18,15,Tarde,Primavera,0,0,3,1,0,1,0,0,0,0,0,0,0,0,0,0,1,1,0,0,0,0,1,10,5
990,20191677344,2019-05-18 11:30:00,Sábado,NÃO DEFINIDO,38.709688,-9.1365923,Direita,Dentro das localidades,Santa Maria Maior,Lisboa,Atropelamento,Atropelamento de peões,Recta,Em patamar,Sem berma ou impraticável,Em plena via,Em bom estado,Estrada sem separador,Dois sentidos,Com marcas,Inexistentes,Outros,A funcionar normalmente,Betuminoso,Fora da intersecção,Bom tempo,Em pleno dia,Seco e limpo,0,0,1,Arruamento sem separador,Via Secundária,65,,Rua Conceição,Sem GPS - estimado,2019,5,18,11,Manhã,Primavera,0,0,3,1,0,1,0,0,0,0,0,0,0,0,0,0,0,1,0,0,0,0,1,14,5
991,20191677374,2019-05-13 08:10:00,Segunda-Feira,NÃO DEFINIDO,38.7743825,-9.1109919,Direita,Dentro das localidades,Santa Maria dos Olivais,Lisboa,Colisão,Colisão lateral com outro veículo em movimento,Recta,Em patamar,Sem berma ou impraticável,Em plena via,Em estado regular,Estrada sem separador,Dois sentidos,Com marcas,Inexistentes,Outros,Inexistentes,Betuminoso,Fora da intersecção,Bom tempo,Em pleno dia,Seco e limpo,0,0,1,Arruamento sem separador,Via Secundária,127,,Rua Sargento Armando Monteiro Ferreira,Sem GPS - estimado,2019,5,13,8,Manhã,Primavera,1,0,3,2,0,0,0,0,0,0,0,0,1,0,0,0,1,1,0,1,0,0,0,,5
992,20191677389,2019-05-14 17:23:00,Terça-Feira,NÃO DEFINIDO,,,Direita,Dentro das localidades,Marvila,,Colisão,Colisão com fuga,Recta,Em patamar,Sem berma ou impraticável,Em plena via,Em estado regular,Outra via,Sentido único,Com marcas,Inexistentes,Outros,Inexistentes,Betuminoso,Fora da intersecção,Bom tempo,Em pleno dia,Seco e limpo,0,0,1,Arruamento com separador,Via Secundária,0,,Avenida Francisco Salgado Zenha,Sem GPS - não estimado,2019,5,14,17,Tarde,Primavera,1,0,3,2,0,0,0,0,0,0,0,0,0,0,0,0,0,1,0,1,0,0,0,,2
993,20191677396,2019-05-14 15:00:00,Terça-Feira,NÃO DEFINIDO,,,Direita,Dentro das localidades,Parque das Nações,,Despiste,Despiste sem dispositivo de retenção,Recta,Em patamar,Sem berma ou impraticável,Em plena via,Em estado regular,Outra via,Sentido único,Sem marcas rodoviárias ou pouco visíveis,Inexistentes,Outros,Inexistentes,Calçada,Fora da intersecção,Bom tempo,Em pleno dia,Seco e limpo,0,0,1,Arruamento com separador,Via Secundária,0,,Alameda Oceanos,Sem GPS - não estimado,2019,5,14,15,Tarde,Primavera,1,0,3,1,0,0,0,0,0,0,0,0,0,0,0,0,0,0,0,0,0,1,0,,2
994,20191677415,2019-05-08 08:40:00,Quarta-Feira,NÃO DEFINIDO,,,Direita,Dentro das localidades,Avenidas Novas,,Despiste,Despiste sem dispositivo de retenção,Recta,Em patamar,Berma pavimentada,Em plena via,Em bom estado,Estrada sem separador,Sentido único,Sem marcas rodoviárias ou pouco visíveis,Inexistentes,Outros,Inexistentes,Betuminoso,Fora da intersecção,Bom tempo,Em pleno dia,Seco e limpo,0,0,1,Arruamento sem separador,Via Secundária,0,,Alameda Edgar Cardoso,Sem GPS - não estimado,2019,5,8,8,Manhã,Primavera,1,0,3,1,0,0,0,0,0,0,0,0,0,0,0,0,0,0,0,1,0,0,0,,4
995,20191677455,2019-05-04 16:15:00,Sábado,NÃO DEFINIDO,,,Direita,Dentro das localidades,Parque das Nações,,Colisão,Colisão lateral com outro veículo em movimento,Recta,Em patamar,Berma pavimentada,Em plena via,Em estado regular,Estrada sem separador,Dois sentidos,Com marcas,Inexistentes,Cedência de passagem,Inexistentes,Betuminoso,Em cruzamento,Bom tempo,Em pleno dia,Seco e limpo,0,0,1,Arruamento sem separador,Via Secundária,0,,Rua Polo Sul,Sem GPS - não estimado,2019,5,4,16,Tarde,Primavera,0,0,3,2,1,0,0,0,0,0,0,0,0,0,0,0,0,1,0,0,0,0,0,,6
996,20191677477,2019-05-09 18:15:00,Quinta-Feira,NÃO DEFINIDO,38.7259649,-9.1325575,Direita,Dentro das localidades,Arroios,Lisboa,Colisão,Colisão traseira com outro veículo em movimento,Recta,Em patamar,Sem berma ou impraticável,Em plena via,Em estado regular,Estrada sem separador,Sentido único,Sem marcas rodoviárias ou pouco visíveis,Inexistentes,Passagem de peões,Inexistentes,Betuminoso,Fora da intersecção,Bom tempo,Em pleno dia,Seco e limpo,0,0,1,Arruamento sem separador,Via Secundária,47,,Praça Novas Nações,Sem GPS - estimado,2019,5,9,18,Noite,Primavera,1,0,3,2,1,0,0,0,0,0,0,0,0,0,0,0,1,1,0,0,0,0,0,,4
997,20191677493,2019-05-19 10:20:00,Domingo,No sentido decrescente da quilometragem,,,Esquerda,Fora das localidades,Alcântara,Lisboa,Colisão,Colisão choque em cadeia,Recta,Com inclinação,Sem berma ou impraticável,Em plena via,Em estado regular,Auto-estrada,Sentido único,Com marcas,Inexistentes,Outros,Inexistentes,Betuminoso,Fora da intersecção,Bom tempo,Em pleno dia,Seco e limpo,0,0,1,A  - Auto-Estrada,A2-PNT25ABRIL,,2.5,,Sem GPS - não estimado,2019,5,19,10,Manhã,Primavera,0,0,3,5,1,0,0,0,0,0,0,0,0,0,0,0,1,1,0,0,0,0,0,,5
998,20191677515,2019-05-19 16:10:00,Domingo,NÃO DEFINIDO,38.7678391,-9.101296,Esquerda,Dentro das localidades,Parque das Nações,,Atropelamento,Atropelamento de peões,Recta,Em patamar,Berma pavimentada,Em plena via,Em bom estado,Outra via,Sentido único,Com marcas,Inexistentes,NÃO DEFINIDO,A funcionar normalmente,Betuminoso,Fora da intersecção,Bom tempo,Em pleno dia,Seco e limpo,0,0,1,Arruamento com separador,Via Secundária,1,,Avenida Dom João II,Sem GPS - estimado,2019,5,19,16,Tarde,Primavera,0,0,3,1,0,1,0,0,0,0,0,0,0,0,0,0,0,1,0,0,0,0,1,,2
999,20191677520,2019-05-09 09:00:00,Quinta-Feira,NÃO DEFINIDO,38.7221076,-9.1571699,Direita,Dentro das localidades,Campo de Ourique,,Colisão,Colisão lateral com outro veículo em movimento,Recta,Com inclinação,Berma pavimentada,Em plena via,Em estado regular,Estrada sem separador,Dois sentidos,Com marcas,Inexistentes,Cedência de passagem,Inexistentes,Betuminoso,Em entroncamento,Chuva,Em pleno dia,Molhado,0,0,1,Arruamento sem separador,Via Secundária,69,,Rua Amoreiras,Sem GPS - estimado,2019,5,9,9,Manhã,Primavera,1,0,3,2,0,0,0,0,0,0,0,0,0,0,0,0,0,1,0,1,0,0,0,,3
1000,20191677548,2019-05-08 12:50:00,Quarta-Feira,No sentido crescente da quilometragem,,,Direita,Dentro das localidades,Benfica,,Colisão,Colisão traseira com outro veículo em movimento,Curva,Com inclinação,Berma pavimentada,Em plena via,Em estado regular,Outra via,Sentido único,Com marcas,Inexistentes,Outros,Inexistentes,Betuminoso,Fora da intersecção,Bom tempo,Em pleno dia,Seco e limpo,0,0,1,Arruamento com separador,Via Secundária,0,,Avenida Lusiada,Sem GPS - não estimado,2019,5,8,12,Tarde,Primavera,1,0,3,2,0,0,0,0,0,0,0,0,0,0,0,0,0,1,0,0,0,0,0,,1
1001,20191677553,2019-05-20 12:50:00,Segunda-Feira,No sentido decrescente da quilometragem,38.7002694999999,-9.2236641,Direita,Dentro das localidades,Belém,Lisboa,Atropelamento,Atropelamento de peões,Recta,Com inclinação,Berma pavimentada,Em plena via,Em bom estado,Outra via,Sentido único,Com marcas,Inexistentes,Outros,Inexistentes,Betuminoso,Fora da intersecção,Bom tempo,Em pleno dia,Seco e limpo,0,0,1,Arruamento com separador,Via Secundária,36,,Avenida Dom Vasco da Gama,Sem GPS - estimado,2019,5,20,12,Tarde,Primavera,1,0,3,1,0,1,0,0,0,0,0,0,0,0,0,0,0,1,0,0,0,0,1,,0
1002,20191677606,2019-05-08 09:20:00,Quarta-Feira,No sentido crescente da quilometragem,38.748759,-9.131034,Esquerda,Dentro das localidades,Alvalade,,Colisão,Colisão com outras situações,Recta,Em patamar,Berma pavimentada,Em plena via,Em bom estado,Outra via,Sentido único,Com marcas,Inexistentes,Outros,A funcionar normalmente,Betuminoso,Em cruzamento,Chuva,Em pleno dia,Molhado,0,0,1,Arruamento com separador,Via Secundária,0,,Avenida Almirante Gago Coutinho,Localização GPS,2019,5,8,9,Manhã,Primavera,1,0,3,2,0,0,0,0,0,0,0,0,0,0,0,0,0,1,0,1,0,0,0,64,2
1003,20191677623,2019-05-16 14:30:00,Quinta-Feira,NÃO DEFINIDO,,,Esquerda,Dentro das localidades,Avenidas Novas,Lisboa,Colisão,Colisão traseira com outro veículo em movimento,Recta,Com inclinação,Sem berma ou impraticável,Em plena via,Em estado regular,Outra via,Sentido único,Com marcas,Inexistentes,Outros,A funcionar normalmente,Betuminoso,Fora da intersecção,Bom tempo,Em pleno dia,Seco e limpo,0,0,1,Arruamento com separador,Via Secundária,0,,Avenida das Forças Armadas,Sem GPS - não estimado,2019,5,16,14,Tarde,Primavera,1,0,3,2,0,0,0,0,0,0,0,0,0,0,0,0,0,1,0,1,0,0,0,,2
1004,20191677643,2019-05-14 08:50:00,Terça-Feira,No sentido crescente da quilometragem,,,Central,Dentro das localidades,Alvalade,,Colisão,Colisão traseira com outro veículo em movimento,Recta,Em patamar,Berma pavimentada,Em plena via,Em estado regular,Outra via,Sentido único,Com marcas,Inexistentes,Outros,Inexistentes,Betuminoso,Fora da intersecção,Bom tempo,Em pleno dia,Seco e limpo,0,0,1,Arruamento com separador,Via Secundária,0,,Avenida Almirante Gago Coutinho,Sem GPS - não estimado,2019,5,14,8,Manhã,Primavera,1,0,3,2,1,0,0,0,0,0,0,0,0,0,0,0,0,1,0,0,0,0,0,,2
1005,20191677716,2019-05-20 10:14:00,Segunda-Feira,No sentido decrescente da quilometragem,38.7727636999999,-9.1615137,Esquerda,Dentro das localidades,Lumiar,,Atropelamento,Atropelamento de peões,Recta,Em patamar,Sem berma ou impraticável,Em plena via,Em estado regular,Outra via,Sentido único,Com marcas,Inexistentes,Outros,Inexistentes,Betuminoso,Fora da intersecção,Bom tempo,Em pleno dia,Seco e limpo,0,0,1,Arruamento com separador,Via Secundária,255,,Alameda Linhas de Torres,Sem GPS - estimado,2019,5,20,10,Manhã,Primavera,1,0,3,1,0,1,0,0,0,0,0,0,0,0,0,0,0,0,1,0,0,0,1,51,2
1006,20191677718,2019-05-16 22:45:00,Quinta-Feira,No sentido decrescente da quilometragem,,,Direita,Dentro das localidades,São Domingos de Benfica,,Colisão,Colisão traseira com outro veículo em movimento,Recta,Com inclinação,Berma pavimentada,Em plena via,Em estado regular,Outra via,Sentido único,Sem marcas rodoviárias ou pouco visíveis,Inexistentes,Outros,Inexistentes,Betuminoso,Em cruzamento,Bom tempo,"Noite, com iluminação",Seco e limpo,0,0,1,Arruamento com separador,2ª Circular,0,,Avenida Eusébio da Silva Ferreira,Sem GPS - não estimado,2019,5,16,22,Noite,Primavera,1,0,3,2,0,0,0,0,0,0,0,0,0,0,0,0,0,1,0,0,0,0,0,,0
1007,20191677739,2019-05-17 21:00:00,Sexta-Feira,NÃO DEFINIDO,38.7153685,-9.1319149,Direita,Dentro das localidades,Santa Maria Maior,Lisboa,Despiste,Despiste com colisão com veículo imobil. ou obstáculo,Recta,Com inclinação,Berma pavimentada,Em plena via,Em estado regular,Estrada sem separador,Dois sentidos,Sem marcas rodoviárias ou pouco visíveis,Inexistentes,NÃO DEFINIDO,Inexistentes,Calçada,Fora da intersecção,Bom tempo,"Noite, com iluminação",Seco e limpo,0,0,1,Arruamento sem separador,Via Secundária,1,,Calçada Santo André,Sem GPS - estimado,2019,5,17,21,Noite,Primavera,1,0,3,2,0,0,0,0,0,0,0,0,0,0,0,0,0,1,0,1,0,0,0,,3
1008,20191677743,2019-05-16 09:45:00,Quinta-Feira,NÃO DEFINIDO,38.7438362999999,-9.1393492,Direita,Dentro das localidades,Areeiro,,Atropelamento,Atropelamento de peões,Recta,Em patamar,Berma pavimentada,Em plena via,Em estado regular,Outra via,Sentido único,Sem marcas rodoviárias ou pouco visíveis,Inexistentes,NÃO DEFINIDO,Inexistentes,Calçada,Fora da intersecção,Bom tempo,Em pleno dia,Seco e limpo,0,0,1,Arruamento com separador,Via Secundária,19,,Avenida Roma,Sem GPS - estimado,2019,5,16,9,Manhã,Primavera,1,0,3,1,0,1,0,0,0,1,0,0,0,0,0,0,0,1,0,0,0,0,1,19,2
1009,20191677750,2019-05-17 20:30:00,Sexta-Feira,NÃO DEFINIDO,38.7036408,-9.1674664,Direita,Dentro das localidades,Estrela,,Atropelamento,Atropelamento de peões,Recta,Em patamar,Sem berma ou impraticável,Em plena via,Em bom estado,Outra via,Sentido único,Com marcas,Inexistentes,Outros,A funcionar normalmente,Betuminoso,Fora da intersecção,Bom tempo,Aurora ou crepúsculo,Seco e limpo,0,0,1,Arruamento com separador,Via Secundária,149,,Avenida 24 de Julho,Sem GPS - estimado,2019,5,17,20,Noite,Primavera,1,0,3,1,0,1,0,0,0,0,0,0,0,0,0,0,0,1,0,0,0,0,1,,2
1010,20191677777,2019-05-15 12:00:00,Quarta-Feira,No sentido crescente da quilometragem,,,Direita,Dentro das localidades,Lumiar,Lisboa,Colisão,Colisão lateral com outro veículo em movimento,Recta,Em patamar,Sem berma ou impraticável,Em plena via,Em bom estado,Outra via,Sentido único,Com marcas,Inexistentes,Outros,A funcionar normalmente,Betuminoso,Em via de aceleração,Bom tempo,Em pleno dia,Seco e limpo,0,0,1,Arruamento com separador,Via Secundária,0,,Avenida Padre Cruz,Sem GPS - não estimado,2019,5,15,12,Tarde,Primavera,1,0,3,2,0,0,0,0,0,0,0,0,0,0,0,0,0,1,0,1,0,0,0,,2
1011,20191677794,2019-05-17 18:25:00,Sexta-Feira,NÃO DEFINIDO,,,Central,Dentro das localidades,Santa Maria dos Olivais,Lisboa,Colisão,Colisão traseira com outro veículo em movimento,Curva,Com inclinação,Sem berma ou impraticável,Em plena via,Em estado regular,Outra via,Sentido único,Com marcas,Inexistentes,Outros,Inexistentes,Betuminoso,Fora da intersecção,Bom tempo,Em pleno dia,Seco e limpo,0,0,1,Arruamento com separador,Via Secundária,0,,Avenida Cidade de Luanda,Sem GPS - não estimado,2019,5,17,18,Noite,Primavera,1,0,3,2,0,0,0,0,0,1,0,0,0,0,0,0,0,1,0,0,0,0,0,,1
1012,20191677795,2019-05-16 15:30:00,Quinta-Feira,NÃO DEFINIDO,38.7461254999999,-9.0974469,Direita,Dentro das localidades,Estrela,Lisboa,Atropelamento,Atropelamento com fuga,Recta,Em patamar,Berma pavimentada,Em plena via,Em estado regular,Estrada sem separador,Dois sentidos,Com marcas,Inexistentes,Outros,Inexistentes,Betuminoso,Fora da intersecção,Bom tempo,Em pleno dia,Seco e limpo,0,0,1,Arruamento sem separador,Via Secundária,1,,Rua Cintura do Porto de Lisboa,Sem GPS - estimado,2019,5,16,15,Tarde,Primavera,1,0,3,1,0,1,0,0,0,0,0,0,0,0,0,0,0,1,0,0,0,0,1,,6
1013,20191677867,2019-05-21 15:30:00,Terça-Feira,NÃO DEFINIDO,,,Esquerda,Dentro das localidades,Areeiro,,Colisão,Colisão lateral com outro veículo em movimento,Recta,Em patamar,Berma pavimentada,Em plena via,Em estado regular,Outra via,Sentido único,Sem marcas rodoviárias ou pouco visíveis,Inexistentes,NÃO DEFINIDO,A funcionar normalmente,Calçada,Em entroncamento,Bom tempo,Em pleno dia,Seco e limpo,0,0,1,Arruamento com separador,Via Secundária,0,,Avenida António José de Almeida,Sem GPS - não estimado,2019,5,21,15,Tarde,Primavera,1,0,3,2,0,0,0,0,0,1,0,0,0,0,0,0,0,1,0,1,0,0,0,,2
1014,20191677873,2019-05-21 16:45:00,Terça-Feira,NÃO DEFINIDO,38.7286714,-9.12710399999999,Direita,Dentro das localidades,Penha de França,Lisboa,Atropelamento,Atropelamento de peões,Recta,Com inclinação,Berma pavimentada,Em plena via,Em estado regular,Estrada sem separador,Sentido único,Sem marcas rodoviárias ou pouco visíveis,Inexistentes,NÃO DEFINIDO,Inexistentes,Betuminoso,Fora da intersecção,Bom tempo,Em pleno dia,Seco e limpo,0,0,1,Arruamento sem separador,Via Secundária,22,,Rua Teixeira Pinto,Sem GPS - estimado,2019,5,21,16,Tarde,Primavera,1,0,3,1,0,1,0,0,0,0,0,0,0,0,0,0,0,1,0,0,0,0,1,30,1
1015,20191677886,2019-05-17 23:55:00,Sexta-Feira,No sentido crescente da quilometragem,38.7460583,-9.1920781,Direita,Dentro das localidades,São Domingos de Benfica,,Colisão,Colisão com fuga,Curva,Com inclinação,Berma não pavimentada,Em plena via,Em bom estado,Outra via,Sentido único,Com marcas,Inexistentes,Outros,Inexistentes,Betuminoso,Fora da intersecção,Bom tempo,"Noite, com iluminação",Molhado,0,0,1,Arruamento com separador,2ª Circular,1,,Avenida Eusébio da Silva Ferreira,Sem GPS - estimado,2019,5,17,23,Noite,Primavera,1,0,3,1,0,0,0,0,0,0,0,0,0,0,0,0,0,1,0,0,0,0,0,55,0