,IdAcidente,Datahora,Dia da Semana,Sentidos,Latitude GPS,Longitude GPS,Via Trânsito,Localizações,Freguesia,Pov. Proxima,Tipo Natureza,Natureza,Tipo de Traçado,Inclinação do Traçado,Berma do Traçado,Localização do Traçado,Estado Conservação,Características Tecnicas,Reg Circulação,Marca Via,Obstáculos,Sinais,Sinais Luminosos,Tipo Piso,Intersecção Vias,Factores Atmosféricos,Luminosidade,Cond Aderência,VM,FG,FL,Tipos Vias,Via,Num arruamento,Km,Nome arruamento,Localização 2,Ano,Mês,Dia,Hora,Periodo,Estação,Dia Util,Gravidade,Indicador de Gravidade,Veículos envolvidos,Passageiros envolvidos,Peões envolvidos,Inf/Ação: Abertura de porta,Inf/Ação: Desrespeito da sinalização semafórica,Inf/Ação: Desrespeito da sinalização vertical,Inf/Ação: Desrespeito das distâncias de segurança,Inf/Ação: Desrespeito das marcas rodoviárias,Inf/Ação: Encandeamento,Inf/Ação: Manobra irregular,Inf/Ação: Não sinalização da manobra,Inf/Ação: Obstáculo imprevisto na faixa de rodagem,Inf/Ação: Rebentamento de pneumático,Inf/Ação: Velocidade excessiva para as condições existentes,Automóvel ligeiro,Automóvel pesado,Motociclos/Ciclomotores,Outros Veículos,Velocípedes,Peões,Numero Black Spot,Grupo Kmodes
1139,20191709076,2019-05-30 14:50:00,Quinta-Feira,No sentido crescente da quilometragem,38.7288523,-9.148121,Direita,Dentro das localidades,Santo António,Lisboa,Atropelamento,Atropelamento de peões,Recta,Em patamar,Berma pavimentada,Em via ou pista reservada,Em bom estado,Outra via,Sentido único,Com marcas,Inexistentes,Outros,Inexistentes,Betuminoso,Fora da intersecção,Bom tempo,Em pleno dia,Seco e limpo,0,0,2,Arruamento com separador,Via Secundária,11,,Avenida Fontes Pereira de Melo,Sem GPS - estimado,2019,5,30,14,Tarde,Primavera,1,0,6,1,0,1,0,0,0,0,0,0,0,0,0,0,0,0,0,0,0,1,1,22,0
1140,20191709086,2019-05-30 14:50:00,Quinta-Feira,NÃO DEFINIDO,,,Esquerda,Dentro das localidades,Areeiro,,Colisão,Colisão com outras situações,Recta,Com inclinação,Sem berma ou impraticável,Em plena via,Em estado regular,Outra via,Sentido único,Com marcas,Inexistentes,NÃO DEFINIDO,Inexistentes,Betuminoso,Fora da intersecção,Bom tempo,Em pleno dia,Seco e limpo,0,0,1,Arruamento com separador,Via Secundária,0,,Avenida João XXI,Sem GPS - não estimado,2019,5,30,14,Tarde,Primavera,1,0,3,3,0,0,0,0,0,0,0,0,0,0,0,0,0,1,0,0,0,0,0,,0
1141,20191709131,2019-05-30 14:57:00,Quinta-Feira,NÃO DEFINIDO,,,Central,Dentro das localidades,Parque das Nações,Lisboa,Colisão,Colisão lateral com outro veículo em movimento,Curva,Com inclinação,Sem berma ou impraticável,Em plena via,Em estado regular,Outra via,Sentido único,Com marcas,Inexistentes,Cedência de passagem,Inexistentes,Betuminoso,Em rotunda,Bom tempo,Em pleno dia,Seco e limpo,0,0,1,Arruamento com separador,Via Secundária,0,,Avenida Marechal Gomes da Costa,Sem GPS - não estimado,2019,5,30,14,Tarde,Primavera,1,0,3,2,0,0,0,0,1,0,0,0,0,0,0,0,0,1,0,1,0,0,0,,1
1142,20191709148,2019-05-25 12:30:00,Sábado,NÃO DEFINIDO,,,Direita,Dentro das localidades,Arroios,,Colisão,Colisão com outras situações,Recta,Com inclinação,Berma pavimentada,Em plena via,Em bom estado,Outra via,Dois sentidos,Com marcas,Inexistentes,Outros,A funcionar normalmente,Betuminoso,Em cruzamento,Bom tempo,Em pleno dia,Seco e limpo,0,0,1,Arruamento com separador,Via Secundária,0,,Rua Morais Soares,Sem GPS - não estimado,2019,5,25,12,Tarde,Primavera,0,0,3,2,0,0,0,0,1,0,0,0,0,0,0,0,0,1,0,1,0,0,0,,7
1143,20191709152,2019-05-24 17:20:00,Sexta-Feira,No sentido crescente da quilometragem,38.7185526,-9.1349443,Direita,Dentro das localidades,Arroios,,Atropelamento,Atropelamento com fuga,Recta,Em patamar,Sem berma ou impraticável,Em plena via,Em estado regular,Outra via,Sentido único,Sem marcas rodoviárias ou pouco visíveis,Inexistentes,Outros,Inexistentes,Calçada,Fora da intersecção,Bom tempo,Em pleno dia,Seco e limpo,0,0,1,Arruamento com separador,Via Secundária,154,,Rua Benformoso,Sem GPS - estimado,2019,5,24,17,Tarde,Primavera,1,0,3,1,0,1,0,0,0,0,0,0,0,0,0,0,0,1,0,0,0,0,1,,2
1144,20191709153,2019-05-24 15:00:00,Sexta-Feira,No sentido crescente da quilometragem,38.7544537,-9.1029959,Esquerda,Dentro das localidades,Santa Maria dos Olivais,Lisboa,Colisão,Colisão traseira com outro veículo em movimento,Recta,Com inclinação,Sem berma ou impraticável,Em plena via,Em estado regular,Outra via,Sentido único,Com marcas,Inexistentes,Outros,Inexistentes,Betuminoso,Fora da intersecção,Bom tempo,Em pleno dia,Seco e limpo,0,0,1,Arruamento com separador,Via Secundária,308,,Avenida Infante Dom Henrique,Sem GPS - estimado,2019,5,24,15,Tarde,Primavera,1,0,3,2,0,0,0,0,0,1,0,0,0,0,0,0,0,1,0,1,0,0,0,,0
1145,20191709155,2019-05-23 17:45:00,Quinta-Feira,No sentido crescente da quilometragem,,,Direita,Fora das localidades,Campolide,,Colisão,Colisão choque em cadeia,Recta,Com inclinação,Berma pavimentada,Em plena via,Em estado regular,Outra via,Sentido único,Com marcas,Inexistentes,Outros,Inexistentes,Betuminoso,Fora da intersecção,Bom tempo,Em pleno dia,Seco e limpo,0,0,1,IP - Itinerário Principal,IP7,,9.1,,Sem GPS - não estimado,2019,5,23,17,Tarde,Primavera,1,0,3,3,0,0,0,0,0,1,0,0,0,0,0,0,0,1,0,0,0,0,0,,0
1146,20191709157,2019-05-20 19:50:00,Segunda-Feira,NÃO DEFINIDO,,,Esquerda,Dentro das localidades,Lumiar,,Colisão,Colisão choque em cadeia,Curva,Em patamar,Sem berma ou impraticável,Em plena via,Em estado regular,Outra via,Sentido único,Sem marcas rodoviárias ou pouco visíveis,Inexistentes,Outros,A funcionar normalmente,Betuminoso,Em cruzamento,Bom tempo,Aurora ou crepúsculo,Seco e limpo,0,0,1,Arruamento com separador,Via Secundária,0,,Avenida Nações Unidas,Sem GPS - não estimado,2019,5,20,19,Noite,Primavera,1,0,3,3,0,0,0,0,0,1,0,0,0,0,0,0,0,1,0,0,0,0,0,,2
1147,20191709205,2019-05-31 11:00:00,Sexta-Feira,NÃO DEFINIDO,38.760601,-9.170491,Direita,Dentro das localidades,Alvalade,Lisboa,Colisão,Colisão traseira com outro veículo em movimento,Recta,Em patamar,Sem berma ou impraticável,Em plena via,Em estado regular,Estrada sem separador,Dois sentidos,Com marcas,Inexistentes,Outros,Inexistentes,Betuminoso,Fora da intersecção,Bom tempo,Em pleno dia,Seco e limpo,0,0,2,Arruamento sem separador,Via Secundária,2,,Rua Professor João Barreira,Sem GPS - estimado,2019,5,31,11,Manhã,Primavera,1,0,6,3,1,0,0,0,0,1,0,0,0,0,0,0,0,1,0,0,0,0,0,25,5
1148,20191709209,2019-05-31 09:55:00,Sexta-Feira,NÃO DEFINIDO,38.7530899,-9.1442644,Esquerda,Dentro das localidades,Alvalade,Lisboa,Despiste,Despiste sem dispositivo de retenção,Recta,Em patamar,Sem berma ou impraticável,Em plena via,Em estado regular,Estrada sem separador,Dois sentidos,Com marcas,Inexistentes,Outros,Inexistentes,Betuminoso,Fora da intersecção,Bom tempo,Em pleno dia,Seco e limpo,0,0,1,Arruamento sem separador,Via Secundária,39,,Avenida Igreja,Sem GPS - estimado,2019,5,31,9,Manhã,Primavera,1,0,3,2,1,0,0,0,0,0,0,0,0,0,0,0,0,1,0,1,0,0,0,45,5
1149,20191709211,2019-06-04 15:30:00,Terça-Feira,NÃO DEFINIDO,38.7146671,-9.1500391,Direita,Dentro das localidades,Misericórdia,,Colisão,Colisão lateral com outro veículo em movimento,Recta,Com inclinação,Berma pavimentada,Em plena via,Em estado regular,Estrada sem separador,Dois sentidos,Sem marcas rodoviárias ou pouco visíveis,Inexistentes,Passagem de peões,Inexistentes,Betuminoso,Em cruzamento,Bom tempo,Em pleno dia,Seco e limpo,0,0,1,Arruamento sem separador,Via Secundária,27,,Rua Palmeira,Sem GPS - estimado,2019,6,4,15,Tarde,Primavera,1,0,3,2,0,0,0,0,0,0,0,0,0,0,0,0,0,1,0,1,0,0,0,,5
1150,20191709224,2019-06-04 16:45:00,Terça-Feira,NÃO DEFINIDO,,,Direita,Dentro das localidades,Campolide,,Despiste,Despiste sem dispositivo de retenção,Recta,Em patamar,Sem berma ou impraticável,Em plena via,Em bom estado,Estrada sem separador,Dois sentidos,Sem marcas rodoviárias ou pouco visíveis,Inexistentes,Outros,Inexistentes,Calçada,Em via de aceleração,Bom tempo,Em pleno dia,Seco e limpo,0,0,1,Arruamento sem separador,Via Secundária,0,,Rua Dom Carlos de Mascarenhas,Sem GPS - não estimado,2019,6,4,16,Tarde,Primavera,1,0,3,1,0,0,0,0,0,0,0,0,0,0,0,0,0,0,0,1,0,0,0,,5
1151,20191709292,2019-05-31 17:00:00,Sexta-Feira,NÃO DEFINIDO,38.7306158,-9.1510862,Direita,Dentro das localidades,Avenidas Novas,,Atropelamento,Atropelamento de peões,Recta,Em patamar,Berma pavimentada,Em plena via,Em estado regular,Outra via,Sentido único,Com marcas,Inexistentes,NÃO DEFINIDO,A funcionar normalmente,Betuminoso,Fora da intersecção,Bom tempo,Em pleno dia,Seco e limpo,0,0,1,Arruamento com separador,Via Secundária,19,,Avenida António Augusto de Aguiar,Sem GPS - estimado,2019,5,31,17,Tarde,Primavera,1,0,3,1,0,1,0,0,0,0,0,0,0,0,0,0,0,1,0,0,0,0,1,35,2
1152,20191709298,2019-06-01 20:45:00,Sábado,No sentido decrescente da quilometragem,,,Direita,Dentro das localidades,Alvalade,Lisboa,Despiste,Despiste com transposição do dispositivo de retenção lateral,Curva,Em patamar,Sem berma ou impraticável,Em plena via,Em estado regular,Outra via,Sentido único,Sem marcas rodoviárias ou pouco visíveis,Inexistentes,Outros,Inexistentes,Betuminoso,Fora da intersecção,Bom tempo,"Noite, com iluminação",Seco e limpo,0,1,0,Arruamento com separador,2ª Circular,0,,Avenida Marechal Craveiro Lopes,Sem GPS - não estimado,2019,6,1,20,Noite,Primavera,0,1,10,1,0,0,0,0,0,0,0,0,0,0,0,0,0,0,0,1,0,0,0,,1
1153,20191709305,2019-06-03 15:25:00,Segunda-Feira,NÃO DEFINIDO,38.7248716,-9.1533922,Direita,Dentro das localidades,Avenidas Novas,Lisboa,Despiste,Despiste sem dispositivo de retenção,Recta,Com inclinação,Berma pavimentada,Em plena via,Em estado regular,Estrada sem separador,Dois sentidos,Com marcas,Não sinalizados,Outros,Inexistentes,Betuminoso,Fora da intersecção,Bom tempo,Em pleno dia,Seco e limpo,0,0,1,Arruamento sem separador,Via Secundária,203,,Rua Castilho,Sem GPS - estimado,2019,6,3,15,Tarde,Primavera,1,0,3,1,0,0,0,0,0,0,0,0,0,0,1,0,0,0,0,1,0,0,0,13,5
1154,20191709577,2019-06-05 20:15:00,Quarta-Feira,NÃO DEFINIDO,,,Direita,Dentro das localidades,Santa Maria dos Olivais,Lisboa,Colisão,Colisão traseira com outro veículo em movimento,Recta,Com inclinação,Sem berma ou impraticável,Em plena via,Em estado regular,Estrada sem separador,Sentido único,Sem marcas rodoviárias ou pouco visíveis,Inexistentes,Outros,Inexistentes,Betuminoso,Fora da intersecção,Bom tempo,Aurora ou crepúsculo,Seco e limpo,0,0,1,Arruamento sem separador,Via Secundária,0,,Acesso da Avenida de Berlim à Avenida Marechal Creveiro Lopes,Sem GPS - não estimado,2019,6,5,20,Noite,Primavera,1,0,3,2,1,0,0,0,0,1,0,0,0,0,0,0,0,1,0,0,0,0,0,,5
1155,20191709613,2019-06-05 11:40:00,Quarta-Feira,NÃO DEFINIDO,,,Direita,Dentro das localidades,Santa Maria Maior,,Colisão,Colisão com outras situações,Curva,Em patamar,Berma pavimentada,Em plena via,Em estado regular,Estrada sem separador,Dois sentidos,Com marcas,Inexistentes,NÃO DEFINIDO,Intermitente,Calçada,Em entroncamento,Bom tempo,Em pleno dia,Seco e limpo,0,0,1,Arruamento sem separador,Via Secundária,0,,Rua da Alfandega,Sem GPS - não estimado,2019,6,5,11,Manhã,Primavera,1,0,3,2,1,0,0,0,0,1,0,0,0,0,0,0,0,0,0,1,1,0,0,,6
1156,20191709614,2019-06-05 13:00:00,Quarta-Feira,NÃO DEFINIDO,38.781258,-9.11825,Direita,Dentro das localidades,Santa Maria dos Olivais,Lisboa,Atropelamento,Atropelamento de peões,Recta,Em patamar,Berma pavimentada,No passeio,Em estado regular,Estrada sem separador,Dois sentidos,Sem marcas rodoviárias ou pouco visíveis,Inexistentes,NÃO DEFINIDO,Inexistentes,Betuminoso,Fora da intersecção,Bom tempo,Em pleno dia,Seco e limpo,0,0,1,Arruamento sem separador,Via Secundária,0,,Rua Costa Malheiro,Sem GPS - estimado,2019,6,5,13,Tarde,Primavera,1,0,3,1,0,1,0,0,0,0,0,0,0,0,0,0,0,1,0,0,0,0,1,,6
1157,20191709623,2019-06-05 12:45:00,Quarta-Feira,NÃO DEFINIDO,38.7564435999999,-9.1465808,Direita,Dentro das localidades,Alvalade,Lisboa,Atropelamento,Atropelamento de peões,Recta,Em patamar,Berma pavimentada,Em via ou pista reservada,Em estado regular,Estrada sem separador,Dois sentidos,Com marcas,Inexistentes,Outros,A funcionar normalmente,Betuminoso,Fora da intersecção,Bom tempo,Em pleno dia,Seco e limpo,0,0,2,Arruamento sem separador,Via Secundária,101,,Avenida Brasil,Sem GPS - estimado,2019,6,5,12,Tarde,Primavera,1,0,6,1,0,1,0,0,0,0,0,0,0,0,0,0,0,0,0,0,0,1,1,26,6
1158,20191709625,2019-06-05 13:55:00,Quarta-Feira,NÃO DEFINIDO,38.7597602,-9.1372582,Direita,Dentro das localidades,Alvalade,Lisboa,Colisão,Colisão traseira com outro veículo em movimento,Recta,Em patamar,Sem berma ou impraticável,Em plena via,Em estado regular,Estrada sem separador,Dois sentidos,Com marcas,Inexistentes,Outros,A funcionar normalmente,Betuminoso,Fora da intersecção,Bom tempo,Em pleno dia,Seco e limpo,0,0,3,Arruamento sem separador,Via Secundária,155,,Avenida Brasil,Sem GPS - estimado,2019,6,5,13,Tarde,Primavera,1,0,9,2,3,0,0,0,0,1,0,0,0,0,0,0,0,0,1,0,0,0,0,,5
1159,20191709688,2019-06-01 13:45:00,Sábado,NÃO DEFINIDO,38.7085539999999,-9.151996,Direita,Dentro das localidades,Misericórdia,Lisboa,Atropelamento,Atropelamento de peões,Recta,Em patamar,Sem berma ou impraticável,Em plena via,Em bom estado,Estrada sem separador,Dois sentidos,Sem marcas rodoviárias ou pouco visíveis,Inexistentes,Outros,Inexistentes,Betuminoso,Fora da intersecção,Bom tempo,Em pleno dia,Seco e limpo,0,0,1,Arruamento sem separador,Via Secundária,36,,Largo Conde-barão,Sem GPS - estimado,2019,6,1,13,Tarde,Primavera,0,0,3,1,0,1,0,0,0,0,0,0,0,0,0,0,0,1,0,0,0,0,1,33,5
1160,20191709699,2019-05-27 12:15:00,Segunda-Feira,No sentido decrescente da quilometragem,38.7361683,-9.1042028,Direita,Dentro das localidades,Beato,,Colisão,Colisão lateral com outro veículo em movimento,Recta,Em patamar,Sem berma ou impraticável,Em plena via,Em estado regular,Outra via,Dois sentidos,Sem marcas rodoviárias ou pouco visíveis,Inexistentes,Outros,Inexistentes,Betuminoso,Em entroncamento,Bom tempo,Em pleno dia,Seco e limpo,0,0,1,Arruamento com separador,Via Secundária,88,,Rua Açúcar,Sem GPS - estimado,2019,5,27,12,Tarde,Primavera,1,0,3,2,0,0,0,0,0,0,0,0,0,0,0,0,0,1,0,1,0,0,0,,5
1161,20191709708,2019-06-01 07:00:00,Sábado,NÃO DEFINIDO,38.707532,-9.1364489,Esquerda,Dentro das localidades,Santa Maria Maior,Lisboa,Atropelamento,Atropelamento de peões,Recta,Em patamar,Sem berma ou impraticável,Em plena via,Em bom estado,Estrada sem separador,Dois sentidos,Com marcas,Inexistentes,Outros,A funcionar normalmente,Calçada,Em entroncamento,Bom tempo,Em pleno dia,Seco e limpo,0,0,1,Arruamento sem separador,Via Secundária,0,,Praça Comércio,Sem GPS - estimado,2019,6,1,7,Manhã,Primavera,0,0,3,1,0,1,0,0,0,0,0,0,0,0,0,0,0,0,1,0,0,0,1,53,5
1162,20191709722,2019-06-01 20:00:00,Sábado,NÃO DEFINIDO,38.7205299,-9.1684471,Direita,Dentro das localidades,Campo de Ourique,Lisboa,Atropelamento,Atropelamento de peões,Recta,Em patamar,Berma pavimentada,Em plena via,Em estado regular,Estrada sem separador,Dois sentidos,Com marcas,Inexistentes,Outros,Inexistentes,Betuminoso,Fora da intersecção,Bom tempo,"Noite, sem iluminação",Seco e limpo,0,0,1,Arruamento sem separador,Via Secundária,536,,Rua Maria Pia,Sem GPS - estimado,2019,6,1,20,Noite,Primavera,0,0,3,1,0,1,0,0,0,0,0,0,0,0,0,0,0,1,0,0,0,0,1,52,6
1163,20191709797,2019-06-06 12:00:00,Quinta-Feira,NÃO DEFINIDO,38.7151037,-9.1606973,Direita,Dentro das localidades,Estrela,Lisboa,Despiste,Despiste sem dispositivo de retenção,Recta,Em patamar,Berma pavimentada,Em plena via,Em bom estado,Estrada sem separador,Dois sentidos,Com marcas,Inexistentes,Outros,Inexistentes,Betuminoso,Fora da intersecção,Bom tempo,Em pleno dia,Seco e limpo,0,0,2,Arruamento sem separador,Via Secundária,21,,Rua Estrela,Sem GPS - estimado,2019,6,6,12,Tarde,Primavera,1,0,6,1,1,0,0,0,0,0,0,0,0,0,0,0,1,1,0,0,0,0,0,47,6
1164,20191709827,2019-06-06 17:00:00,Quinta-Feira,NÃO DEFINIDO,38.7595046,-9.1223395,Direita,Dentro das localidades,Marvila,Lisboa,Atropelamento,Atropelamento de peões,Recta,Em patamar,Sem berma ou impraticável,Em plena via,Em bom estado,Estrada sem separador,Sentido único,Sem marcas rodoviárias ou pouco visíveis,Inexistentes,NÃO DEFINIDO,Inexistentes,Betuminoso,Fora da intersecção,Chuva,Em pleno dia,Molhado,0,0,1,Arruamento sem separador,Via Secundária,1D,,Rua Pedro José Pezerat,Sem GPS - estimado,2019,6,6,17,Tarde,Primavera,1,0,3,1,0,1,0,0,0,0,0,0,0,0,0,0,0,1,0,0,0,0,1,,4
1165,20191709831,2019-06-02 20:45:00,Domingo,NÃO DEFINIDO,38.7088083,-9.1337591,Direita,Dentro das localidades,Santa Maria Maior,Lisboa,Colisão,Colisão frontal,Recta,Em patamar,Berma pavimentada,Em plena via,Em bom estado,Estrada sem separador,Dois sentidos,Com marcas,Inexistentes,Outros,A funcionar normalmente,Calçada,Fora da intersecção,Bom tempo,"Noite, com iluminação",Seco e limpo,0,0,1,Arruamento sem separador,Via Secundária,96,,Rua Alfândega,Sem GPS - estimado,2019,6,2,20,Noite,Primavera,0,0,3,2,0,0,0,0,0,0,0,0,0,0,0,0,1,1,0,1,0,0,0,14,6
1166,20191709888,2019-06-03 19:40:00,Segunda-Feira,NÃO DEFINIDO,,,Direita,Dentro das localidades,Santa Maria Maior,Lisboa,Despiste,Despiste sem dispositivo de retenção,NÃO DEFINIDO,NÃO DEFINIDO,NÃO DEFINIDO,NÃO DEFINIDO,NÃO DEFINIDO,Estrada sem separador,Dois sentidos,Com marcas,Inexistentes,Outros,Inexistentes,NÃO DEFINIDO,Fora da intersecção,Bom tempo,Em pleno dia,NÃO DEFINIDO,0,0,1,Arruamento sem separador,Via Secundária,0,,Rua Palma,Sem GPS - não estimado,2019,6,3,19,Noite,Primavera,1,0,3,1,0,0,0,0,0,0,0,0,0,0,0,0,0,0,0,1,0,0,0,,5
1167,20191709895,2019-05-28 12:00:00,Terça-Feira,No sentido decrescente da quilometragem,,,Direita,Dentro das localidades,Misericórdia,,Colisão,Colisão traseira com outro veículo em movimento,Recta,Em patamar,Berma pavimentada,Em plena via,Em estado regular,Outra via,Sentido único,Com marcas,Inexistentes,Outros,A funcionar normalmente,Betuminoso,Fora da intersecção,Bom tempo,Em pleno dia,Seco e limpo,0,0,3,Arruamento com separador,Via Secundária,0,,Avenida 24 de Julho,Sem GPS - não estimado,2019,5,28,12,Tarde,Primavera,1,0,9,3,0,0,0,0,0,0,0,0,0,0,0,0,0,1,0,0,0,0,0,,2
1168,20191709934,2019-05-27 12:25:00,Segunda-Feira,No sentido crescente da quilometragem,,,Direita,Fora das localidades,Alcântara,Lisboa,Colisão,Colisão traseira com outro veículo em movimento,Recta,Em patamar,Berma pavimentada,Em plena via,Em bom estado,Outra via,Sentido único,Com marcas,Inexistentes,Outros,Inexistentes,Betuminoso,Fora da intersecção,Bom tempo,Em pleno dia,Seco e limpo,0,0,2,IP - Itinerário Principal,IP7,,10.5,,Sem GPS - não estimado,2019,5,27,12,Tarde,Primavera,1,0,6,2,2,0,0,0,0,0,0,0,0,0,0,0,0,1,0,0,0,0,0,,0
1169,20191709965,2019-06-07 14:50:00,Sexta-Feira,No sentido crescente da quilometragem,38.740951,-9.149061,Direita,Dentro das localidades,Avenidas Novas,,Atropelamento,Atropelamento de peões,Recta,Em patamar,Sem berma ou impraticável,Na berma,Em estado regular,Outra via,Dois sentidos,Com marcas,Inexistentes,Outros,A funcionar normalmente,Betuminoso,Fora da intersecção,Bom tempo,Em pleno dia,Seco e limpo,0,0,1,Arruamento com separador,Via Secundária,18,,Avenida Berna,Localização GPS,2019,6,7,14,Tarde,Primavera,1,0,3,1,0,1,0,0,0,0,0,0,0,0,0,0,0,1,0,0,0,0,1,7,2
1170,20191710002,2019-05-28 16:15:00,Terça-Feira,NÃO DEFINIDO,38.7370889,-9.1523063,Direita,Dentro das localidades,Avenidas Novas,Lisboa,Colisão,Colisão lateral com outro veículo em movimento,Recta,Em patamar,Sem berma ou impraticável,Em plena via,Em estado regular,Estrada sem separador,Dois sentidos,Sem marcas rodoviárias ou pouco visíveis,Inexistentes,Outros,Inexistentes,Betuminoso,Fora da intersecção,Bom tempo,Em pleno dia,Seco e limpo,0,0,1,Arruamento sem separador,Via Secundária,86,,Rua Marquês Sá da Bandeira,Sem GPS - estimado,2019,5,28,16,Tarde,Primavera,1,0,3,2,0,0,0,0,0,0,0,0,0,0,0,0,0,1,0,0,0,0,0,,5
1171,20191710016,2019-05-29 08:40:00,Quarta-Feira,No sentido decrescente da quilometragem,,,Esquerda,Dentro das localidades,Alvalade,Lisboa,Colisão,Colisão lateral com outro veículo em movimento,Recta,Em patamar,Sem berma ou impraticável,Em plena via,Em estado regular,Outra via,Sentido único,Com marcas,Inexistentes,Outros,Inexistentes,Betuminoso,Fora da intersecção,Bom tempo,Em pleno dia,Seco e limpo,0,0,1,Arruamento com separador,2ª Circular,0,,Avenida Marechal Craveiro Lopes,Sem GPS - não estimado,2019,5,29,8,Manhã,Primavera,1,0,3,2,0,0,0,0,0,0,0,0,0,0,0,0,0,1,0,1,0,0,0,,2
1172,20191710017,2019-06-08 16:00:00,Sábado,NÃO DEFINIDO,38.719777,-9.185268,Direita,Dentro das localidades,Alcântara,Lisboa,Colisão,Colisão com fuga,Curva,Em patamar,Berma pavimentada,Em plena via,Em estado regular,Estrada sem separador,Dois sentidos,Sem marcas rodoviárias ou pouco visíveis,Inexistentes,Outros,Inexistentes,Betuminoso,Fora da intersecção,Bom tempo,Em pleno dia,Seco e limpo,0,0,1,Arruamento sem separador,Via Secundária,0,,Estrada Alvito,Localização GPS,2019,6,8,16,Tarde,Primavera,0,0,3,2,0,0,0,0,0,0,0,0,0,0,0,0,0,1,0,1,0,0,0,,6
1173,20191710055,2019-06-02 14:30:00,Domingo,No sentido crescente da quilometragem,,,Direita,Dentro das localidades,Parque das Nações,,Colisão,Colisão lateral com outro veículo em movimento,Recta,Com inclinação,Sem berma ou impraticável,Em plena via,Em estado regular,Outra via,Sentido único,Com marcas,Inexistentes,Outros,Inexistentes,Betuminoso,Fora da intersecção,Bom tempo,Em pleno dia,Seco e limpo,0,0,1,IC - Itinerário Complementar,IC17,,18.0,,Sem GPS - não estimado,2019,6,2,14,Tarde,Primavera,0,0,3,2,0,0,0,0,0,0,0,0,0,0,0,0,0,1,0,1,0,0,0,,5
1174,20191710075,2019-06-04 05:30:00,Terça-Feira,NÃO DEFINIDO,,,Direita,Dentro das localidades,Santa Maria dos Olivais,Lisboa,Colisão,Colisão frontal,Curva,Com inclinação,Berma pavimentada,Em plena via,Em bom estado,Estrada sem separador,Dois sentidos,Com marcas,Inexistentes,Outros,Inexistentes,Betuminoso,Fora da intersecção,Bom tempo,Aurora ou crepúsculo,Seco e limpo,0,0,1,Arruamento sem separador,Via Secundária,0,,Alameda Comunidades Portuguesas,Sem GPS - não estimado,2019,6,4,5,Madrugada,Primavera,1,0,3,2,0,0,0,0,0,0,0,0,0,0,0,0,0,1,0,0,0,0,0,,1
1175,20191710132,2019-05-30 19:50:00,Quinta-Feira,NÃO DEFINIDO,38.6980862,-9.1903977,Direita,Dentro das localidades,Belém,,Despiste,Despiste com colisão com veículo imobil. ou obstáculo,Recta,Em patamar,Sem berma ou impraticável,Em parque de estacionamento,Em estado regular,Estrada sem separador,Dois sentidos,Com marcas,Inexistentes,Outros,Inexistentes,Betuminoso,Fora da intersecção,Bom tempo,"Noite, com iluminação",Seco e limpo,0,0,1,Arruamento sem separador,Via Secundária,114,,Rua Junqueira,Sem GPS - estimado,2019,5,30,19,Noite,Primavera,1,0,3,3,0,0,0,0,0,0,0,0,0,0,0,0,0,1,0,0,0,0,0,,5
1176,20191710147,2019-06-01 03:10:00,Sábado,NÃO DEFINIDO,,,Direita,Dentro das localidades,Avenidas Novas,,Despiste,Despiste com capotamento,Recta,Com inclinação,Berma pavimentada,Em plena via,Em estado regular,Estrada sem separador,Sentido único,Com marcas,Inexistentes,Outros,A funcionar normalmente,Betuminoso,Fora da intersecção,Bom tempo,"Noite, com iluminação",Seco e limpo,0,0,1,Arruamento sem separador,Via Secundária,0,,Praça Espanha,Sem GPS - não estimado,2019,6,1,3,Madrugada,Primavera,0,0,3,1,0,0,0,0,0,0,0,0,0,0,0,0,0,1,0,0,0,0,0,,1
1177,20191710171,2019-06-06 12:30:00,Quinta-Feira,No sentido crescente da quilometragem,38.753396,-9.1450014,Direita,Dentro das localidades,Alvalade,Lisboa,Colisão,Colisão lateral com outro veículo em movimento,Curva,Em patamar,Sem berma ou impraticável,Em plena via,Em estado regular,Outra via,Sentido único,Com marcas,Inexistentes,Outros,A funcionar normalmente,Betuminoso,Em cruzamento,Bom tempo,Em pleno dia,Seco e limpo,0,0,1,Arruamento com separador,Via Secundária,6,,Praça Alvalade,Sem GPS - estimado,2019,6,6,12,Tarde,Primavera,1,0,3,2,1,0,0,0,0,0,0,0,0,0,0,0,0,1,0,0,0,0,0,,2
1178,20191710187,2019-06-05 19:15:00,Quarta-Feira,NÃO DEFINIDO,,,Direita,Dentro das localidades,Marvila,,Colisão,Colisão lateral com outro veículo em movimento,Recta,Com inclinação,Berma pavimentada,Em plena via,Em estado regular,Estrada sem separador,Dois sentidos,Com marcas,Inexistentes,Cedência de passagem,Inexistentes,Betuminoso,Em cruzamento,Bom tempo,Em pleno dia,Seco e limpo,0,0,1,Arruamento sem separador,Via Secundária,0,,Rua Alberto José Pessoa,Sem GPS - não estimado,2019,6,5,19,Noite,Primavera,1,0,3,2,1,0,0,0,0,0,0,0,0,0,0,0,0,1,0,0,0,0,0,,5