,IdAcidente,Datahora,Dia da Semana,Sentidos,Latitude GPS,Longitude GPS,Via Trânsito,Localizações,Freguesia,Pov. Proxima,Tipo Natureza,Natureza,Tipo de Traçado,Inclinação do Traçado,Berma do Traçado,Localização do Traçado,Estado Conservação,Características Tecnicas,Reg Circulação,Marca Via,Obstáculos,Sinais,Sinais Luminosos,Tipo Piso,Intersecção Vias,Factores Atmosféricos,Luminosidade,Cond Aderência,VM,FG,FL,Tipos Vias,Via,Num arruamento,Km,Nome arruamento,Localização 2,Ano,Mês,Dia,Hora,Periodo,Estação,Dia Util,Gravidade,Indicador de Gravidade,Veículos envolvidos,Passageiros envolvidos,Peões envolvidos,Inf/Ação: Abertura de porta,Inf/Ação: Desrespeito da sinalização semafórica,Inf/Ação: Desrespeito da sinalização vertical,Inf/Ação: Desrespeito das distâncias de segurança,Inf/Ação: Desrespeito das marcas rodoviárias,Inf/Ação: Encandeamento,Inf/Ação: Manobra irregular,Inf/Ação: Não sinalização da manobra,Inf/Ação: Obstáculo imprevisto na faixa de rodagem,Inf/Ação: Rebentamento de pneumático,Inf/Ação: Velocidade excessiva para as condições existentes,Automóvel ligeiro,Automóvel pesado,Motociclos/Ciclomotores,Outros Veículos,Velocípedes,Peões,Numero Black Spot,Grupo Kmodes
1464,20191717558,2019-07-20 12:00:00,Sábado,NÃO DEFINIDO,38.7099489,-9.1514239,Direita,Dentro das localidades,Misericórdia,Lisboa,Despiste,Despiste sem dispositivo de retenção,Recta,Em patamar,Berma pavimentada,Em plena via,Em estado regular,Estrada sem separador,Sentido único,Sem marcas rodoviárias ou pouco visíveis,Inexistentes,Outros,Inexistentes,Calçada,Fora da intersecção,Bom tempo,Em pleno dia,Seco e limpo,0,0,1,Arruamento sem separador,Via Secundária,117,,Rua Poço dos Negros,Sem GPS - estimado,2019,7,20,12,Tarde,Verão,0,0,3,1,1,0,0,0,0,0,0,0,0,0,0,0,0,0,0,1,0,0,0,33,4
1465,20191717569,2019-07-15 16:00:00,Segunda-Feira,NÃO DEFINIDO,38.7115294,-9.1638415,Esquerda,Dentro das localidades,Estrela,Lisboa,Atropelamento,Atropelamento de peões,Recta,Em patamar,Berma pavimentada,Em plena via,Em estado regular,Estrada sem separador,Dois sentidos,Sem marcas rodoviárias ou pouco visíveis,Inexistentes,Outros,A funcionar normalmente,Betuminoso,Em cruzamento,Bom tempo,Em pleno dia,Seco e limpo,0,0,1,Arruamento sem separador,Via Secundária,348,,Avenida Infante Santo,Sem GPS - estimado,2019,7,15,16,Tarde,Verão,1,0,3,1,0,1,0,0,0,0,0,0,0,0,0,0,0,1,0,0,0,0,1,,6
1466,20191717585,2019-07-16 20:35:00,Terça-Feira,No sentido crescente da quilometragem,38.7589248,-9.1136429,Direita,Dentro das localidades,Parque das Nações,,Despiste,Despiste sem dispositivo de retenção,Recta,Em patamar,Berma pavimentada,Em plena via,Em bom estado,Outra via,Sentido único,Com marcas,Correctamente sinalizados,Outros,Inexistentes,Betuminoso,Fora da intersecção,Bom tempo,Aurora ou crepúsculo,Seco e limpo,0,0,1,Arruamento com separador,Via Secundária,1,,Avenida Marechal Gomes da Costa,Sem GPS - estimado,2019,7,16,20,Noite,Verão,1,0,3,1,0,0,0,0,0,0,0,0,0,0,0,0,0,0,0,1,0,0,0,,0
1467,20191717600,2019-07-13 00:20:00,Sábado,NÃO DEFINIDO,38.7224886,-9.1326205,Direita,Dentro das localidades,Arroios,,Despiste,Despiste com colisão com veículo imobil. ou obstáculo,Recta,Em patamar,Sem berma ou impraticável,Em plena via,Em estado regular,Estrada sem separador,Sentido único,Com marcas,Inexistentes,Outros,Inexistentes,Calçada,Em cruzamento,Bom tempo,"Noite, com iluminação",Seco e limpo,0,0,2,Arruamento sem separador,Via Secundária,1,,Rua Maria da Fonte,Sem GPS - estimado,2019,7,13,0,Madrugada,Verão,0,0,6,3,1,0,0,0,0,0,0,0,0,0,0,0,0,1,0,0,0,0,0,,4
1468,20191717603,2019-07-21 10:30:00,Domingo,No sentido crescente da quilometragem,38.717088,-9.13567,Direita,Dentro das localidades,Santa Maria Maior,Lisboa,Despiste,Despiste sem dispositivo de retenção,Recta,Em patamar,Berma pavimentada,Em via ou pista reservada,Em estado regular,Outra via,Sentido único,Sem marcas rodoviárias ou pouco visíveis,Inexistentes,Outros,Inexistentes,Betuminoso,Fora da intersecção,Bom tempo,Em pleno dia,Seco e limpo,0,0,2,Arruamento com separador,Via Secundária,194,,Rua Palma,Localização GPS,2019,7,21,10,Manhã,Verão,0,0,6,1,1,0,0,0,0,0,0,0,0,0,0,0,0,0,0,1,0,0,0,11,2
1469,20191717611,2019-07-12 17:50:00,Sexta-Feira,NÃO DEFINIDO,,,Direita,Dentro das localidades,Parque das Nações,Lisboa,Colisão,Colisão lateral com outro veículo em movimento,Recta,Em patamar,Berma pavimentada,Em plena via,Em bom estado,Estrada sem separador,Dois sentidos,Com marcas,Inexistentes,Cedência de passagem,Inexistentes,Betuminoso,Em cruzamento,Bom tempo,Em pleno dia,Seco e limpo,0,0,1,Arruamento sem separador,Via Secundária,0,,Rua Pólo Sul,Sem GPS - não estimado,2019,7,12,17,Tarde,Verão,1,0,3,2,0,0,0,0,1,0,0,0,0,0,0,0,0,1,0,0,0,0,0,,6
1470,20191717626,2019-07-08 22:15:00,Segunda-Feira,NÃO DEFINIDO,38.7337761,-9.1074109,Direita,Dentro das localidades,Beato,Lisboa,Despiste,Despiste sem dispositivo de retenção,Curva,Em patamar,Berma pavimentada,Em plena via,Em estado regular,Estrada sem separador,Sentido único,Com marcas,Inexistentes,NÃO DEFINIDO,Inexistentes,Betuminoso,Fora da intersecção,Bom tempo,"Noite, com iluminação",Seco e limpo,0,0,1,Arruamento sem separador,Via Secundária,80,,Calçada Duque Lafões,Sem GPS - estimado,2019,7,8,22,Noite,Verão,1,0,3,1,0,0,0,0,0,0,0,0,0,0,0,0,0,1,0,0,0,0,0,,1
1471,20191717628,2019-07-12 19:10:00,Sexta-Feira,No sentido crescente da quilometragem,,,Esquerda,Dentro das localidades,Parque das Nações,Lisboa,Colisão,Colisão com fuga,Recta,Em patamar,Sem berma ou impraticável,Em plena via,Em estado regular,Outra via,Sentido único,Com marcas,Inexistentes,Outros,A funcionar normalmente,Betuminoso,Fora da intersecção,Bom tempo,Em pleno dia,Seco e limpo,0,0,1,Arruamento com separador,Via Secundária,0,,Alameda Oceanos,Sem GPS - não estimado,2019,7,12,19,Noite,Verão,1,0,3,2,0,0,0,0,0,0,0,0,0,0,0,0,0,1,0,1,0,0,0,,2
1472,20191717634,2019-07-11 11:00:00,Quinta-Feira,NÃO DEFINIDO,38.7457163,-9.169286,Direita,Dentro das localidades,São Domingos de Benfica,Lisboa,Colisão,Colisão lateral com outro veículo em movimento,Recta,Em patamar,Berma pavimentada,Em plena via,Em bom estado,Estrada sem separador,Dois sentidos,Com marcas,Inexistentes,Outros,Inexistentes,Betuminoso,Fora da intersecção,Bom tempo,Em pleno dia,Seco e limpo,0,0,1,Arruamento sem separador,Via Secundária,208,,Estrada Laranjeiras,Sem GPS - estimado,2019,7,11,11,Manhã,Verão,1,0,3,2,0,0,0,0,0,0,0,0,1,0,0,0,0,1,0,1,0,0,0,39,6
1473,20191717698,2019-07-21 16:45:00,Domingo,No sentido crescente da quilometragem,,,Direita,Dentro das localidades,Alvalade,Lisboa,Colisão,Colisão com outras situações,Recta,Em patamar,Berma pavimentada,Em plena via,Em estado regular,Outra via,Sentido único,Com marcas,Inexistentes,NÃO DEFINIDO,A funcionar normalmente,Betuminoso,Em cruzamento,Bom tempo,Em pleno dia,Seco e limpo,0,0,2,Arruamento com separador,Via Secundária,0,,Avenida Almirante Gago Coutinho,Sem GPS - não estimado,2019,7,21,16,Tarde,Verão,0,0,6,2,1,0,0,1,0,0,0,0,0,0,0,0,0,1,0,0,0,0,0,,2
1474,20191717700,2019-07-12 09:00:00,Sexta-Feira,NÃO DEFINIDO,38.7045084,-9.1643561,Direita,Dentro das localidades,Estrela,Lisboa,Despiste,Despiste sem dispositivo de retenção,Recta,Em patamar,Berma pavimentada,Em plena via,Em estado regular,Estrada sem separador,Dois sentidos,Sem marcas rodoviárias ou pouco visíveis,Não sinalizados,NÃO DEFINIDO,A funcionar normalmente,Calçada,Fora da intersecção,Bom tempo,Em pleno dia,Escorregadio por outros fatores,0,0,1,Arruamento sem separador,Via Secundária,20,,Rua Presidente Arriaga,Sem GPS - estimado,2019,7,12,9,Manhã,Verão,1,0,3,1,0,0,0,0,0,0,0,0,0,0,0,0,0,0,0,1,0,0,0,,6
1475,20191717702,2019-07-22 21:45:00,Segunda-Feira,NÃO DEFINIDO,38.7183992,-9.1697231,Direita,Dentro das localidades,Campo de Ourique,Lisboa,Atropelamento,Atropelamento de peões,Recta,Em patamar,Sem berma ou impraticável,Em plena via,Em bom estado,Estrada sem separador,Dois sentidos,Com marcas,Inexistentes,Passagem de peões,Inexistentes,Betuminoso,Em entroncamento,Bom tempo,"Noite, com iluminação",Seco e limpo,0,0,2,Arruamento sem separador,Via Secundária,45,,Rua Sampaio Bruno,Sem GPS - estimado,2019,7,22,21,Noite,Verão,1,0,6,2,0,1,0,0,0,0,0,0,0,0,0,0,0,1,0,0,0,0,1,52,5
1476,20191717718,2019-07-22 21:10:00,Segunda-Feira,NÃO DEFINIDO,38.75618,-9.185424,Direita,Dentro das localidades,Carnide,,Colisão,Colisão com veiculo ou obstáculo na faixa de rodagem,Recta,Em patamar,Berma pavimentada,Em plena via,Em estado regular,Estrada sem separador,Dois sentidos,Com marcas,Inexistentes,Passagem de peões,A funcionar normalmente,Betuminoso,Fora da intersecção,Bom tempo,"Noite, com iluminação",Seco e limpo,0,0,1,Arruamento sem separador,Via Secundária,0,,Avenida Colégio Militar,Localização GPS,2019,7,22,21,Noite,Verão,1,0,3,2,0,0,0,0,0,0,0,0,0,0,0,0,0,1,0,0,0,1,0,,6
1477,20191717729,2019-07-21 11:15:00,Domingo,NÃO DEFINIDO,38.7312845,-9.13668539999999,Esquerda,Dentro das localidades,Arroios,Lisboa,Atropelamento,Atropelamento de peões,Recta,Em patamar,Sem berma ou impraticável,Em plena via,Em bom estado,Estrada sem separador,Dois sentidos,Com marcas,Inexistentes,Outros,Inexistentes,Betuminoso,Em entroncamento,Bom tempo,Em pleno dia,Seco e limpo,0,0,1,Arruamento sem separador,Via Secundária,17,,Rua Pascoal de Melo,Sem GPS - estimado,2019,7,21,11,Manhã,Verão,0,0,3,1,0,1,0,0,0,0,0,0,0,0,0,0,0,1,0,0,0,0,1,12,5
1478,20191717784,2019-07-14 00:05:00,Domingo,NÃO DEFINIDO,,,Direita,Dentro das localidades,Estrela,,Colisão,Colisão com outras situações,Recta,Com inclinação,Berma pavimentada,Em plena via,Em bom estado,Estrada sem separador,Dois sentidos,Sem marcas rodoviárias ou pouco visíveis,Inexistentes,Outros,Inexistentes,Betuminoso,Fora da intersecção,Bom tempo,"Noite, com iluminação",Seco e limpo,0,0,1,Arruamento sem separador,Via Secundária,0,,Rua São Bento,Sem GPS - não estimado,2019,7,14,0,Madrugada,Verão,0,0,3,2,0,0,0,0,0,0,0,0,0,0,0,0,0,1,0,1,0,0,0,,3
1479,20191717798,2019-07-15 14:00:00,Segunda-Feira,No sentido crescente da quilometragem,,,Direita,Fora das localidades,Alcântara,,Despiste,Despiste com dispositivo de retenção,Curva,Em patamar,Berma pavimentada,Em plena via,Em estado regular,Auto-estrada,Sentido único,Com marcas,Inexistentes,NÃO DEFINIDO,Inexistentes,Betuminoso,Em via de aceleração,Bom tempo,Em pleno dia,Seco e limpo,0,0,1,A  - Auto-Estrada,A2-PNT25ABRIL,,0.15,,Sem GPS - não estimado,2019,7,15,14,Tarde,Verão,1,0,3,1,0,0,0,0,0,0,0,0,0,0,0,0,0,0,0,1,0,0,0,,1
1480,20191717824,2019-07-17 12:00:00,Quarta-Feira,NÃO DEFINIDO,38.7352903,-9.1313368,Direita,Dentro das localidades,Penha de França,,Atropelamento,Atropelamento de peões,Recta,Em patamar,Sem berma ou impraticável,Em plena via,Em estado regular,Estrada sem separador,Sentido único,Com marcas,Inexistentes,Passagem de peões,Inexistentes,Betuminoso,Em entroncamento,Bom tempo,Em pleno dia,Seco e limpo,0,0,1,Arruamento sem separador,Via Secundária,67,,Rua Carvalho Araújo,Sem GPS - estimado,2019,7,17,12,Tarde,Verão,1,0,3,1,0,1,0,0,0,0,0,0,0,0,0,0,0,1,0,0,0,0,1,,4
1481,20191717865,2019-07-19 00:30:00,Sexta-Feira,No sentido crescente da quilometragem,38.7738799,-9.0975189,Direita,Dentro das localidades,Parque das Nações,Lisboa,Despiste,Despiste com colisão com veículo imobil. ou obstáculo,Curva,Com inclinação,Sem berma ou impraticável,Em plena via,Em mau estado,Outra via,Sentido único,Sem marcas rodoviárias ou pouco visíveis,Inexistentes,Outros,Inexistentes,Betão de cimento,Fora da intersecção,Bom tempo,"Noite, com iluminação",Seco e limpo,0,0,1,Arruamento com separador,Via Secundária,90,,Avenida Dom João II,Sem GPS - estimado,2019,7,19,0,Madrugada,Verão,1,0,3,1,0,0,0,0,0,0,0,0,0,0,0,0,0,1,0,0,0,0,0,3,0
1482,20191717867,2019-07-18 19:50:00,Quinta-Feira,NÃO DEFINIDO,38.760201,-9.118025,Central,Dentro das localidades,Santa Maria dos Olivais,,Colisão,Colisão lateral com outro veículo em movimento,Curva,Com inclinação,Sem berma ou impraticável,Em plena via,Em estado regular,Estrada sem separador,Sentido único,Com marcas,Inexistentes,Outros,A funcionar normalmente,Betuminoso,Em rotunda,Bom tempo,Em pleno dia,Seco e limpo,0,0,1,Arruamento sem separador,Via Secundária,37,,Avenida Marechal Gomes da Costa,Localização GPS,2019,7,18,19,Noite,Verão,1,0,3,2,0,0,0,0,0,0,0,1,0,0,0,0,0,1,0,1,0,0,0,,1
1483,20191717880,2019-07-22 12:30:00,Segunda-Feira,No sentido decrescente da quilometragem,,,Direita,Dentro das localidades,Lumiar,Lisboa,Colisão,Colisão com outras situações,Recta,Com inclinação,NÃO DEFINIDO,Em via ou pista reservada,Em mau estado,Outra via,Sentido único,Sem marcas rodoviárias ou pouco visíveis,Inexistentes,Outros,Inexistentes,Betão de cimento,Fora da intersecção,Bom tempo,Em pleno dia,Seco e limpo,0,0,1,Arruamento com separador,Via Secundária,0,,Eixo Central,Sem GPS - não estimado,2019,7,22,12,Tarde,Verão,1,0,3,1,0,0,0,0,0,0,0,0,0,0,0,0,0,0,0,0,0,1,0,,0
1484,20191718012,2019-07-13 18:30:00,Sábado,NÃO DEFINIDO,,,Central,Dentro das localidades,Penha de França,Lisboa,Colisão,Colisão com outras situações,Recta,Com inclinação,Sem berma ou impraticável,Em plena via,Em estado regular,Estrada sem separador,Dois sentidos,Com marcas,Inexistentes,Outros,A funcionar normalmente,Betuminoso,Em cruzamento,Bom tempo,Em pleno dia,Seco e limpo,0,0,1,Arruamento sem separador,Via Secundária,0.00,,Praça Paiva Couceiro,Sem GPS - não estimado,2019,7,13,18,Noite,Verão,0,0,3,4,0,0,0,1,0,0,0,0,0,0,0,0,0,1,0,0,0,0,0,,5
1485,20191718039,2019-07-13 17:15:00,Sábado,NÃO DEFINIDO,,,Direita,Dentro das localidades,Estrela,Lisboa,Colisão,Colisão frontal,Curva,Com inclinação,Sem berma ou impraticável,Em plena via,Em estado regular,Estrada sem separador,Dois sentidos,Sem marcas rodoviárias ou pouco visíveis,Inexistentes,Outros,Inexistentes,Betuminoso,Fora da intersecção,Bom tempo,Em pleno dia,Seco e limpo,0,0,1,Arruamento sem separador,Via Secundária,0.0,,Avenida Infante Santo,Sem GPS - não estimado,2019,7,13,17,Tarde,Verão,0,0,3,2,0,0,0,0,0,0,0,0,0,0,0,0,0,1,0,0,0,0,0,,5
1486,20191718071,2019-07-18 13:00:00,Quinta-Feira,No sentido crescente da quilometragem,38.7473446999999,-9.14116669999999,Direita,Dentro das localidades,Alvalade,Lisboa,Atropelamento,Atropelamento de peões,Recta,Em patamar,Sem berma ou impraticável,Em plena via,Em bom estado,Outra via,Sentido único,Sem marcas rodoviárias ou pouco visíveis,Inexistentes,Outros,Inexistentes,Betuminoso,Fora da intersecção,Bom tempo,Em pleno dia,Seco e limpo,0,0,1,Arruamento com separador,Via Secundária,51,,Avenida Roma,Sem GPS - estimado,2019,7,18,13,Tarde,Verão,1,0,3,1,0,1,0,0,0,0,0,0,0,0,0,0,0,1,0,0,0,0,1,,0
1487,20191718081,2019-07-24 18:30:00,Quarta-Feira,NÃO DEFINIDO,38.7185344999999,-9.15681069999999,Esquerda,Dentro das localidades,Campo de Ourique,,Atropelamento,Atropelamento de peões,Recta,Com inclinação,Berma pavimentada,Em plena via,Em bom estado,Estrada sem separador,Dois sentidos,Com marcas,Inexistentes,Passagem de peões,Inexistentes,Betuminoso,Fora da intersecção,Bom tempo,Em pleno dia,Seco e limpo,0,0,1,Arruamento sem separador,Via Secundária,46,,Avenida Álvares Cabral,Sem GPS - estimado,2019,7,24,18,Noite,Verão,1,0,3,1,0,1,0,0,0,0,0,0,0,0,0,0,0,1,0,0,0,0,1,0,0
1488,20191718119,2019-07-19 16:50:00,Sexta-Feira,No sentido decrescente da quilometragem,38.7664269,-9.1559207,Direita,Dentro das localidades,Lumiar,,Colisão,Colisão lateral com outro veículo em movimento,Recta,Com inclinação,Berma pavimentada,Em plena via,Em estado regular,Outra via,Sentido único,Sem marcas rodoviárias ou pouco visíveis,Inexistentes,Passagem de peões,Inexistentes,Betuminoso,Fora da intersecção,Bom tempo,Em pleno dia,Seco e limpo,0,0,1,Arruamento com separador,Via Secundária,12,,Avenida Maria Helena Vieira da Silva,Sem GPS - estimado,2019,7,19,16,Tarde,Verão,1,0,3,3,0,0,0,0,0,0,0,0,0,0,0,0,0,1,0,0,0,0,0,,0
1489,20191718131,2019-07-19 14:30:00,Sexta-Feira,NÃO DEFINIDO,38.7099489,-9.1514239,Direita,Dentro das localidades,Misericórdia,,Despiste,Despiste sem dispositivo de retenção,Recta,Em patamar,Berma pavimentada,Em plena via,Em estado regular,Estrada sem separador,Sentido único,Sem marcas rodoviárias ou pouco visíveis,Inexistentes,NÃO DEFINIDO,Inexistentes,Calçada,Fora da intersecção,Bom tempo,Em pleno dia,Seco e limpo,0,0,1,Arruamento sem separador,Via Secundária,126,,Rua Poço dos Negros,Sem GPS - estimado,2019,7,19,14,Tarde,Verão,1,0,3,1,0,0,0,0,0,0,0,0,0,0,0,0,0,0,0,1,0,0,0,33,4
1490,20191718132,2019-07-19 08:50:00,Sexta-Feira,NÃO DEFINIDO,,,Esquerda,Dentro das localidades,Carnide,,Colisão,Colisão traseira com outro veículo em movimento,Recta,Em patamar,Berma pavimentada,Em plena via,Em bom estado,Outra via,Sentido único,Com marcas,Inexistentes,Outros,A funcionar normalmente,Betuminoso,Em via de aceleração,Bom tempo,Em pleno dia,Seco e limpo,0,0,1,Arruamento com separador,Via Secundária,0,,Avenida Nações Unidas,Sem GPS - não estimado,2019,7,19,8,Manhã,Verão,1,0,3,2,0,0,0,0,0,0,0,0,0,0,0,0,0,1,0,1,0,0,0,,2
1491,20191718133,2019-07-23 18:05:00,Terça-Feira,NÃO DEFINIDO,38.7619054,-9.1333771,Direita,Dentro das localidades,Lumiar,,Atropelamento,Atropelamento de peões,Recta,Com inclinação,Berma pavimentada,Em plena via,Em estado regular,Estrada sem separador,Dois sentidos,Sem marcas rodoviárias ou pouco visíveis,Inexistentes,Passagem de peões,Inexistentes,Betuminoso,Em cruzamento,NÃO DEFINIDO,Em pleno dia,Seco e limpo,0,0,1,Arruamento sem separador,Via Secundária,1,,Rua F,Sem GPS - estimado,2019,7,23,18,Noite,Verão,1,0,3,1,0,1,0,0,0,0,0,0,0,0,0,0,0,1,0,0,0,0,1,,5
1492,20191718163,2019-07-19 19:30:00,Sexta-Feira,NÃO DEFINIDO,,,Direita,Dentro das localidades,Estrela,,Colisão,Colisão com outras situações,Recta,Em patamar,Berma pavimentada,Em plena via,Em estado regular,Estrada sem separador,Dois sentidos,Com marcas,Inexistentes,Outros,Inexistentes,Betuminoso,Fora da intersecção,Bom tempo,Em pleno dia,Seco e limpo,0,0,1,Arruamento sem separador,Via Secundária,0.0,,Cais Rocha de Conde D'Óbidos,Sem GPS - não estimado,2019,7,19,19,Noite,Verão,1,0,3,1,0,0,0,0,0,0,0,0,0,0,0,0,0,0,0,0,0,1,0,,6
1493,20191718185,2019-07-19 08:00:00,Sexta-Feira,No sentido crescente da quilometragem,,,Esquerda,Fora das localidades,Santa Maria dos Olivais,,Colisão,Colisão com outras situações,Recta,Com inclinação,Berma pavimentada,Em plena via,Em estado regular,Auto-estrada,Sentido único,Com marcas,Inexistentes,Outros,Inexistentes,Betuminoso,Fora da intersecção,Bom tempo,Em pleno dia,Seco e limpo,0,0,1,A  - Auto-Estrada,A1,,0.7,,Sem GPS - não estimado,2019,7,19,8,Manhã,Verão,1,0,3,2,0,0,0,0,0,0,0,0,0,0,0,0,0,1,0,0,0,0,0,,0
1494,20191718196,2019-07-19 08:00:00,Sexta-Feira,NÃO DEFINIDO,,,Direita,Dentro das localidades,Santa Maria dos Olivais,Lisboa,Colisão,Colisão traseira com outro veículo em movimento,Recta,Em patamar,Berma pavimentada,Em plena via,Em estado regular,Estrada sem separador,Dois sentidos,Com marcas,Inexistentes,Outros,Inexistentes,Betuminoso,Fora da intersecção,Bom tempo,Em pleno dia,Seco e limpo,0,0,1,Arruamento sem separador,Via Secundária,0,,Avenida Doutor Francisco Luís Gomes,Sem GPS - não estimado,2019,7,19,8,Manhã,Verão,1,0,3,2,0,0,0,0,0,0,0,0,0,0,0,0,0,1,0,0,0,0,0,,6
1495,20191718197,2019-07-19 11:55:00,Sexta-Feira,NÃO DEFINIDO,38.7189381,-9.1697366,Direita,Dentro das localidades,Campo de Ourique,,Colisão,Colisão frontal,Recta,Com inclinação,Berma pavimentada,Em plena via,Em estado regular,Estrada sem separador,Dois sentidos,Com marcas,Inexistentes,Outros,Inexistentes,Betuminoso,Fora da intersecção,Bom tempo,Em pleno dia,Seco e limpo,0,0,1,Arruamento sem separador,Via Secundária,57,,Rua Sampaio Bruno,Sem GPS - estimado,2019,7,19,11,Manhã,Verão,1,0,3,2,0,0,0,0,0,0,0,0,0,0,0,0,0,1,0,1,0,0,0,52,5
1496,20191718242,2019-07-24 15:48:00,Quarta-Feira,NÃO DEFINIDO,38.6915837,-9.2159773,Direita,Dentro das localidades,Belém,Lisboa,Atropelamento,Atropelamento de peões,Recta,Em patamar,Sem berma ou impraticável,Em via ou pista reservada,Em bom estado,Estrada sem separador,Dois sentidos,Sem marcas rodoviárias ou pouco visíveis,Inexistentes,NÃO DEFINIDO,Inexistentes,Betuminoso,Fora da intersecção,Bom tempo,Em pleno dia,Seco e limpo,0,0,1,Arruamento sem separador,Via Secundária,0,,Avenida Brasília,Sem GPS - estimado,2019,7,24,15,Tarde,Verão,1,0,3,1,0,1,0,0,0,0,0,0,0,0,0,0,0,0,0,0,0,1,1,,5
1497,20191718291,2019-07-25 08:40:00,Quinta-Feira,NÃO DEFINIDO,38.7056088,-9.1581861,Esquerda,Dentro das localidades,Estrela,Lisboa,Colisão,Colisão traseira com outro veículo em movimento,Recta,Em patamar,Sem berma ou impraticável,Em plena via,Em estado regular,Outra via,Sentido único,Com marcas,Inexistentes,Outros,A funcionar normalmente,Betuminoso,Fora da intersecção,Bom tempo,Em pleno dia,Seco e limpo,0,0,1,Arruamento com separador,Via Secundária,76,,Avenida 24 de Julho,Sem GPS - estimado,2019,7,25,8,Manhã,Verão,1,0,3,4,0,0,0,0,0,1,0,0,0,0,0,0,0,1,0,1,0,0,0,40,2
1498,20191718296,2019-07-20 13:25:00,Sábado,NÃO DEFINIDO,,,Direita,Dentro das localidades,Santa Maria dos Olivais,Lisboa,Colisão,Colisão com outras situações,Recta,Em patamar,Berma pavimentada,Em plena via,Em estado regular,Outra via,Sentido único,Com marcas,Inexistentes,Outros,Inexistentes,Betuminoso,Fora da intersecção,Bom tempo,Em pleno dia,Seco e limpo,0,0,2,Arruamento com separador,Via Secundária,0,,Avenida Cidade do Porto,Sem GPS - não estimado,2019,7,20,13,Tarde,Verão,0,0,6,2,0,0,0,0,0,0,0,0,0,0,0,0,0,1,0,0,0,0,0,,2
1499,20191718312,2019-07-25 12:00:00,Quinta-Feira,NÃO DEFINIDO,38.7427586,-9.1327971,Direita,Dentro das localidades,Alvalade,Lisboa,Colisão,Colisão traseira com outro veículo em movimento,Recta,Com inclinação,Sem berma ou impraticável,Em plena via,Em estado regular,Outra via,Sentido único,Com marcas,Inexistentes,Outros,A funcionar normalmente,Calçada,Fora da intersecção,Bom tempo,Em pleno dia,Seco e limpo,0,0,1,Arruamento com separador,Via Secundária,2,,Avenida Almirante Gago Coutinho,Sem GPS - estimado,2019,7,25,12,Tarde,Verão,1,0,3,2,0,0,0,0,0,0,0,0,1,0,0,0,0,1,0,0,0,0,0,65,2
1500,20191718314,2019-07-25 08:00:00,Quinta-Feira,No sentido decrescente da quilometragem,,,Direita,Dentro das localidades,Campo de Ourique,,Colisão,Colisão com fuga,Curva,Com inclinação,Sem berma ou impraticável,Em plena via,Em bom estado,Outra via,Sentido único,Com marcas,Inexistentes,Outros,Inexistentes,Betuminoso,Fora da intersecção,Bom tempo,Em pleno dia,Seco e limpo,0,0,1,Arruamento com separador,Via Secundária,0,,Avenida Engenheiro Duarte Pacheco,Sem GPS - não estimado,2019,7,25,8,Manhã,Verão,1,0,3,1,0,0,0,0,0,1,0,0,0,0,0,0,0,0,0,1,0,0,0,,0
1501,20191718384,2019-07-20 19:15:00,Sábado,NÃO DEFINIDO,,,Direita,Dentro das localidades,Alvalade,,Colisão,Colisão com outras situações,Recta,Em patamar,Berma pavimentada,Em plena via,Em estado regular,Estrada sem separador,Dois sentidos,Com marcas,Inexistentes,Outros,A funcionar normalmente,Betuminoso,Em cruzamento,Bom tempo,Em pleno dia,Seco e limpo,0,0,3,Arruamento sem separador,Via Secundária,0,,Avenida Forças Armadas,Sem GPS - não estimado,2019,7,20,19,Noite,Verão,0,0,9,2,1,0,0,1,0,0,0,0,0,0,0,0,0,1,0,0,0,0,0,,6
1502,20191718390,2019-07-14 13:00:00,Domingo,NÃO DEFINIDO,,,Direita,Dentro das localidades,Estrela,,Colisão,Colisão frontal,Curva,Em patamar,Berma pavimentada,Em plena via,Em estado regular,Estrada sem separador,Dois sentidos,Com marcas,Inexistentes,Outros,Inexistentes,Calçada,Em entroncamento,Bom tempo,Em pleno dia,Seco e limpo,0,0,1,Arruamento sem separador,Via Secundária,0,,Calçada Ribeiro Santos,Sem GPS - não estimado,2019,7,14,13,Tarde,Verão,0,0,3,2,0,0,0,0,0,0,0,0,0,0,0,0,0,1,0,0,0,0,0,,6
1503,20191718467,2019-07-26 18:45:00,Sexta-Feira,No sentido crescente da quilometragem,38.7501209,-9.1618924,Direita,Dentro das localidades,Alvalade,,Colisão,Colisão lateral com outro veículo em movimento,Recta,Com inclinação,Berma pavimentada,Em plena via,Em bom estado,Outra via,Sentido único,Com marcas,Inexistentes,Outros,A funcionar normalmente,Betuminoso,Fora da intersecção,Bom tempo,Em pleno dia,Seco e limpo,0,0,1,Arruamento com separador,Via Secundária,1,,Avenida Professor Egas Moniz,Sem GPS - estimado,2019,7,26,18,Noite,Verão,1,0,3,2,0,0,0,0,0,0,0,0,0,0,0,0,0,1,0,1,0,0,0,63,7