,IdAcidente,Datahora,Dia da Semana,Sentidos,Latitude GPS,Longitude GPS,Via Trânsito,Localizações,Freguesia,Pov. Proxima,Tipo Natureza,Natureza,Tipo de Traçado,Inclinação do Traçado,Berma do Traçado,Localização do Traçado,Estado Conservação,Características Tecnicas,Reg Circulação,Marca Via,Obstáculos,Sinais,Sinais Luminosos,Tipo Piso,Intersecção Vias,Factores Atmosféricos,Luminosidade,Cond Aderência,VM,FG,FL,Tipos Vias,Via,Num arruamento,Km,Nome arruamento,Localização 2,Ano,Mês,Dia,Hora,Periodo,Estação,Dia Util,Gravidade,Indicador de Gravidade,Veículos envolvidos,Passageiros envolvidos,Peões envolvidos,Inf/Ação: Abertura de porta,Inf/Ação: Desrespeito da sinalização semafórica,Inf/Ação: Desrespeito da sinalização vertical,Inf/Ação: Desrespeito das distâncias de segurança,Inf/Ação: Desrespeito das marcas rodoviárias,Inf/Ação: Encandeamento,Inf/Ação: Manobra irregular,Inf/Ação: Não sinalização da manobra,Inf/Ação: Obstáculo imprevisto na faixa de rodagem,Inf/Ação: Rebentamento de pneumático,Inf/Ação: Velocidade excessiva para as condições existentes,Automóvel ligeiro,Automóvel pesado,Motociclos/Ciclomotores,Outros Veículos,Velocípedes,Peões,Numero Black Spot,Grupo Kmodes
1545,20191719471,2019-07-26 11:24:00,Sexta-Feira,NÃO DEFINIDO,,,Direita,Dentro das localidades,São Domingos de Benfica,,Despiste,Despiste sem dispositivo de retenção,Recta,Em patamar,Sem berma ou impraticável,Em plena via,Em estado regular,Estrada sem separador,Dois sentidos,Com marcas,Inexistentes,Outros,Inexistentes,Betuminoso,Em entroncamento,Bom tempo,Em pleno dia,Seco e limpo,0,0,1,Arruamento sem separador,Via Secundária,0,,Rua Abílio Mendes,Sem GPS - não estimado,2019,7,26,11,Manhã,Verão,1,0,3,1,0,0,0,0,0,0,0,0,0,0,0,0,0,0,0,1,0,0,0,,5
1546,20191719478,2019-07-31 06:45:00,Quarta-Feira,NÃO DEFINIDO,,,Direita,Dentro das localidades,Parque das Nações,Lisboa,Colisão,Colisão lateral com outro veículo em movimento,Recta,Em patamar,Berma pavimentada,Em plena via,Em bom estado,Outra via,Sentido único,Com marcas,Inexistentes,Outros,A funcionar normalmente,Betuminoso,Em cruzamento,Bom tempo,Em pleno dia,Seco e limpo,0,0,1,Arruamento com separador,Via Secundária,0,,Avenida Marechal Gomes da Costa,Sem GPS - não estimado,2019,7,31,6,Manhã,Verão,1,0,3,2,0,0,0,1,0,0,0,0,0,0,0,0,0,1,0,0,0,1,0,,2
1547,20191719482,2019-07-29 22:30:00,Segunda-Feira,NÃO DEFINIDO,38.746803,-9.140864,Direita,Dentro das localidades,Alvalade,Lisboa,Colisão,Colisão com fuga,Recta,Em patamar,Berma pavimentada,Em via ou pista reservada,Em estado regular,Estrada sem separador,Sentido único,Com marcas,Inexistentes,Passagem de peões,A funcionar normalmente,Betuminoso,Em entroncamento,Bom tempo,Em pleno dia,Seco e limpo,0,0,1,Arruamento sem separador,Via Secundária,45,,Avenida Roma,Localização GPS,2019,7,29,22,Noite,Verão,1,0,3,1,0,1,0,0,0,0,0,0,0,0,0,0,0,0,0,0,0,1,1,,2
1548,20191719602,2019-07-30 16:10:00,Terça-Feira,No sentido decrescente da quilometragem,38.729482,-9.170936,Esquerda,Dentro das localidades,Campolide,,Colisão,Colisão traseira com outro veículo em movimento,Recta,Em patamar,Berma pavimentada,Em plena via,Em bom estado,Outra via,Sentido único,Com marcas,Inexistentes,Outros,Inexistentes,Betuminoso,Fora da intersecção,Bom tempo,Em pleno dia,Seco e limpo,0,0,1,IP - Itinerário Principal,IP7,,9.8,,Localização GPS,2019,7,30,16,Tarde,Verão,1,0,3,2,1,0,0,0,0,0,0,0,0,0,0,0,0,1,0,0,0,0,0,,0
1549,20191719604,2019-07-31 09:30:00,Quarta-Feira,NÃO DEFINIDO,,,Direita,Dentro das localidades,Alcântara,Lisboa,Colisão,Colisão lateral com outro veículo em movimento,Recta,Em patamar,Berma pavimentada,Em plena via,Em bom estado,Outra via,Sentido único,Com marcas,Inexistentes,Outros,A funcionar normalmente,Betuminoso,Em entroncamento,Bom tempo,Em pleno dia,Seco e limpo,0,0,1,Arruamento com separador,Via Secundária,0,,Avenida Ceuta,Sem GPS - não estimado,2019,7,31,9,Manhã,Verão,1,0,3,2,0,0,0,0,0,0,0,0,0,1,0,0,0,1,0,1,0,0,0,,2
1550,20191719624,2019-07-31 18:35:00,Quarta-Feira,NÃO DEFINIDO,38.76163,-9.09801,Esquerda,Dentro das localidades,Parque das Nações,Lisboa,Atropelamento,Atropelamento de peões,Recta,Com inclinação,Berma pavimentada,Em plena via,Em estado regular,Outra via,Sentido único,Com marcas,Inexistentes,Passagem de peões,Inexistentes,Betuminoso,Em entroncamento,Bom tempo,Em pleno dia,Seco e limpo,0,0,1,Arruamento com separador,Via Secundária,0,,Avenida Ulisses,Sem GPS - estimado,2019,7,31,18,Noite,Verão,1,0,3,1,0,1,0,0,0,0,0,0,0,0,0,0,1,1,0,0,0,0,1,,0
1551,20191719631,2019-07-31 16:00:00,Quarta-Feira,NÃO DEFINIDO,38.697403,-9.18888,Direita,Dentro das localidades,Alcântara,,Despiste,Despiste sem dispositivo de retenção,Recta,Em patamar,Berma pavimentada,Em plena via,Em estado regular,Estrada sem separador,Sentido único,Sem marcas rodoviárias ou pouco visíveis,Inexistentes,Passagem de peões,A funcionar normalmente,Betuminoso,Em cruzamento,Bom tempo,Em pleno dia,Seco e limpo,0,0,1,Arruamento sem separador,Via Secundária,0,,Avenida Índia,Localização GPS,2019,7,31,16,Tarde,Verão,1,0,3,1,0,0,0,0,0,0,0,0,0,0,0,0,0,0,0,1,0,0,0,,2
1552,20191719675,2019-07-28 21:45:00,Domingo,No sentido decrescente da quilometragem,38.7690234,-9.1018446,Direita,Dentro das localidades,Santa Maria dos Olivais,,Atropelamento,Atropelamento de peões,Recta,Em patamar,Berma pavimentada,Em plena via,Em bom estado,Outra via,Sentido único,Sem marcas rodoviárias ou pouco visíveis,Inexistentes,NÃO DEFINIDO,Inexistentes,Betuminoso,Fora da intersecção,Bom tempo,"Noite, com iluminação",Seco e limpo,0,0,1,Arruamento com separador,Via Secundária,0,,Avenida Aquilino Ribeiro Machado,Sem GPS - estimado,2019,7,28,21,Noite,Verão,0,0,3,1,0,1,0,0,0,0,0,0,0,0,0,0,0,1,0,0,0,0,1,,0
1553,20191719678,2019-07-28 21:55:00,Domingo,NÃO DEFINIDO,38.7006609,-9.2002243,Direita,Dentro das localidades,Ajuda,Lisboa,Colisão,Colisão com outras situações,Recta,Com inclinação,Berma pavimentada,Em parque de estacionamento,Em estado regular,Estrada sem separador,Dois sentidos,Com marcas,Inexistentes,Outros,Inexistentes,Calçada,Fora da intersecção,Bom tempo,"Noite, com iluminação",Seco e limpo,0,0,2,Arruamento sem separador,Via Secundária,23,,Calçada Ajuda,Sem GPS - estimado,2019,7,28,21,Noite,Verão,0,0,6,3,0,0,0,0,0,0,0,0,0,0,0,0,0,1,0,0,0,1,0,,3
1554,20191719690,2019-07-30 19:15:00,Terça-Feira,No sentido crescente da quilometragem,,,Direita,Dentro das localidades,Avenidas Novas,Lisboa,Colisão,Colisão com outras situações,Recta,Em patamar,Berma pavimentada,Em plena via,Em bom estado,Outra via,Sentido único,Com marcas,Inexistentes,Outros,A funcionar normalmente,Betuminoso,Fora da intersecção,Bom tempo,Em pleno dia,Seco e limpo,0,0,1,Arruamento com separador,Via Secundária,0,,Avenida Elias Garcia,Sem GPS - não estimado,2019,7,30,19,Noite,Verão,1,0,3,2,0,0,0,0,0,0,0,0,0,0,0,0,0,1,0,1,0,0,0,,2
1555,20191719840,2019-08-01 16:50:00,Quinta-Feira,NÃO DEFINIDO,38.7421219,-9.11677809999999,Direita,Dentro das localidades,Marvila,,Atropelamento,Atropelamento de peões,Recta,Em patamar,Berma pavimentada,Em plena via,Em bom estado,Estrada sem separador,Dois sentidos,Com marcas,Inexistentes,NÃO DEFINIDO,Inexistentes,Betuminoso,Fora da intersecção,Bom tempo,Em pleno dia,Seco e limpo,0,0,2,Arruamento sem separador,Via Secundária,7,,Largo Broma,Sem GPS - estimado,2019,8,1,16,Tarde,Verão,1,0,6,1,0,1,0,0,0,0,0,0,0,0,0,0,0,0,0,1,0,0,1,,6
1556,20191719884,2019-07-29 21:30:00,Segunda-Feira,NÃO DEFINIDO,38.711765,-9.142925,Direita,Dentro das localidades,Misericórdia,Lisboa,Atropelamento,Atropelamento com fuga,Recta,Com inclinação,Berma pavimentada,No passeio,Em estado regular,Estrada sem separador,Dois sentidos,Com marcas,Inexistentes,Outros,Inexistentes,Betuminoso,Fora da intersecção,Bom tempo,"Noite, com iluminação",Seco e limpo,0,0,1,Arruamento sem separador,Via Secundária,0,,Rua da Misericórdia,Localização GPS,2019,7,29,21,Noite,Verão,1,0,3,1,0,1,0,0,0,0,0,0,0,0,0,0,0,1,0,0,0,0,1,10,3
1557,20191719897,2019-07-29 17:40:00,Segunda-Feira,NÃO DEFINIDO,38.7446317,-9.1686816,Direita,Dentro das localidades,São Domingos de Benfica,,Colisão,Colisão traseira com outro veículo em movimento,Recta,Com inclinação,Berma pavimentada,Em plena via,Em bom estado,Estrada sem separador,Dois sentidos,Com marcas,Inexistentes,Outros,A funcionar normalmente,Betuminoso,Em entroncamento,Bom tempo,Em pleno dia,Seco e limpo,0,0,1,Arruamento sem separador,Via Secundária,197,,Estrada Laranjeiras,Sem GPS - estimado,2019,7,29,17,Tarde,Verão,1,0,3,2,0,0,0,0,0,0,0,0,0,0,0,0,0,1,1,0,0,0,0,39,7
1558,20191719941,2019-07-26 11:20:00,Sexta-Feira,No sentido decrescente da quilometragem,,,Esquerda,Dentro das localidades,Alcântara,,Despiste,Despiste sem dispositivo de retenção,Recta,Em patamar,Berma pavimentada,Em plena via,Em bom estado,Outra via,Sentido único,Com marcas,Inexistentes,Outros,Inexistentes,Betuminoso,Fora da intersecção,Bom tempo,Em pleno dia,Seco e limpo,0,0,1,IP - Itinerário Principal,IP7,,10.2,,Sem GPS - não estimado,2019,7,26,11,Manhã,Verão,1,0,3,1,0,0,0,0,0,0,0,0,0,0,0,0,0,0,0,1,0,0,0,,0
1559,20191720006,2019-08-02 14:00:00,Sexta-Feira,NÃO DEFINIDO,38.721226,-9.1288593,Direita,Dentro das localidades,São Vicente,Lisboa,Atropelamento,Atropelamento de peões,Recta,Em patamar,Sem berma ou impraticável,Em plena via,Em bom estado,Estrada sem separador,Dois sentidos,Sem marcas rodoviárias ou pouco visíveis,Inexistentes,Passagem de peões,Inexistentes,Betuminoso,Em cruzamento,Bom tempo,Em pleno dia,Seco e limpo,0,0,1,Arruamento sem separador,Via Secundária,151,,Rua de Sapadores,Sem GPS - estimado,2019,8,2,14,Tarde,Verão,1,0,3,1,0,1,0,0,1,0,0,0,0,0,0,0,0,1,0,0,0,0,1,4,5
1560,20191720013,2019-08-02 12:09:00,Sexta-Feira,No sentido crescente da quilometragem,38.7761669,-9.1643441,Central,Dentro das localidades,Lumiar,,Colisão,Colisão choque em cadeia,Curva,Com inclinação,Berma pavimentada,Em plena via,Em bom estado,Outra via,Dois sentidos,Com marcas,Inexistentes,NÃO DEFINIDO,Inexistentes,Betuminoso,Fora da intersecção,Bom tempo,Em pleno dia,Seco e limpo,0,0,2,Arruamento com separador,Via Secundária,6,,Calçada Carriche,Sem GPS - estimado,2019,8,2,12,Tarde,Verão,1,0,6,11,1,0,0,0,0,0,0,0,0,0,0,0,1,1,0,0,0,0,0,51,0
1561,20191720019,2019-08-02 17:10:00,Sexta-Feira,NÃO DEFINIDO,,,Central,Dentro das localidades,Santo António,,Colisão,Colisão lateral com outro veículo em movimento,Recta,Com inclinação,Berma pavimentada,Em plena via,Em estado regular,Estrada sem separador,Dois sentidos,Com marcas,Inexistentes,Outros,A funcionar normalmente,Betuminoso,Em cruzamento,Bom tempo,Em pleno dia,Seco e limpo,0,0,1,Arruamento sem separador,Via Secundária,0,,Avenida Liberdade,Sem GPS - não estimado,2019,8,2,17,Tarde,Verão,1,0,3,2,0,0,0,0,0,0,0,0,0,0,0,0,0,1,1,0,0,0,0,,5
1562,20191720048,2019-08-03 11:15:00,Sábado,NÃO DEFINIDO,38.696717,-9.224791,Direita,Dentro das localidades,Alcântara,,Colisão,Colisão traseira com outro veículo em movimento,Recta,Em patamar,Berma pavimentada,Em plena via,Em bom estado,Estrada sem separador,Dois sentidos,Com marcas,Inexistentes,Passagem de peões,A funcionar normalmente,Betuminoso,Fora da intersecção,Bom tempo,Em pleno dia,Seco e limpo,0,0,1,Arruamento sem separador,Via Secundária,0,,Avenida Índia,Localização GPS,2019,8,3,11,Manhã,Verão,0,0,3,2,1,0,0,0,0,0,0,0,0,0,0,0,1,1,0,0,0,0,0,,6
1563,20191720119,2019-07-29 18:30:00,Segunda-Feira,NÃO DEFINIDO,38.7259397,-9.1680631,Direita,Dentro das localidades,Campolide,,Despiste,Despiste sem dispositivo de retenção,Recta,Com inclinação,Berma pavimentada,Em plena via,Em estado regular,Estrada sem separador,Dois sentidos,Sem marcas rodoviárias ou pouco visíveis,Inexistentes,Outros,Inexistentes,Betuminoso,Fora da intersecção,Bom tempo,Em pleno dia,Seco e limpo,0,0,1,Arruamento sem separador,Via Secundária,99,,Calçada Quintinha,Sem GPS - estimado,2019,7,29,18,Noite,Verão,1,0,3,2,0,0,0,0,0,0,0,0,0,0,0,0,0,0,1,1,0,0,0,,5
1564,20191720162,2019-08-03 15:30:00,Sábado,NÃO DEFINIDO,,,Direita,Dentro das localidades,Campolide,,Colisão,Colisão com outras situações,Recta,Com inclinação,Berma pavimentada,Em plena via,Em bom estado,Estrada sem separador,Dois sentidos,Com marcas,Inexistentes,Cedência de passagem,Inexistentes,Betuminoso,Em entroncamento,Bom tempo,Em pleno dia,Seco e limpo,0,0,2,Arruamento sem separador,Via Secundária,0,,Estrada Pimenteira,Sem GPS - não estimado,2019,8,3,15,Tarde,Verão,0,0,6,2,1,0,0,0,0,0,0,0,0,0,0,0,0,1,0,0,0,0,0,,0
1565,20191720166,2019-07-30 21:00:00,Terça-Feira,NÃO DEFINIDO,,,Esquerda,Dentro das localidades,Arroios,,Colisão,Colisão com outras situações,Recta,Em patamar,Sem berma ou impraticável,Em plena via,Em estado regular,Estrada sem separador,Dois sentidos,Com marcas,Inexistentes,NÃO DEFINIDO,A funcionar normalmente,Betuminoso,Em cruzamento,Bom tempo,"Noite, com iluminação",Seco e limpo,0,0,2,Arruamento sem separador,Via Secundária,0,,Rua Dona Estefânia,Sem GPS - não estimado,2019,7,30,21,Noite,Verão,1,0,6,3,0,0,0,0,0,0,0,0,0,0,0,0,0,1,0,1,0,0,0,,5
1566,20191720197,2019-08-03 15:10:00,Sábado,No sentido decrescente da quilometragem,38.680699,-9.175197,Direita,Fora das localidades,Alcântara,Lisboa,Colisão,Colisão choque em cadeia,Recta,Em patamar,Berma pavimentada,Em plena via,Em estado regular,Auto-estrada,Sentido único,Com marcas,Inexistentes,Outros,Inexistentes,Betuminoso,Fora da intersecção,Bom tempo,Em pleno dia,Seco e limpo,0,0,1,A  - Auto-Estrada,A2-PNT25ABRIL,,4.4,,Localização GPS,2019,8,3,15,Tarde,Verão,0,0,3,5,1,0,0,0,0,0,0,0,1,0,0,0,0,1,0,0,0,0,0,9,4
1567,20191720229,2019-08-03 06:30:00,Sábado,NÃO DEFINIDO,,,Direita,Dentro das localidades,Santa Clara,,Colisão,Colisão com outras situações,Curva,Em patamar,Berma pavimentada,Em plena via,Em bom estado,Estrada sem separador,Dois sentidos,Com marcas,Inexistentes,Cedência de passagem,Inexistentes,Betuminoso,Em entroncamento,Bom tempo,Em pleno dia,Seco e limpo,0,0,1,Arruamento sem separador,Via Secundária,0,,Azinhaga Cidade,Sem GPS - não estimado,2019,8,3,6,Manhã,Verão,0,0,3,2,0,0,0,0,0,0,0,0,0,0,0,0,0,1,0,0,0,0,0,,6
1568,20191720258,2019-07-30 19:30:00,Terça-Feira,NÃO DEFINIDO,38.7588531999999,-9.15418919999999,Direita,Dentro das localidades,Alvalade,Lisboa,Atropelamento,Atropelamento de peões,Recta,Em patamar,Berma pavimentada,No passeio,Em estado regular,Outra via,Sentido único,Sem marcas rodoviárias ou pouco visíveis,Inexistentes,NÃO DEFINIDO,Inexistentes,Terra batida,Fora da intersecção,Bom tempo,Em pleno dia,Seco e limpo,0,0,1,Arruamento com separador,Via Secundária,382,,Campo Grande,Sem GPS - estimado,2019,7,30,19,Noite,Verão,1,0,3,1,0,1,0,0,0,0,0,0,0,0,0,0,0,0,0,0,0,1,1,,2
1569,20191720303,2019-08-05 08:00:00,Segunda-Feira,NÃO DEFINIDO,38.709779,-9.210814,Direita,Dentro das localidades,Belém,Lisboa,Colisão,Colisão lateral com outro veículo em movimento,Curva,Em patamar,Berma pavimentada,Em plena via,Em estado regular,Estrada sem separador,Sentido único,Sem marcas rodoviárias ou pouco visíveis,Inexistentes,Outros,Inexistentes,Betuminoso,Em rotunda,Bom tempo,Em pleno dia,Seco e limpo,0,0,1,Arruamento sem separador,Via Secundária,0,,Praça São Francisco Xavier,Localização GPS,2019,8,5,8,Manhã,Verão,1,0,3,2,0,0,0,0,0,0,0,0,0,0,0,0,0,1,0,1,0,0,0,,1
1570,20191720325,2019-08-05 18:45:00,Segunda-Feira,NÃO DEFINIDO,38.7088778999999,-9.1513494,Direita,Dentro das localidades,Misericórdia,Lisboa,Atropelamento,Atropelamento de peões,Recta,Em patamar,Sem berma ou impraticável,Em plena via,Em estado regular,Estrada sem separador,Dois sentidos,Sem marcas rodoviárias ou pouco visíveis,Inexistentes,Outros,Inexistentes,Betuminoso,Fora da intersecção,Bom tempo,Em pleno dia,Seco e limpo,0,0,1,Arruamento sem separador,Via Secundária,48,,Largo Conde-barão,Sem GPS - estimado,2019,8,5,18,Noite,Verão,1,0,3,1,0,1,0,0,0,0,0,0,0,0,0,0,0,1,0,0,0,0,1,33,5
1571,20191720374,2019-08-02 20:45:00,Sexta-Feira,NÃO DEFINIDO,38.7251113,-9.1560517,Direita,Dentro das localidades,Parque das Nações,,Atropelamento,Atropelamento de peões,Curva,Em patamar,Sem berma ou impraticável,Em plena via,Em estado regular,Estrada sem separador,Dois sentidos,Sem marcas rodoviárias ou pouco visíveis,Inexistentes,Outros,Inexistentes,Betuminoso,Em entroncamento,Bom tempo,"Noite, com iluminação",Seco e limpo,0,0,2,Arruamento sem separador,Via Secundária,0,,Rua Padre Joaquim Aguiar,Sem GPS - estimado,2019,8,2,20,Noite,Verão,1,0,6,1,0,2,0,0,0,0,0,0,0,0,0,0,0,1,0,0,0,0,1,,5
1572,20191720388,2019-07-31 08:00:00,Quarta-Feira,No sentido decrescente da quilometragem,,,Esquerda,Dentro das localidades,Alvalade,Lisboa,Colisão,Colisão lateral com outro veículo em movimento,Recta,Em patamar,Sem berma ou impraticável,Em plena via,Em bom estado,Outra via,Sentido único,Com marcas,Inexistentes,Outros,A funcionar normalmente,Betuminoso,Em cruzamento,Bom tempo,Em pleno dia,Seco e limpo,0,0,1,Arruamento com separador,Via Secundária,0,,Avenida Estados Unidos da América,Sem GPS - não estimado,2019,7,31,8,Manhã,Verão,1,0,3,3,0,0,0,1,0,0,0,0,0,0,0,0,0,1,0,1,0,0,0,,2
1573,20191720498,2019-08-06 23:50:00,Terça-Feira,No sentido decrescente da quilometragem,38.770441,-9.164201,Esquerda,Dentro das localidades,Lumiar,Lisboa,Despiste,Despiste sem dispositivo de retenção,Recta,Em patamar,Berma pavimentada,Em plena via,Em estado regular,Outra via,Sentido único,Com marcas,Inexistentes,Outros,Inexistentes,Betuminoso,Fora da intersecção,Bom tempo,"Noite, com iluminação",Seco e limpo,0,0,1,Arruamento com separador,Via Secundária,0,,Avenida Padre Cruz,Localização GPS,2019,8,6,23,Noite,Verão,1,0,3,1,0,0,0,0,0,0,0,0,0,0,0,1,0,0,0,1,0,0,0,,2
1574,20191720505,2019-08-01 18:45:00,Quinta-Feira,No sentido decrescente da quilometragem,,,Esquerda,Dentro das localidades,Penha de França,,Colisão,Colisão traseira com outro veículo em movimento,Recta,Com inclinação,Sem berma ou impraticável,Em plena via,Em estado regular,Outra via,Sentido único,Sem marcas rodoviárias ou pouco visíveis,Inexistentes,Outros,A funcionar normalmente,Betuminoso,Fora da intersecção,Bom tempo,Em pleno dia,Seco e limpo,0,0,1,Arruamento com separador,Via Secundária,0,,Avenida Mouzinho de Albuquerque,Sem GPS - não estimado,2019,8,1,18,Noite,Verão,1,0,3,2,0,0,0,0,0,1,0,0,0,0,0,0,0,1,0,0,0,0,0,,2
1575,20191720514,2019-08-01 19:10:00,Quinta-Feira,NÃO DEFINIDO,,,Direita,Dentro das localidades,Avenidas Novas,Lisboa,Colisão,Colisão lateral com outro veículo em movimento,Recta,Em patamar,Berma pavimentada,Em plena via,Em bom estado,Estrada sem separador,Dois sentidos,Com marcas,Inexistentes,Outros,A funcionar normalmente,Betuminoso,Em entroncamento,Bom tempo,Em pleno dia,Seco e limpo,0,0,1,Arruamento sem separador,Via Secundária,0,,Rua Marquês Sá da Bandeira,Sem GPS - não estimado,2019,8,1,19,Noite,Verão,1,0,3,2,0,0,0,1,0,0,0,0,0,0,0,0,0,1,0,0,0,0,0,,6
1576,20191720531,2019-08-06 10:20:00,Terça-Feira,NÃO DEFINIDO,38.7560361999999,-9.147478,Direita,Dentro das localidades,Alvalade,Lisboa,Atropelamento,Atropelamento com fuga,Recta,Com inclinação,Sem berma ou impraticável,No passeio,Em estado regular,Estrada sem separador,Dois sentidos,Com marcas,Inexistentes,Outros,Inexistentes,Betuminoso,Fora da intersecção,Bom tempo,Em pleno dia,Seco e limpo,0,0,1,Arruamento sem separador,Via Secundária,56,,Avenida Brasil,Sem GPS - estimado,2019,8,6,10,Manhã,Verão,1,0,3,1,0,1,0,0,0,0,0,0,0,0,0,0,0,0,0,0,0,1,1,26,5
1577,20191720569,2019-07-31 15:30:00,Quarta-Feira,No sentido decrescente da quilometragem,38.7491152,-9.1328917,Central,Dentro das localidades,Alvalade,Lisboa,Colisão,Colisão lateral com outro veículo em movimento,Recta,Com inclinação,Sem berma ou impraticável,Em plena via,Em estado regular,Outra via,Sentido único,Sem marcas rodoviárias ou pouco visíveis,Inexistentes,Outros,Inexistentes,Betuminoso,Fora da intersecção,Bom tempo,Em pleno dia,Seco e limpo,0,0,1,Arruamento com separador,Via Secundária,10,,Avenida Estados Unidos da América,Sem GPS - estimado,2019,7,31,15,Tarde,Verão,1,0,3,2,0,0,0,0,0,0,0,0,0,0,0,0,0,1,0,1,0,0,0,64,0
1578,20191720644,2019-07-27 14:15:00,Sábado,NÃO DEFINIDO,38.7470958,-9.1049197,Direita,Dentro das localidades,Santa Maria dos Olivais,Lisboa,Despiste,Despiste sem dispositivo de retenção,Recta,Com inclinação,Berma pavimentada,Em plena via,Em estado regular,Outra via,Sentido único,Com marcas,Correctamente sinalizados,Outros,Inexistentes,Betuminoso,Fora da intersecção,Bom tempo,Em pleno dia,Seco e limpo,0,0,1,Arruamento com separador,Via Secundária,332,,Avenida Infante Dom Henrique,Sem GPS - estimado,2019,7,27,14,Tarde,Verão,0,0,3,1,0,0,0,0,0,0,0,0,0,0,0,0,0,0,0,1,0,0,0,,0
1579,20191720687,2019-08-02 23:40:00,Sexta-Feira,NÃO DEFINIDO,38.7210769,-9.1388533,Direita,Dentro das localidades,Arroios,Lisboa,Colisão,Colisão lateral com outro veículo em movimento,Curva,Com inclinação,Berma pavimentada,Em plena via,Em estado regular,Estrada sem separador,Dois sentidos,Com marcas,Inexistentes,NÃO DEFINIDO,A funcionar normalmente,Betuminoso,Em entroncamento,NÃO DEFINIDO,"Noite, com iluminação",Seco e limpo,0,0,1,Arruamento sem separador,Via Secundária,50,,Rua Conselheiro Arantes Pedroso,Sem GPS - estimado,2019,8,2,23,Noite,Verão,1,0,3,2,0,0,0,0,0,0,0,0,0,0,0,0,0,1,0,1,0,0,0,41,1
1580,20191720709,2019-08-06 15:18:00,Terça-Feira,NÃO DEFINIDO,38.709901,-9.133416,Direita,Dentro das localidades,Santa Maria Maior,Lisboa,Atropelamento,Atropelamento de peões,Recta,Com inclinação,Sem berma ou impraticável,Em plena via,Em estado regular,Estrada sem separador,Dois sentidos,Sem marcas rodoviárias ou pouco visíveis,Correctamente sinalizados,Outros,Inexistentes,Calçada,Fora da intersecção,Bom tempo,Em pleno dia,Seco e limpo,0,0,1,Arruamento sem separador,Via Secundária,0,,Largo Sé,Localização GPS,2019,8,6,15,Tarde,Verão,1,0,3,1,0,1,0,0,0,0,0,0,0,0,0,0,0,0,0,0,1,0,1,14,5
1581,20191720773,2019-08-02 11:00:00,Sexta-Feira,NÃO DEFINIDO,,,Direita,Dentro das localidades,Santa Maria Maior,,Colisão,Colisão lateral com outro veículo em movimento,Recta,Em patamar,Sem berma ou impraticável,Em plena via,Em estado regular,Estrada sem separador,Dois sentidos,Sem marcas rodoviárias ou pouco visíveis,Inexistentes,Outros,Inexistentes,Calçada,Fora da intersecção,Bom tempo,Em pleno dia,Seco e limpo,0,0,1,Arruamento sem separador,Via Secundária,0,,Avenida Ribeira das Naus,Sem GPS - não estimado,2019,8,2,11,Manhã,Verão,1,0,3,2,0,0,0,0,0,0,0,0,0,0,0,0,0,1,0,1,0,0,0,,5
1582,20191720797,2019-08-01 10:00:00,Quinta-Feira,No sentido decrescente da quilometragem,,,Direita,Dentro das localidades,Beato,Lisboa,Colisão,Colisão lateral com outro veículo em movimento,Recta,Em patamar,Sem berma ou impraticável,Em plena via,Em estado regular,Outra via,Sentido único,Sem marcas rodoviárias ou pouco visíveis,Inexistentes,Outros,A funcionar normalmente,Betuminoso,Em entroncamento,Bom tempo,Em pleno dia,Seco e limpo,0,0,1,Arruamento com separador,Via Secundária,0,,Avenida Infante Dom Henrique,Sem GPS - não estimado,2019,8,1,10,Manhã,Verão,1,0,3,2,0,0,0,0,0,0,0,0,0,0,0,0,0,1,0,1,0,0,0,,2
1583,20191720818,2019-08-02 09:40:00,Sexta-Feira,No sentido decrescente da quilometragem,,,Central,Dentro das localidades,Santa Maria dos Olivais,,Colisão,Colisão lateral com outro veículo em movimento,Recta,Em patamar,Sem berma ou impraticável,Em plena via,Em estado regular,Outra via,Sentido único,Com marcas,Inexistentes,Cedência de passagem,Inexistentes,Betuminoso,Em entroncamento,Bom tempo,Em pleno dia,Seco e limpo,0,0,1,Arruamento com separador,Via Secundária,0,,Avenida Cidade de Luanda,Sem GPS - não estimado,2019,8,2,9,Manhã,Verão,1,0,3,2,0,0,0,0,0,0,0,0,0,0,0,0,0,1,0,1,0,0,0,,2
1584,20191720859,2019-08-07 09:15:00,Quarta-Feira,No sentido decrescente da quilometragem,38.7661387,-9.1293198,Direita,Dentro das localidades,Santa Maria dos Olivais,,Colisão,Colisão com outras situações,Recta,Com inclinação,Sem berma ou impraticável,Em plena via,Em estado regular,Outra via,Dois sentidos,Com marcas,Inexistentes,Outros,A funcionar normalmente,Betuminoso,Em entroncamento,Chuva,Em pleno dia,Molhado,0,0,1,Arruamento com separador,Via Secundária,1,,Alameda Comunidades Portuguesas,Sem GPS - estimado,2019,8,7,9,Manhã,Verão,1,0,3,2,0,0,0,0,0,0,0,0,0,0,0,0,0,1,0,1,0,0,0,,5
1585,20191720874,2019-08-07 14:40:00,Quarta-Feira,NÃO DEFINIDO,38.7110696,-9.1354541,Direita,Dentro das localidades,Santa Maria Maior,,Atropelamento,Atropelamento de peões,Recta,Com inclinação,Berma pavimentada,Em plena via,Em bom estado,Estrada sem separador,Sentido único,Com marcas,Inexistentes,NÃO DEFINIDO,Inexistentes,Betuminoso,Fora da intersecção,Bom tempo,Em pleno dia,Seco e limpo,0,0,1,Arruamento sem separador,Via Secundária,110,,Rua Madalena,Sem GPS - estimado,2019,8,7,14,Tarde,Verão,1,0,3,2,0,1,0,0,0,0,0,0,1,0,0,0,0,1,0,0,0,0,1,14,0