,IdAcidente,Datahora,Dia da Semana,Sentidos,Latitude GPS,Longitude GPS,Via Trânsito,Localizações,Freguesia,Pov. Proxima,Tipo Natureza,Natureza,Tipo de Traçado,Inclinação do Traçado,Berma do Traçado,Localização do Traçado,Estado Conservação,Características Tecnicas,Reg Circulação,Marca Via,Obstáculos,Sinais,Sinais Luminosos,Tipo Piso,Intersecção Vias,Factores Atmosféricos,Luminosidade,Cond Aderência,VM,FG,FL,Tipos Vias,Via,Num arruamento,Km,Nome arruamento,Localização 2,Ano,Mês,Dia,Hora,Periodo,Estação,Dia Util,Gravidade,Indicador de Gravidade,Veículos envolvidos,Passageiros envolvidos,Peões envolvidos,Inf/Ação: Abertura de porta,Inf/Ação: Desrespeito da sinalização semafórica,Inf/Ação: Desrespeito da sinalização vertical,Inf/Ação: Desrespeito das distâncias de segurança,Inf/Ação: Desrespeito das marcas rodoviárias,Inf/Ação: Encandeamento,Inf/Ação: Manobra irregular,Inf/Ação: Não sinalização da manobra,Inf/Ação: Obstáculo imprevisto na faixa de rodagem,Inf/Ação: Rebentamento de pneumático,Inf/Ação: Velocidade excessiva para as condições existentes,Automóvel ligeiro,Automóvel pesado,Motociclos/Ciclomotores,Outros Veículos,Velocípedes,Peões,Numero Black Spot,Grupo Kmodes
1627,20191737586,2019-08-14 23:00:00,Quarta-Feira,NÃO DEFINIDO,38.712145,-9.1567254,Direita,Dentro das localidades,Estrela,,Despiste,Despiste sem dispositivo de retenção,Recta,Com inclinação,Sem berma ou impraticável,Em plena via,Em bom estado,Estrada sem separador,Dois sentidos,Sem marcas rodoviárias ou pouco visíveis,Inexistentes,Outros,Inexistentes,Betuminoso,Em via de aceleração,Bom tempo,"Noite, com iluminação",Seco e limpo,0,0,1,Arruamento sem separador,Via Secundária,20,,Rua Borges Carneiro,Sem GPS - estimado,2019,8,14,23,Noite,Verão,1,0,3,1,0,0,0,0,0,0,0,0,0,0,0,0,0,0,0,1,0,0,0,20,5
1628,20191737601,2019-08-16 08:25:00,Sexta-Feira,No sentido crescente da quilometragem,38.7266420999999,-9.1347571,Esquerda,Dentro das localidades,Arroios,,Atropelamento,Atropelamento de peões,Recta,Em patamar,Berma pavimentada,Em plena via,Em estado regular,Outra via,Sentido único,Com marcas,Inexistentes,Passagem de peões,A funcionar normalmente,Betuminoso,Fora da intersecção,Bom tempo,Em pleno dia,Seco e limpo,0,0,1,Arruamento com separador,Via Secundária,60,,Avenida Almirante Reis,Sem GPS - estimado,2019,8,16,8,Manhã,Verão,1,0,3,1,0,1,0,0,0,0,0,0,0,0,0,0,0,1,0,0,0,0,1,15,2
1629,20191737650,2019-08-13 20:10:00,Terça-Feira,NÃO DEFINIDO,38.7000295,-9.1839164,Central,Dentro das localidades,Alcântara,Lisboa,Colisão,Colisão lateral com outro veículo em movimento,Recta,Em patamar,Sem berma ou impraticável,Em plena via,Em estado regular,Estrada sem separador,Dois sentidos,Sem marcas rodoviárias ou pouco visíveis,Inexistentes,Outros,Inexistentes,Betuminoso,Fora da intersecção,Bom tempo,Aurora ou crepúsculo,Seco e limpo,0,0,1,Arruamento sem separador,Via Secundária,84,,Rua Junqueira,Sem GPS - estimado,2019,8,13,20,Noite,Verão,1,0,3,2,0,0,0,0,0,0,0,0,0,0,0,0,0,0,1,1,0,0,0,50,5
1630,20191737659,2019-08-09 21:50:00,Sexta-Feira,No sentido crescente da quilometragem,38.7372577,-9.1279423,Esquerda,Dentro das localidades,Areeiro,,Colisão,Colisão lateral com outro veículo em movimento,Recta,Com inclinação,Berma pavimentada,Em plena via,Em estado regular,Outra via,Sentido único,Sem marcas rodoviárias ou pouco visíveis,Inexistentes,Outros,Inexistentes,Betão de cimento,Em entroncamento,Bom tempo,"Noite, com iluminação",Seco e limpo,0,0,2,Arruamento com separador,Via Secundária,25,,Rua Cristóvão Falcão,Sem GPS - estimado,2019,8,9,21,Noite,Verão,1,0,6,2,1,0,0,0,0,0,0,0,0,0,0,0,0,1,0,1,0,0,0,43,0
1631,20191737662,2019-08-06 12:30:00,Terça-Feira,NÃO DEFINIDO,,,Direita,Dentro das localidades,Beato,Lisboa,Colisão,Colisão traseira com outro veículo em movimento,Recta,Em patamar,Berma pavimentada,Em plena via,Em estado regular,Estrada sem separador,Sentido único,Com marcas,Inexistentes,Outros,A funcionar normalmente,Betuminoso,Fora da intersecção,Bom tempo,Em pleno dia,Seco e limpo,0,0,1,Arruamento sem separador,Via Secundária,0,,Rua Gualdim Pais,Sem GPS - não estimado,2019,8,6,12,Tarde,Verão,1,0,3,2,1,0,0,0,0,0,0,0,0,0,0,0,0,1,0,1,0,0,0,,2
1632,20191737713,2019-08-16 15:40:00,Sexta-Feira,NÃO DEFINIDO,,,Direita,Dentro das localidades,São Domingos de Benfica,,Despiste,Despiste sem dispositivo de retenção,Recta,Com inclinação,Sem berma ou impraticável,Em plena via,Em bom estado,Estrada sem separador,Dois sentidos,Sem marcas rodoviárias ou pouco visíveis,Inexistentes,Outros,Inexistentes,Betuminoso,Fora da intersecção,Bom tempo,Em pleno dia,Seco e limpo,0,0,1,Arruamento sem separador,Via Secundária,0,,Rua Virgílio Correia,Sem GPS - não estimado,2019,8,16,15,Tarde,Verão,1,0,3,1,0,0,0,0,0,0,0,0,0,0,0,0,0,0,0,0,0,1,0,,5
1633,20191737723,2019-08-17 08:35:00,Sábado,NÃO DEFINIDO,,,Esquerda,Dentro das localidades,Santa Maria dos Olivais,,Colisão,Colisão frontal,Recta,Em patamar,Berma pavimentada,Em plena via,Em estado regular,Estrada sem separador,Dois sentidos,Com marcas,Inexistentes,Outros,A funcionar normalmente,Betuminoso,Em entroncamento,Bom tempo,Em pleno dia,Seco e limpo,0,0,1,Arruamento sem separador,Via Secundária,0,,Avenida Berlim,Sem GPS - não estimado,2019,8,17,8,Manhã,Verão,0,0,3,2,0,0,0,0,0,0,0,0,0,0,0,0,0,1,1,0,0,0,0,,6
1634,20191737796,2019-08-12 11:30:00,Segunda-Feira,No sentido crescente da quilometragem,38.7317846,-9.1412087,Direita,Dentro das localidades,Arroios,,Colisão,Colisão lateral com outro veículo em movimento,Recta,Com inclinação,Berma pavimentada,Em plena via,Em estado regular,Outra via,Sentido único,Sem marcas rodoviárias ou pouco visíveis,Inexistentes,Outros,A funcionar normalmente,Betuminoso,Em cruzamento,Bom tempo,Em pleno dia,Seco e limpo,0,0,1,Arruamento com separador,Via Secundária,2,,Avenida Casal Ribeiro,Sem GPS - estimado,2019,8,12,11,Manhã,Verão,1,0,3,2,0,0,0,0,0,0,0,0,0,0,0,0,0,1,0,1,0,0,0,24,2
1635,20191737801,2019-08-09 18:00:00,Sexta-Feira,NÃO DEFINIDO,38.7207477999999,-9.145383,Direita,Dentro das localidades,Santo António,,Atropelamento,Atropelamento de peões,Recta,Com inclinação,Sem berma ou impraticável,Em plena via,Em bom estado,Estrada sem separador,Dois sentidos,Com marcas,Inexistentes,Outros,A funcionar normalmente,Betuminoso,Fora da intersecção,Bom tempo,Em pleno dia,Seco e limpo,0,0,6,Arruamento sem separador,Via Secundária,190,,Avenida Liberdade,Sem GPS - estimado,2019,8,9,18,Noite,Verão,1,0,18,1,5,1,0,0,0,0,0,0,0,0,0,0,0,0,1,0,0,0,1,67,5
1636,20191737833,2019-08-18 21:00:00,Domingo,No sentido decrescente da quilometragem,38.7536145999999,-9.18870549999999,Direita,Dentro das localidades,Carnide,,Atropelamento,Atropelamento de peões,Recta,Em patamar,Berma pavimentada,Em plena via,Em bom estado,Outra via,Sentido único,Com marcas,Inexistentes,Passagem de peões,Inexistentes,Calçada,Fora da intersecção,Bom tempo,"Noite, com iluminação",Seco e limpo,0,0,1,Arruamento com separador,Via Secundária,0,,Rua Galileu Galilei,Sem GPS - estimado,2019,8,18,21,Noite,Verão,0,0,3,1,0,1,0,0,0,0,0,0,1,0,0,0,0,1,0,0,0,0,1,,0
1637,20191737899,2019-08-08 07:15:00,Quinta-Feira,NÃO DEFINIDO,,,Direita,Dentro das localidades,Alcântara,Lisboa,Despiste,Despiste sem dispositivo de retenção,Curva,Com inclinação,Berma pavimentada,Em plena via,Em estado regular,Estrada sem separador,Sentido único,Com marcas,Inexistentes,NÃO DEFINIDO,Inexistentes,Betuminoso,Em entroncamento,Chuva,Em pleno dia,Molhado,0,0,1,Arruamento sem separador,Via Secundária,0,,Acesso da Ponte 25 de Abril à AE 5,Sem GPS - não estimado,2019,8,8,7,Manhã,Verão,1,0,3,1,1,0,0,0,0,0,0,0,0,0,0,0,1,0,0,1,0,0,0,,1
1638,20191737904,2019-08-08 08:50:00,Quinta-Feira,NÃO DEFINIDO,,,Direita,Dentro das localidades,São Domingos de Benfica,,Colisão,Colisão com outras situações,Curva,Com inclinação,Sem berma ou impraticável,Em plena via,Em estado regular,Estrada sem separador,Sentido único,Com marcas,Inexistentes,NÃO DEFINIDO,Inexistentes,Calçada,Fora da intersecção,Bom tempo,Em pleno dia,Seco e limpo,0,0,1,Arruamento sem separador,Via Secundária,0,,Rua General Firmino Miguel,Sem GPS - não estimado,2019,8,8,8,Manhã,Verão,1,0,3,2,0,0,0,0,0,0,0,0,0,0,0,0,0,1,0,0,0,0,0,,1
1639,20191737944,2019-08-14 12:30:00,Quarta-Feira,NÃO DEFINIDO,38.6984749,-9.188823,Direita,Dentro das localidades,Belém,,Colisão,Colisão com outras situações,Recta,Em patamar,Sem berma ou impraticável,Em plena via,Em bom estado,Estrada sem separador,Dois sentidos,Com marcas,Inexistentes,Outros,Inexistentes,Betuminoso,Fora da intersecção,Bom tempo,Em pleno dia,Seco e limpo,0,0,1,Arruamento sem separador,Via Secundária,136,,Rua Junqueira,Sem GPS - estimado,2019,8,14,12,Tarde,Verão,1,0,3,2,0,0,1,0,0,0,0,0,0,0,0,0,0,1,0,0,0,1,0,,5
1640,20191737945,2019-08-15 20:00:00,Quinta-Feira,NÃO DEFINIDO,38.7746582999999,-9.10104319999999,Direita,Dentro das localidades,Parque das Nações,,Atropelamento,Atropelamento de peões,Recta,Em patamar,Berma pavimentada,Em plena via,Em estado regular,Estrada sem separador,Sentido único,Com marcas,Inexistentes,Passagem de peões,Inexistentes,Betuminoso,Em cruzamento,Bom tempo,Em pleno dia,Seco e limpo,0,0,1,Arruamento sem separador,Via Secundária,97,,Rua João Pinto Ribeiro,Sem GPS - estimado,2019,8,15,20,Noite,Verão,0,0,3,2,0,1,0,0,0,0,0,0,0,0,0,0,0,1,0,1,0,0,1,,4
1641,20191737948,2019-08-14 09:30:00,Quarta-Feira,NÃO DEFINIDO,38.7067788,-9.150933,Direita,Dentro das localidades,Misericórdia,,Colisão,Colisão com outras situações,Recta,Em patamar,Sem berma ou impraticável,Em plena via,Em bom estado,Outra via,Sentido único,Com marcas,Inexistentes,Outros,Inexistentes,Betuminoso,Fora da intersecção,Bom tempo,Em pleno dia,Seco e limpo,0,0,1,Arruamento com separador,Via Secundária,32,,Avenida 24 de Julho,Sem GPS - estimado,2019,8,14,9,Manhã,Verão,1,0,3,2,0,0,0,0,0,0,0,0,0,0,0,0,1,1,0,0,0,0,0,28,0
1642,20191737949,2019-08-11 02:00:00,Domingo,NÃO DEFINIDO,38.73997,-9.193578,Direita,Dentro das localidades,São Domingos de Benfica,,Despiste,Despiste sem dispositivo de retenção,Recta,Em patamar,Berma pavimentada,Em plena via,Em estado regular,Estrada sem separador,Dois sentidos,Com marcas,Inexistentes,Outros,Inexistentes,Betuminoso,Fora da intersecção,Chuva,"Noite, com iluminação",Molhado,0,0,2,Arruamento sem separador,Via Secundária,0,,Estrada Barcal,Localização GPS,2019,8,11,2,Madrugada,Verão,0,0,6,1,1,0,0,0,0,0,0,0,0,0,0,0,0,1,0,0,0,0,0,,3
1643,20191738018,2019-08-14 12:45:00,Quarta-Feira,NÃO DEFINIDO,38.7190646,-9.1535689,Direita,Dentro das localidades,Santo António,,Colisão,Colisão com outras situações,Recta,Em patamar,Berma pavimentada,Em plena via,Em bom estado,Estrada sem separador,Dois sentidos,Com marcas,Inexistentes,Outros,Inexistentes,Betuminoso,Fora da intersecção,Bom tempo,Em pleno dia,Seco e limpo,0,0,1,Arruamento sem separador,Via Secundária,217,,Rua Escola Politécnica,Sem GPS - estimado,2019,8,14,12,Tarde,Verão,1,0,3,3,0,0,0,0,0,0,0,0,0,0,0,0,0,1,0,1,0,0,0,21,6
1644,20191738048,2019-08-18 09:30:00,Domingo,NÃO DEFINIDO,,,Direita,Dentro das localidades,Marvila,,Colisão,Colisão lateral com outro veículo em movimento,Recta,Em patamar,Berma pavimentada,Em plena via,Em estado regular,Estrada sem separador,Dois sentidos,Sem marcas rodoviárias ou pouco visíveis,Inexistentes,Cedência de passagem,Inexistentes,Betuminoso,Em entroncamento,Bom tempo,Em pleno dia,Seco e limpo,0,0,1,Arruamento sem separador,Via Secundária,0,,Rua Engenheiro Ferreira Dias,Sem GPS - não estimado,2019,8,18,9,Manhã,Verão,0,0,3,2,0,0,0,0,1,0,0,0,0,0,0,0,0,1,0,0,0,0,0,,6
1645,20191738101,2019-08-13 15:15:00,Terça-Feira,NÃO DEFINIDO,,,Central,Dentro das localidades,Alvalade,,Colisão,Colisão com outras situações,Curva,Em patamar,Berma pavimentada,Em plena via,Em estado regular,Estrada sem separador,Sentido único,Com marcas,Inexistentes,Outros,A funcionar normalmente,Betuminoso,Em entroncamento,Bom tempo,Em pleno dia,Seco e limpo,0,0,1,Arruamento sem separador,Via Secundária,0,,Campo Grande,Sem GPS - não estimado,2019,8,13,15,Tarde,Verão,1,0,3,2,0,0,0,0,0,0,0,0,0,0,0,0,0,1,0,1,0,0,0,,1
1646,20191738124,2019-08-19 15:15:00,Segunda-Feira,NÃO DEFINIDO,38.754562,-9.157254,Direita,Dentro das localidades,Alvalade,Lisboa,Atropelamento,Atropelamento de peões,Recta,Em patamar,Berma pavimentada,No passeio,Em bom estado,Estrada sem separador,Dois sentidos,Com marcas,Inexistentes,Outros,Inexistentes,Calçada,Fora da intersecção,Bom tempo,Em pleno dia,Seco e limpo,0,0,2,Arruamento sem separador,Via Secundária,0,,Rua Prof.Oliveira Marques,Localização GPS,2019,8,19,15,Tarde,Verão,1,0,6,1,0,1,0,0,0,0,0,0,1,0,0,0,0,0,0,1,0,0,1,,6
1647,20191738137,2019-08-20 18:50:00,Terça-Feira,NÃO DEFINIDO,38.71914,-9.1296014,Direita,Dentro das localidades,São Vicente,,Despiste,Despiste sem dispositivo de retenção,Recta,Com inclinação,Sem berma ou impraticável,Em plena via,Em bom estado,Estrada sem separador,Dois sentidos,Sem marcas rodoviárias ou pouco visíveis,Inexistentes,Outros,Inexistentes,Betuminoso,Fora da intersecção,Bom tempo,Em pleno dia,Seco e limpo,0,0,1,Arruamento sem separador,Via Secundária,9,,Beco Beatas,Sem GPS - estimado,2019,8,20,18,Noite,Verão,1,0,3,1,0,0,0,0,0,0,0,0,0,0,0,0,0,0,0,1,0,0,0,,5
1648,20191738168,2019-08-20 11:05:00,Terça-Feira,NÃO DEFINIDO,38.755135,-9.153832,Direita,Dentro das localidades,Alvalade,Lisboa,Colisão,Colisão com outras situações,Recta,Em patamar,Berma pavimentada,Em plena via,Em estado regular,Outra via,Sentido único,Com marcas,Inexistentes,NÃO DEFINIDO,Inexistentes,Betuminoso,Fora da intersecção,Bom tempo,Em pleno dia,Seco e limpo,0,0,1,Arruamento com separador,Via Secundária,183,,Campo Grande,Sem GPS - estimado,2019,8,20,11,Manhã,Verão,1,0,3,2,0,0,1,0,0,0,0,0,0,0,0,0,0,1,0,0,0,0,0,,2
1649,20191738201,2019-08-15 07:50:00,Quinta-Feira,NÃO DEFINIDO,,,Direita,Dentro das localidades,São Domingos de Benfica,Lisboa,Colisão,Colisão lateral com outro veículo em movimento,Recta,Em patamar,Sem berma ou impraticável,Em plena via,Em estado regular,Estrada sem separador,Dois sentidos,Sem marcas rodoviárias ou pouco visíveis,Inexistentes,Outros,Inexistentes,Calçada,Em cruzamento,Bom tempo,Em pleno dia,Seco e limpo,0,0,1,Arruamento sem separador,Via Secundária,0,,Rua Professor Lima Basto,Sem GPS - não estimado,2019,8,15,7,Manhã,Verão,0,0,3,2,1,0,0,0,0,0,0,0,0,0,0,0,0,1,0,1,0,0,0,,5
1650,20191738220,2019-08-19 12:30:00,Segunda-Feira,NÃO DEFINIDO,38.7550927,-9.1386067,Direita,Dentro das localidades,Alvalade,,Despiste,Despiste sem dispositivo de retenção,Curva,Em patamar,Sem berma ou impraticável,Em plena via,Em bom estado,Estrada sem separador,Sentido único,Sem marcas rodoviárias ou pouco visíveis,Inexistentes,Cedência de passagem,Inexistentes,Betuminoso,Em rotunda,Bom tempo,Em pleno dia,Seco e limpo,0,0,1,Arruamento sem separador,Via Secundária,23,,Largo Frei Heitor Pinto,Sem GPS - estimado,2019,8,19,12,Tarde,Verão,1,0,3,1,0,0,0,0,0,0,0,0,0,0,0,0,1,0,0,1,0,0,0,,1
1651,20191738278,2019-08-21 18:00:00,Quarta-Feira,NÃO DEFINIDO,38.715007,-9.170054,Direita,Dentro das localidades,Campo de Ourique,Lisboa,Despiste,Despiste sem dispositivo de retenção,Curva,Com inclinação,Berma pavimentada,Em plena via,Em estado regular,Outra via,Sentido único,Sem marcas rodoviárias ou pouco visíveis,Inexistentes,Outros,Inexistentes,Betuminoso,Fora da intersecção,Bom tempo,Em pleno dia,Seco e limpo,0,0,1,Arruamento com separador,Via Secundária,0,,Praça São João Bosco,Localização GPS,2019,8,21,18,Noite,Verão,1,0,3,1,0,0,0,0,0,0,0,0,0,0,0,0,0,0,0,1,0,0,0,,1
1652,20191738279,2019-08-17 21:00:00,Sábado,NÃO DEFINIDO,38.722857,-9.139371,Direita,Dentro das localidades,Arroios,Lisboa,Despiste,Despiste sem dispositivo de retenção,Recta,Com inclinação,Berma pavimentada,Em plena via,Em estado regular,Estrada sem separador,Dois sentidos,Sem marcas rodoviárias ou pouco visíveis,Inexistentes,NÃO DEFINIDO,A funcionar normalmente,Betuminoso,Fora da intersecção,Bom tempo,"Noite, com iluminação",Seco e limpo,0,0,1,Arruamento sem separador,Via Secundária,106,,Campo Mártires da Pátria,Localização GPS,2019,8,17,21,Noite,Verão,0,0,3,1,0,0,0,0,0,0,0,0,0,0,0,0,0,0,0,1,0,0,0,41,3
1653,20191738284,2019-08-14 08:15:00,Quarta-Feira,No sentido decrescente da quilometragem,,,Direita,Dentro das localidades,Lumiar,Lisboa,Despiste,Despiste com dispositivo de retenção,Recta,Com inclinação,Berma pavimentada,Na berma,Em estado regular,Outra via,Sentido único,Com marcas,Inexistentes,Outros,Inexistentes,Betuminoso,Fora da intersecção,Bom tempo,Em pleno dia,Seco e limpo,0,0,1,Arruamento com separador,Via Secundária,0,,Avenida Santos e Castro,Sem GPS - não estimado,2019,8,14,8,Manhã,Verão,1,0,3,1,0,0,0,0,0,0,0,0,0,0,0,0,0,1,0,0,0,0,0,,0
1654,20191738331,2019-08-21 06:30:00,Quarta-Feira,NÃO DEFINIDO,38.7501229,-9.1914335,Direita,Dentro das localidades,Benfica,,Colisão,Colisão lateral com outro veículo em movimento,Recta,Em patamar,Berma pavimentada,Em plena via,Em bom estado,Estrada sem separador,Dois sentidos,Com marcas,Inexistentes,Outros,Inexistentes,Betuminoso,Em entroncamento,Bom tempo,Aurora ou crepúsculo,Seco e limpo,0,0,1,Arruamento sem separador,Via Secundária,9,,Avenida Colégio Militar,Sem GPS - estimado,2019,8,21,6,Manhã,Verão,1,0,3,2,0,0,0,0,0,1,0,0,0,0,0,0,0,1,0,1,0,0,0,38,6
1655,20191738466,2019-08-20 07:15:00,Terça-Feira,No sentido decrescente da quilometragem,,,Direita,Dentro das localidades,Alvalade,,Colisão,Colisão traseira com outro veículo em movimento,Recta,Com inclinação,Sem berma ou impraticável,Em plena via,Em estado regular,Outra via,Sentido único,Com marcas,Inexistentes,Outros,Inexistentes,Betuminoso,Fora da intersecção,Bom tempo,Aurora ou crepúsculo,Seco e limpo,0,0,4,Arruamento com separador,2ª Circular,0,,Avenida General Norton de Matos,Sem GPS - não estimado,2019,8,20,7,Manhã,Verão,1,0,12,2,3,0,0,0,0,1,0,0,0,0,0,0,0,1,0,0,0,0,0,,0
1656,20191738542,2019-08-17 22:45:00,Sábado,NÃO DEFINIDO,38.7072161,-9.1416735,Direita,Dentro das localidades,Santa Maria Maior,Lisboa,Colisão,Colisão frontal,Curva,Em patamar,Sem berma ou impraticável,Em plena via,Em estado regular,Estrada sem separador,Dois sentidos,Sem marcas rodoviárias ou pouco visíveis,Inexistentes,Cedência de passagem,Inexistentes,Calçada,Em entroncamento,Bom tempo,"Noite, com iluminação",Seco e limpo,0,0,1,Arruamento sem separador,Via Secundária,164,,Rua Arsenal,Sem GPS - estimado,2019,8,17,22,Noite,Verão,0,0,3,2,0,0,0,0,0,0,0,0,0,0,0,0,0,1,0,1,0,0,0,10,5
1657,20191738543,2019-08-17 20:00:00,Sábado,No sentido decrescente da quilometragem,,,Esquerda,Dentro das localidades,Lumiar,Lisboa,Despiste,Despiste com capotamento,Recta,Em patamar,Berma pavimentada,Em plena via,Em bom estado,Outra via,Sentido único,Sem marcas rodoviárias ou pouco visíveis,Inexistentes,Outros,Inexistentes,Betuminoso,Fora da intersecção,Bom tempo,Aurora ou crepúsculo,Seco e limpo,0,0,1,IP - Itinerário Principal,IP7,,4.1,,Sem GPS - não estimado,2019,8,17,20,Noite,Verão,0,0,3,1,0,0,0,0,0,0,0,0,0,0,0,0,0,1,0,0,0,0,0,,0
1658,20191738561,2019-08-18 16:15:00,Domingo,NÃO DEFINIDO,,,Central,Dentro das localidades,Santa Maria dos Olivais,,Colisão,Colisão com outras situações,Recta,Em patamar,Sem berma ou impraticável,Em plena via,Em estado regular,Estrada sem separador,Sentido único,Com marcas,Inexistentes,NÃO DEFINIDO,Inexistentes,Betuminoso,Fora da intersecção,Bom tempo,Em pleno dia,Seco e limpo,0,0,1,Arruamento sem separador,Via Secundária,0,,Alameda Comunidades Portuguesas,Sem GPS - não estimado,2019,8,18,16,Tarde,Verão,0,0,3,2,0,0,0,0,0,0,0,0,0,0,0,0,0,1,0,0,0,0,0,,4
1659,20191738582,2019-08-10 06:50:00,Sábado,No sentido crescente da quilometragem,,,Central,Dentro das localidades,Alvalade,,Colisão,Colisão traseira com outro veículo em movimento,Recta,Em patamar,Berma pavimentada,Em plena via,Em bom estado,Outra via,Sentido único,Com marcas,Inexistentes,Outros,Inexistentes,Betuminoso,Fora da intersecção,Bom tempo,Em pleno dia,Seco e limpo,0,0,2,Arruamento com separador,Via Secundária,0,,Avenida Cidade do Porto,Sem GPS - não estimado,2019,8,10,6,Manhã,Verão,0,0,6,2,1,0,0,0,0,0,0,0,0,0,0,0,1,1,0,0,0,0,0,,0
1660,20191739750,2019-08-20 01:20:00,Terça-Feira,NÃO DEFINIDO,38.7779703,-9.1140458,Direita,Dentro das localidades,Santa Maria dos Olivais,Lisboa,Despiste,Despiste sem dispositivo de retenção,Curva,Em patamar,Berma pavimentada,Em plena via,Em estado regular,Outra via,Sentido único,Com marcas,Inexistentes,Outros,Inexistentes,Betuminoso,Fora da intersecção,Bom tempo,"Noite, com iluminação",Escorregadio por outros fatores,0,0,1,Arruamento com separador,Via Secundária,1,,Avenida Doutor Alfredo Bensaúde,Sem GPS - estimado,2019,8,20,1,Madrugada,Verão,1,0,3,1,0,0,0,0,0,0,0,0,0,0,0,0,0,0,0,1,0,0,0,,1
1661,20191739761,2019-08-07 07:45:00,Quarta-Feira,NÃO DEFINIDO,38.7060439,-9.1815397,Direita,Dentro das localidades,Alcântara,,Despiste,Despiste sem dispositivo de retenção,Recta,Com inclinação,Berma pavimentada,Em plena via,Em estado regular,Estrada sem separador,Dois sentidos,Com marcas,Inexistentes,Outros,Inexistentes,Calçada,Fora da intersecção,Chuva,Em pleno dia,Seco e limpo,0,0,1,Arruamento sem separador,Via Secundária,87,,Calçada Tapada,Sem GPS - estimado,2019,8,7,7,Manhã,Verão,1,0,3,1,0,0,0,0,0,0,0,0,0,0,0,0,0,0,0,1,0,0,0,16,5
1662,20191739807,2019-08-23 16:40:00,Sexta-Feira,NÃO DEFINIDO,,,Central,Dentro das localidades,São Domingos de Benfica,,Colisão,Colisão lateral com outro veículo em movimento,Recta,Em patamar,Berma pavimentada,Em plena via,Em estado regular,Estrada sem separador,Sentido único,Com marcas,Inexistentes,Outros,A funcionar normalmente,Betuminoso,Em cruzamento,Bom tempo,Em pleno dia,Seco e limpo,0,0,2,Arruamento sem separador,Via Secundária,0,,Praça Marechal Humberto Delgado,Sem GPS - não estimado,2019,8,23,16,Tarde,Verão,1,0,6,2,2,0,0,0,0,0,0,0,0,0,0,0,0,1,0,0,0,0,0,,2
1663,20191739840,2019-08-23 11:10:00,Sexta-Feira,NÃO DEFINIDO,38.7470958,-9.1049197,Direita,Dentro das localidades,Santa Maria Maior,,Despiste,Despiste sem dispositivo de retenção,Recta,Em patamar,Berma pavimentada,Em plena via,Em estado regular,Estrada sem separador,Dois sentidos,Com marcas,Inexistentes,NÃO DEFINIDO,A funcionar normalmente,Calçada,Fora da intersecção,Bom tempo,Em pleno dia,Seco e limpo,0,0,1,Arruamento sem separador,Via Secundária,1,,Avenida Infante Dom Henrique,Sem GPS - estimado,2019,8,23,11,Manhã,Verão,1,0,3,1,0,0,0,0,0,0,0,0,0,0,0,0,0,0,0,0,0,1,0,,6
1664,20191739854,2019-08-21 00:15:00,Quarta-Feira,NÃO DEFINIDO,38.7680912,-9.1070376,Direita,Dentro das localidades,Santa Maria dos Olivais,Lisboa,Atropelamento,Atropelamento de peões,Curva,Em patamar,Berma pavimentada,Em plena via,Em estado regular,Estrada sem separador,Sentido único,Com marcas,Inexistentes,Cedência de passagem,Inexistentes,Betuminoso,Em ramo de ligação - entrada,Bom tempo,"Noite, com iluminação",Seco e limpo,0,0,1,Arruamento sem separador,Via Secundária,0,,Avenida Berlim,Sem GPS - estimado,2019,8,21,0,Madrugada,Verão,1,0,3,1,0,1,0,0,0,1,0,0,0,0,0,0,0,1,0,0,0,0,1,,1
1665,20191739934,2019-08-25 20:30:00,Domingo,NÃO DEFINIDO,38.7242895,-9.1462094,Direita,Dentro das localidades,Santo António,,Colisão,Colisão lateral com outro veículo em movimento,Recta,Com inclinação,Berma pavimentada,Em plena via,Em bom estado,Estrada sem separador,Dois sentidos,Com marcas,Correctamente sinalizados,Outros,A funcionar normalmente,Betuminoso,Fora da intersecção,Bom tempo,Aurora ou crepúsculo,Molhado,0,0,1,Arruamento sem separador,Via Secundária,1,,Rua Alexandre Herculano,Sem GPS - estimado,2019,8,25,20,Noite,Verão,0,0,3,2,0,0,0,0,0,0,0,0,0,0,0,0,0,1,0,1,0,0,0,13,3
1666,20191739973,2019-08-20 12:00:00,Terça-Feira,NÃO DEFINIDO,38.7208121,-9.1618644,Esquerda,Dentro das localidades,Campo de Ourique,,Colisão,Colisão lateral com outro veículo em movimento,Recta,Em patamar,Sem berma ou impraticável,Em plena via,Em estado regular,Estrada sem separador,Dois sentidos,Com marcas,Inexistentes,Outros,Inexistentes,Betuminoso,Fora da intersecção,Bom tempo,Em pleno dia,Seco e limpo,0,0,1,Arruamento sem separador,Via Secundária,6,,Rua Joshua Benoliel,Sem GPS - estimado,2019,8,20,12,Tarde,Verão,1,0,3,2,0,0,0,0,0,0,0,0,0,0,0,0,0,1,0,0,0,0,0,23,5
1667,20191739981,2019-08-24 21:50:00,Sábado,NÃO DEFINIDO,38.757937,-9.1409847,Esquerda,Dentro das localidades,Alvalade,,Colisão,Colisão lateral com outro veículo em movimento,Recta,Em patamar,Berma pavimentada,Em plena via,Em estado regular,Estrada sem separador,Dois sentidos,Com marcas,Inexistentes,Outros,A funcionar normalmente,Betuminoso,Em entroncamento,Bom tempo,"Noite, com iluminação",Seco e limpo,0,0,2,Arruamento sem separador,Via Secundária,158,,Avenida Brasil,Sem GPS - estimado,2019,8,24,21,Noite,Verão,0,0,6,2,1,0,0,0,0,0,0,0,0,0,0,0,0,1,0,1,0,0,0,60,6