,IdAcidente,Datahora,Dia da Semana,Sentidos,Latitude GPS,Longitude GPS,Via Trânsito,Localizações,Freguesia,Pov. Proxima,Tipo Natureza,Natureza,Tipo de Traçado,Inclinação do Traçado,Berma do Traçado,Localização do Traçado,Estado Conservação,Características Tecnicas,Reg Circulação,Marca Via,Obstáculos,Sinais,Sinais Luminosos,Tipo Piso,Intersecção Vias,Factores Atmosféricos,Luminosidade,Cond Aderência,VM,FG,FL,Tipos Vias,Via,Num arruamento,Km,Nome arruamento,Localização 2,Ano,Mês,Dia,Hora,Periodo,Estação,Dia Util,Gravidade,Indicador de Gravidade,Veículos envolvidos,Passageiros envolvidos,Peões envolvidos,Inf/Ação: Abertura de porta,Inf/Ação: Desrespeito da sinalização semafórica,Inf/Ação: Desrespeito da sinalização vertical,Inf/Ação: Desrespeito das distâncias de segurança,Inf/Ação: Desrespeito das marcas rodoviárias,Inf/Ação: Encandeamento,Inf/Ação: Manobra irregular,Inf/Ação: Não sinalização da manobra,Inf/Ação: Obstáculo imprevisto na faixa de rodagem,Inf/Ação: Rebentamento de pneumático,Inf/Ação: Velocidade excessiva para as condições existentes,Automóvel ligeiro,Automóvel pesado,Motociclos/Ciclomotores,Outros Veículos,Velocípedes,Peões,Numero Black Spot,Grupo Kmodes
1872,20191745237,2019-09-18 11:00:00,Quarta-Feira,No sentido decrescente da quilometragem,38.7543171,-9.1908069,Direita,Dentro das localidades,Benfica,,Colisão,Colisão traseira com outro veículo em movimento,Curva,Com inclinação,Sem berma ou impraticável,Em plena via,Em bom estado,Outra via,Sentido único,Com marcas,Inexistentes,Outros,A funcionar normalmente,Betuminoso,Fora da intersecção,Bom tempo,Em pleno dia,Seco e limpo,0,0,2,Arruamento com separador,Via Secundária,1,,Avenida Lusíada,Sem GPS - estimado,2019,9,18,11,Manhã,Verão,1,0,6,2,1,0,0,0,0,0,0,0,0,0,0,0,0,1,0,0,0,0,0,,7
1873,20191745244,2019-09-20 19:15:00,Sexta-Feira,No sentido decrescente da quilometragem,,,Central,Fora das localidades,Belém,,Colisão,Colisão lateral com outro veículo em movimento,Recta,Em patamar,Sem berma ou impraticável,Em plena via,Em estado regular,Auto-estrada,Sentido único,Com marcas,Inexistentes,Outros,Inexistentes,Betuminoso,Fora da intersecção,Bom tempo,Em pleno dia,Seco e limpo,0,0,1,A  - Auto-Estrada,A2-PNT25ABRIL,,4.0,,Sem GPS - não estimado,2019,9,20,19,Noite,Verão,1,0,3,2,0,0,0,0,0,0,0,0,0,0,0,0,0,1,0,1,0,0,0,,4
1874,20191745247,2019-09-23 15:00:00,Segunda-Feira,No sentido decrescente da quilometragem,38.789567,-9.147757,Direita,Fora das localidades,Campolide,,Despiste,Despiste sem dispositivo de retenção,Curva,Com inclinação,Berma pavimentada,Em plena via,Em estado regular,Outra via,Sentido único,Com marcas,Inexistentes,Outros,Inexistentes,Betuminoso,Fora da intersecção,Bom tempo,Em pleno dia,Seco e limpo,0,0,1,IP - Itinerário Principal,IP7,,1.7,,Localização GPS,2019,9,23,15,Tarde,Outono,1,0,3,1,0,0,0,0,0,0,0,0,0,0,0,0,1,0,1,0,0,0,0,,1
1875,20191745288,2019-09-23 16:30:00,Segunda-Feira,NÃO DEFINIDO,38.7207477999999,-9.145383,Direita,Dentro das localidades,Santo António,Lisboa,Atropelamento,Atropelamento de peões,Recta,Em patamar,Berma pavimentada,Em plena via,Em estado regular,Estrada sem separador,Dois sentidos,Com marcas,Inexistentes,NÃO DEFINIDO,Inexistentes,Betuminoso,Fora da intersecção,Bom tempo,Em pleno dia,Seco e limpo,0,0,1,Arruamento sem separador,Via Secundária,190,,Avenida Liberdade,Sem GPS - estimado,2019,9,23,16,Tarde,Outono,1,0,3,1,0,1,0,0,0,0,0,0,0,0,0,0,0,1,0,0,0,0,1,67,6
1876,20191745323,2019-09-12 18:40:00,Quinta-Feira,No sentido crescente da quilometragem,,,Direita,Fora das localidades,Lumiar,Lisboa,Despiste,Despiste sem dispositivo de retenção,Recta,Em patamar,Berma pavimentada,Em plena via,Em estado regular,Outra via,Sentido único,Com marcas,Inexistentes,Outros,Inexistentes,Betuminoso,Fora da intersecção,Bom tempo,Em pleno dia,Seco e limpo,0,0,1,IP - Itinerário Principal,IP7,,2.55,,Sem GPS - não estimado,2019,9,12,18,Noite,Verão,1,0,3,1,0,0,0,0,0,0,0,0,0,0,0,0,0,0,0,1,0,0,0,,4
1877,20191745382,2019-09-25 18:10:00,Quarta-Feira,NÃO DEFINIDO,38.7667087,-9.1639944,Direita,Dentro das localidades,Lumiar,Lisboa,Atropelamento,Atropelamento com fuga,Recta,Com inclinação,Berma pavimentada,Em plena via,Em estado regular,Outra via,Sentido único,Com marcas,Inexistentes,Outros,A funcionar normalmente,Betuminoso,Fora da intersecção,Bom tempo,Em pleno dia,Seco e limpo,0,0,1,Arruamento com separador,Via Secundária,51,,Avenida Rainha Dona Amélia,Sem GPS - estimado,2019,9,25,18,Noite,Outono,1,0,3,1,0,1,0,0,0,0,0,0,0,0,0,0,0,1,0,0,0,0,1,,2
1878,20191745384,2019-09-24 17:15:00,Terça-Feira,NÃO DEFINIDO,38.6989087999999,-9.20526959999999,Direita,Dentro das localidades,Belém,Lisboa,Atropelamento,Atropelamento de peões,Recta,Com inclinação,Sem berma ou impraticável,Em plena via,Em estado regular,Estrada sem separador,Dois sentidos,Com marcas,Inexistentes,Outros,Inexistentes,Betuminoso,Fora da intersecção,Bom tempo,Em pleno dia,Seco e limpo,0,0,1,Arruamento sem separador,Via Secundária,12,,Rua Jerónimos,Sem GPS - estimado,2019,9,24,17,Tarde,Outono,1,0,3,1,0,1,0,0,0,0,0,0,0,0,0,0,0,0,0,1,0,0,1,,5
1879,20191745386,2019-09-24 16:45:00,Terça-Feira,NÃO DEFINIDO,38.7533745,-9.14273249999999,Esquerda,Dentro das localidades,Alvalade,,Atropelamento,Atropelamento de peões,Recta,Em patamar,Berma pavimentada,Em plena via,Em estado regular,Estrada sem separador,Dois sentidos,Com marcas,Inexistentes,Outros,Inexistentes,Betuminoso,Fora da intersecção,Bom tempo,Em pleno dia,Seco e limpo,0,0,2,Arruamento sem separador,Via Secundária,27,,Avenida Igreja,Sem GPS - estimado,2019,9,24,16,Tarde,Outono,1,0,6,1,0,1,0,0,0,0,0,0,0,0,0,0,0,0,0,1,0,0,1,45,6
1880,20191745397,2019-09-24 10:35:00,Terça-Feira,NÃO DEFINIDO,38.7116960999999,-9.132749,Direita,Dentro das localidades,Santa Maria Maior,Lisboa,Atropelamento,Atropelamento de peões,Recta,Com inclinação,Berma pavimentada,Na berma,Em estado regular,Estrada sem separador,Sentido único,Sem marcas rodoviárias ou pouco visíveis,Inexistentes,NÃO DEFINIDO,Inexistentes,Calçada,Fora da intersecção,Bom tempo,Em pleno dia,Seco e limpo,0,0,1,Arruamento sem separador,Via Secundária,12,,Rua Bartolomeu de Gusmão,Sem GPS - estimado,2019,9,24,10,Manhã,Outono,1,0,3,1,0,1,0,0,0,0,0,0,0,0,0,0,0,0,0,0,0,1,1,,1
1881,20191745400,2019-09-24 13:13:00,Terça-Feira,NÃO DEFINIDO,38.7086966999999,-9.13800069999999,Direita,Dentro das localidades,Santa Maria Maior,Lisboa,Atropelamento,Atropelamento de peões,Recta,Em patamar,Sem berma ou impraticável,Em plena via,Em estado regular,Estrada sem separador,Sentido único,Com marcas,Inexistentes,Outros,A funcionar normalmente,Betuminoso,Fora da intersecção,Bom tempo,Em pleno dia,Seco e limpo,0,0,1,Arruamento sem separador,Via Secundária,148,,Rua Comércio,Sem GPS - estimado,2019,9,24,13,Tarde,Outono,1,0,3,1,0,1,0,0,0,0,0,0,0,0,1,0,0,1,0,0,0,0,1,14,2
1882,20191745404,2019-09-20 18:30:00,Sexta-Feira,NÃO DEFINIDO,,,Direita,Dentro das localidades,Carnide,Lisboa,Despiste,Despiste sem dispositivo de retenção,Curva,Em patamar,Berma pavimentada,Em plena via,Em estado regular,Estrada sem separador,Sentido único,Sem marcas rodoviárias ou pouco visíveis,Inexistentes,Outros,Inexistentes,Betuminoso,Fora da intersecção,Bom tempo,"Noite, com iluminação",Seco e limpo,0,0,1,Arruamento sem separador,Via Secundária,0,,Avenida Condes de Carnide,Sem GPS - não estimado,2019,9,20,18,Noite,Verão,1,0,3,1,0,0,0,0,0,0,0,0,0,0,0,0,0,0,0,1,0,0,0,,1
1883,20191745406,2019-09-24 16:00:00,Terça-Feira,NÃO DEFINIDO,38.7331787999999,-9.1299855,Direita,Dentro das localidades,Penha de França,Lisboa,Atropelamento,Atropelamento de peões,Recta,Com inclinação,Sem berma ou impraticável,No passeio,Em bom estado,Estrada sem separador,Sentido único,Sem marcas rodoviárias ou pouco visíveis,Inexistentes,Outros,Inexistentes,Betuminoso,Fora da intersecção,Bom tempo,Em pleno dia,Seco e limpo,0,0,1,Arruamento sem separador,Via Secundária,47,,Rua Doutor Oliveira Ramos,Sem GPS - estimado,2019,9,24,16,Tarde,Outono,1,0,3,1,0,1,0,0,0,0,0,0,1,0,0,0,0,1,0,0,0,0,1,32,0
1884,20191745427,2019-09-25 06:40:00,Quarta-Feira,No sentido decrescente da quilometragem,,,Central,Dentro das localidades,Alvalade,,Colisão,Colisão traseira com outro veículo em movimento,Recta,Em patamar,Sem berma ou impraticável,Em plena via,Em estado regular,Outra via,Sentido único,Com marcas,Inexistentes,Outros,Inexistentes,Betuminoso,Fora da intersecção,Bom tempo,Aurora ou crepúsculo,Seco e limpo,0,1,0,Arruamento com separador,2ª Circular,0,,Avenida Marechal Craveiro Lopes,Sem GPS - não estimado,2019,9,25,6,Manhã,Outono,1,1,10,2,0,0,0,0,0,0,0,0,0,0,0,0,0,1,0,1,0,0,0,,2
1885,20191745444,2019-09-09 19:00:00,Segunda-Feira,No sentido decrescente da quilometragem,,,Direita,Dentro das localidades,Carnide,,Despiste,Despiste com dispositivo de retenção,Recta,Em patamar,Berma pavimentada,Em plena via,Em bom estado,Outra via,Sentido único,Com marcas,Inexistentes,Outros,Inexistentes,Betuminoso,Fora da intersecção,Bom tempo,Em pleno dia,Seco e limpo,0,0,1,Arruamento com separador,2ª Circular,0,,Avenida General Norton de Matos,Sem GPS - não estimado,2019,9,9,19,Noite,Verão,1,0,3,1,0,0,0,0,0,0,0,0,0,0,0,0,0,0,0,1,0,0,0,,0
1886,20191745472,2019-09-09 13:10:00,Segunda-Feira,NÃO DEFINIDO,,,Direita,Dentro das localidades,Alvalade,,Colisão,Colisão traseira com outro veículo em movimento,Curva,Com inclinação,Sem berma ou impraticável,Em plena via,Em estado regular,Outra via,Sentido único,Sem marcas rodoviárias ou pouco visíveis,Inexistentes,Outros,Inexistentes,Betuminoso,Fora da intersecção,Bom tempo,Em pleno dia,Seco e limpo,0,0,1,Arruamento com separador,Via Secundária,0,,Praça Aeroporto,Sem GPS - não estimado,2019,9,9,13,Tarde,Verão,1,0,3,2,0,0,0,0,0,0,0,0,0,0,0,0,0,1,0,1,0,0,0,,1
1887,20191745535,2019-09-05 23:50:00,Quinta-Feira,NÃO DEFINIDO,,,Direita,Dentro das localidades,Beato,Lisboa,Colisão,Colisão lateral com outro veículo em movimento,Recta,Em patamar,Berma pavimentada,Em plena via,Em estado regular,Estrada sem separador,Dois sentidos,Com marcas,Inexistentes,NÃO DEFINIDO,Inexistentes,Betuminoso,Em entroncamento,Bom tempo,"Noite, com iluminação",Seco e limpo,0,0,2,Arruamento sem separador,Via Secundária,0,,Estrada Chelas,Sem GPS - não estimado,2019,9,5,23,Noite,Verão,1,0,6,2,0,0,0,0,0,0,0,0,0,0,0,0,0,1,0,1,0,0,0,,6
1888,20191745541,2019-09-16 18:10:00,Segunda-Feira,No sentido decrescente da quilometragem,,,Direita,Dentro das localidades,São Domingos de Benfica,Lisboa,Colisão,Colisão lateral com outro veículo em movimento,Recta,Em patamar,Berma não pavimentada,Em plena via,Em bom estado,Outra via,Sentido único,Com marcas,Inexistentes,Outros,Inexistentes,Betuminoso,Fora da intersecção,Bom tempo,Em pleno dia,Seco e limpo,0,0,1,Arruamento com separador,Via Secundária,0,,Avenida General Correia Barreto,Sem GPS - não estimado,2019,9,16,18,Noite,Verão,1,0,3,2,0,0,0,0,0,0,0,0,0,0,0,0,0,1,0,1,0,0,0,,0
1889,20191745580,2019-09-11 21:57:00,Quarta-Feira,No sentido crescente da quilometragem,,,Direita,Dentro das localidades,Lumiar,,Colisão,Colisão com outras situações,Recta,Com inclinação,Berma pavimentada,Em plena via,Em bom estado,Outra via,Sentido único,Com marcas,Inexistentes,Outros,A funcionar normalmente,Betuminoso,Em entroncamento,Bom tempo,"Noite, com iluminação",Seco e limpo,0,0,1,Arruamento com separador,Via Secundária,0,,Calçada Carriche,Sem GPS - não estimado,2019,9,11,21,Noite,Verão,1,0,3,2,0,0,0,0,0,0,0,0,0,0,0,0,0,1,0,1,0,0,0,,7
1890,20191745581,2019-09-19 17:30:00,Quinta-Feira,No sentido crescente da quilometragem,,,Direita,Dentro das localidades,São Domingos de Benfica,Lisboa,Colisão,Colisão traseira com outro veículo em movimento,Curva,Com inclinação,Berma pavimentada,Em plena via,Em bom estado,Outra via,Sentido único,Sem marcas rodoviárias ou pouco visíveis,Inexistentes,Outros,Inexistentes,Betuminoso,Fora da intersecção,Bom tempo,Em pleno dia,Seco e limpo,0,0,1,IP - Itinerário Principal,IP7,,8.5,,Sem GPS - não estimado,2019,9,19,17,Tarde,Verão,1,0,3,3,1,0,0,0,0,0,0,0,0,0,0,0,0,1,0,0,0,0,0,,0
1891,20191745586,2019-09-21 22:15:00,Sábado,No sentido decrescente da quilometragem,38.7490553,-9.1393712,Esquerda,Dentro das localidades,Alvalade,Lisboa,Despiste,Despiste sem dispositivo de retenção,Recta,Com inclinação,Sem berma ou impraticável,Em plena via,Em estado regular,Outra via,Sentido único,Sem marcas rodoviárias ou pouco visíveis,Inexistentes,Outros,Inexistentes,Betuminoso,Fora da intersecção,Bom tempo,"Noite, com iluminação",Seco e limpo,0,0,1,Arruamento com separador,Via Secundária,134,,Avenida Estados Unidos da América,Sem GPS - estimado,2019,9,21,22,Noite,Verão,0,0,3,1,0,0,0,0,0,0,0,0,0,0,0,0,0,0,0,1,0,0,0,,0
1892,20191745592,2019-09-20 09:15:00,Sexta-Feira,NÃO DEFINIDO,38.7178213,-9.1572201,Direita,Dentro das localidades,Estrela,Lisboa,Despiste,Despiste sem dispositivo de retenção,Recta,Com inclinação,Sem berma ou impraticável,Em plena via,Em estado regular,Estrada sem separador,Dois sentidos,Sem marcas rodoviárias ou pouco visíveis,Inexistentes,Outros,Inexistentes,Betuminoso,Fora da intersecção,Bom tempo,Em pleno dia,Seco e limpo,0,0,1,Arruamento sem separador,Via Secundária,46,,Avenida Alvares Cabral,Sem GPS - estimado,2019,9,20,9,Manhã,Verão,1,0,3,1,0,0,0,0,0,0,0,0,0,0,0,0,0,0,0,1,0,0,0,0,5
1893,20191745594,2019-09-16 22:15:00,Segunda-Feira,NÃO DEFINIDO,,,Direita,Dentro das localidades,Carnide,Lisboa,Colisão,Colisão com outras situações,Recta,Com inclinação,Berma pavimentada,Em plena via,Em estado regular,Estrada sem separador,Sentido único,Sem marcas rodoviárias ou pouco visíveis,Inexistentes,Outros,Inexistentes,Betuminoso,Fora da intersecção,Bom tempo,"Noite, com iluminação",Seco e limpo,0,0,1,Arruamento sem separador,Via Secundária,0,,Rua Albert Einstein,Sem GPS - não estimado,2019,9,16,22,Noite,Verão,1,0,3,2,0,0,0,0,0,0,0,0,0,0,0,0,0,1,0,1,0,0,0,,1
1894,20191745601,2019-09-10 17:45:00,Terça-Feira,NÃO DEFINIDO,,,Direita,Dentro das localidades,Arroios,,Despiste,Despiste sem dispositivo de retenção,Recta,Com inclinação,Berma pavimentada,Em plena via,Em bom estado,Estrada sem separador,Dois sentidos,Sem marcas rodoviárias ou pouco visíveis,Inexistentes,Outros,Inexistentes,Betuminoso,Fora da intersecção,Bom tempo,Em pleno dia,Seco e limpo,0,0,1,Arruamento sem separador,Via Secundária,0,,Largo Mastro,Sem GPS - não estimado,2019,9,10,17,Tarde,Verão,1,0,3,1,0,0,0,0,0,0,0,0,0,0,0,0,0,0,0,1,0,0,0,,0
1895,20191745604,2019-09-16 19:10:00,Segunda-Feira,NÃO DEFINIDO,,,Direita,Dentro das localidades,Marvila,Lisboa,Colisão,Colisão com outras situações,Recta,Em patamar,Berma pavimentada,Em plena via,Em estado regular,Estrada sem separador,Dois sentidos,Sem marcas rodoviárias ou pouco visíveis,Inexistentes,Cedência de passagem,Inexistentes,Betuminoso,Em entroncamento,Bom tempo,Aurora ou crepúsculo,Seco e limpo,0,0,1,Arruamento sem separador,Via Secundária,0,,Rua Ricardo Ornelas,Sem GPS - não estimado,2019,9,16,19,Noite,Verão,1,0,3,2,0,0,0,0,0,0,0,0,0,0,0,0,0,1,0,0,0,1,0,,6
1896,20191745631,2019-09-12 18:35:00,Quinta-Feira,NÃO DEFINIDO,38.7106854,-9.14549519999999,Direita,Dentro das localidades,Misericórdia,,Atropelamento,Atropelamento de peões,Recta,Em patamar,Berma pavimentada,Em plena via,Em bom estado,Estrada sem separador,Dois sentidos,Com marcas,Inexistentes,Outros,Inexistentes,Betuminoso,Fora da intersecção,Bom tempo,Em pleno dia,Seco e limpo,0,0,1,Arruamento sem separador,Via Secundária,6,,Largo Calhariz,Sem GPS - estimado,2019,9,12,18,Noite,Verão,1,0,3,1,0,1,0,0,0,0,0,0,0,0,0,0,0,0,0,1,0,0,1,10,6
1897,20191745670,2019-09-09 12:20:00,Segunda-Feira,NÃO DEFINIDO,,,Direita,Dentro das localidades,Alvalade,,Colisão,Colisão choque em cadeia,Recta,Em patamar,Berma pavimentada,Em plena via,Em estado regular,Outra via,Sentido único,Com marcas,Inexistentes,Outros,Inexistentes,Betuminoso,Fora da intersecção,Bom tempo,Em pleno dia,Seco e limpo,0,0,1,Arruamento com separador,Via Secundária,0,,Avenida Cidade do Porto,Sem GPS - não estimado,2019,9,9,12,Tarde,Verão,1,0,3,3,0,0,0,0,0,0,0,0,0,0,0,0,0,1,0,0,0,0,0,,2
1898,20191745753,2019-09-16 08:30:00,Segunda-Feira,No sentido decrescente da quilometragem,,,Direita,Dentro das localidades,Lumiar,Lisboa,Colisão,Colisão lateral com outro veículo em movimento,Recta,Em patamar,Sem berma ou impraticável,Em plena via,Em estado regular,Outra via,Sentido único,Com marcas,Inexistentes,Outros,A funcionar normalmente,Betuminoso,Fora da intersecção,Bom tempo,Em pleno dia,Seco e limpo,0,0,1,Arruamento com separador,Via Secundária,0.00,,Avenida Padre Cruz,Sem GPS - não estimado,2019,9,16,8,Manhã,Verão,1,0,3,2,0,0,0,0,0,1,0,0,0,0,0,0,0,1,0,1,0,0,0,,2
1899,20191745763,2019-09-20 07:20:00,Sexta-Feira,No sentido decrescente da quilometragem,,,Central,Dentro das localidades,Alcântara,,Colisão,Colisão lateral com outro veículo em movimento,Recta,Em patamar,Berma pavimentada,Em plena via,Em estado regular,Outra via,Sentido único,Com marcas,Inexistentes,Outros,Inexistentes,Betuminoso,Fora da intersecção,Chuva,Em pleno dia,Molhado,0,0,1,A  - Auto-Estrada,A2-PNT25ABRIL,,3.65,,Sem GPS - não estimado,2019,9,20,7,Manhã,Verão,1,0,3,2,0,0,0,0,0,0,0,0,0,0,0,0,0,1,0,1,0,0,0,,4
1900,20191745766,2019-09-26 11:10:00,Quinta-Feira,NÃO DEFINIDO,38.7724588,-9.1042527,Direita,Dentro das localidades,Parque das Nações,,Atropelamento,Atropelamento de peões,Recta,Com inclinação,Berma pavimentada,Em plena via,Em bom estado,Estrada sem separador,Sentido único,Sem marcas rodoviárias ou pouco visíveis,Inexistentes,Outros,Inexistentes,Betuminoso,Em entroncamento,Bom tempo,Em pleno dia,Seco e limpo,0,0,1,Arruamento sem separador,Via Secundária,0,,Rua Padre Abel Varzim,Sem GPS - estimado,2019,9,26,11,Manhã,Outono,1,0,3,1,0,1,0,0,0,0,0,0,0,0,0,0,0,1,0,0,0,0,1,,0
1901,20191745768,2019-09-18 05:20:00,Quarta-Feira,NÃO DEFINIDO,,,Direita,Dentro das localidades,Penha de França,,Colisão,Colisão com veiculo ou obstáculo na faixa de rodagem,Recta,Com inclinação,Berma pavimentada,Em plena via,Em estado regular,Estrada sem separador,Sentido único,Sem marcas rodoviárias ou pouco visíveis,Inexistentes,Outros,Inexistentes,Betuminoso,Fora da intersecção,Bom tempo,"Noite, com iluminação",Seco e limpo,0,0,1,Arruamento sem separador,Via Secundária,0.0,,Largo Mendonça e Costa,Sem GPS - não estimado,2019,9,18,5,Madrugada,Verão,1,0,3,4,0,0,0,0,0,0,0,0,0,0,0,0,0,1,0,0,0,0,0,,1
1902,20191745781,2019-09-21 10:00:00,Sábado,NÃO DEFINIDO,,,Esquerda,Dentro das localidades,Lumiar,,Despiste,Despiste com dispositivo de retenção,Curva,Com inclinação,Berma pavimentada,Em plena via,Em estado regular,Estrada sem separador,Sentido único,Com marcas,Inexistentes,Outros,Inexistentes,Betuminoso,Fora da intersecção,Chuva,Em pleno dia,Molhado,0,0,1,Outra Via,Via Secundária,,0.0,,Sem GPS - não estimado,2019,9,21,10,Manhã,Verão,0,0,3,1,0,0,0,0,0,0,0,0,0,0,0,0,0,0,0,1,0,0,0,,1
1903,20191745790,2019-09-26 12:00:00,Quinta-Feira,NÃO DEFINIDO,38.75374,-9.11703,Direita,Dentro das localidades,Parque das Nações,Lisboa,Atropelamento,Atropelamento de peões,Recta,Em patamar,Sem berma ou impraticável,Em plena via,Em bom estado,Outra via,Sentido único,Com marcas,Inexistentes,Passagem de peões,Inexistentes,Betuminoso,Fora da intersecção,Bom tempo,Em pleno dia,Seco e limpo,0,0,1,Arruamento com separador,Via Secundária,0,,Avenida Aquilino Ribeiro Machado,Sem GPS - estimado,2019,9,26,12,Tarde,Outono,1,0,3,1,0,1,0,0,0,0,0,0,0,0,0,0,0,1,0,0,0,0,1,,0
1904,20191745838,2019-09-25 18:00:00,Quarta-Feira,No sentido decrescente da quilometragem,,,Esquerda,Dentro das localidades,Santa Maria dos Olivais,Lisboa,Colisão,Colisão traseira com outro veículo em movimento,Recta,Em patamar,Sem berma ou impraticável,Em plena via,Em estado regular,Outra via,Sentido único,Com marcas,Inexistentes,Outros,Inexistentes,Betuminoso,Fora da intersecção,Bom tempo,Em pleno dia,Seco e limpo,0,0,1,Arruamento com separador,Via Secundária,0.00,,Avenida Cidade do Porto de Lisboa,Sem GPS - não estimado,2019,9,25,18,Noite,Outono,1,0,3,2,1,0,0,0,0,0,0,0,0,1,0,0,1,1,0,0,0,0,0,,2
1905,20191745864,2019-09-12 07:40:00,Quinta-Feira,No sentido decrescente da quilometragem,,,Direita,Fora das localidades,São Domingos de Benfica,Lisboa,Colisão,Colisão traseira com outro veículo em movimento,Recta,Em patamar,Berma pavimentada,Em plena via,Em estado regular,Outra via,Sentido único,Com marcas,Inexistentes,Outros,Inexistentes,Betuminoso,Fora da intersecção,Bom tempo,Em pleno dia,Seco e limpo,0,0,2,IC - Itinerário Complementar,IC19,,0.6,,Sem GPS - não estimado,2019,9,12,7,Manhã,Verão,1,0,6,4,0,0,0,0,0,0,0,0,0,0,0,0,0,1,1,0,0,0,0,,4
1906,20191745881,2019-09-17 22:00:00,Terça-Feira,No sentido decrescente da quilometragem,38.732039,-9.152101,Esquerda,Dentro das localidades,Avenidas Novas,,Despiste,Despiste sem dispositivo de retenção,Recta,Em patamar,Berma pavimentada,Em plena via,Em estado regular,Outra via,Sentido único,Com marcas,Inexistentes,Outros,Inexistentes,Betuminoso,Fora da intersecção,Bom tempo,"Noite, com iluminação",Seco e limpo,0,0,1,Arruamento com separador,Via Secundária,183,,Avenida António Augusto de Aguiar,Sem GPS - estimado,2019,9,17,22,Noite,Verão,1,0,3,1,0,0,0,0,0,0,0,0,0,0,0,0,0,0,0,1,0,0,0,35,2
1907,20191745922,2019-09-27 12:20:00,Sexta-Feira,NÃO DEFINIDO,38.7596549,-9.1564908,Esquerda,Dentro das localidades,Lumiar,Lisboa,Atropelamento,Atropelamento de peões,Recta,Em patamar,Berma pavimentada,Em plena via,Em bom estado,Estrada sem separador,Sentido único,Com marcas,Inexistentes,Outros,A funcionar normalmente,Betuminoso,Fora da intersecção,Bom tempo,Em pleno dia,Seco e limpo,0,0,1,Arruamento sem separador,Via Secundária,410,,Campo Grande,Sem GPS - estimado,2019,9,27,12,Tarde,Outono,1,0,3,1,0,1,0,0,0,0,0,0,0,0,0,0,0,1,0,0,0,0,1,,2
1908,20191745935,2019-09-22 11:50:00,Domingo,NÃO DEFINIDO,38.7170794,-9.1579561,Direita,Dentro das localidades,Estrela,,Colisão,Colisão com outras situações,Recta,Em patamar,Berma pavimentada,Em plena via,Em bom estado,Estrada sem separador,Dois sentidos,Com marcas,Inexistentes,Outros,Inexistentes,Betuminoso,Fora da intersecção,Bom tempo,Em pleno dia,Seco e limpo,0,0,1,Arruamento sem separador,Via Secundária,102,,Avenida Alvares Cabral,Sem GPS - estimado,2019,9,22,11,Manhã,Verão,0,0,3,3,0,0,0,0,0,0,0,0,0,0,0,0,0,1,1,1,0,0,0,0,6
1909,20191745947,2019-09-28 12:15:00,Sábado,NÃO DEFINIDO,,,Direita,Dentro das localidades,Marvila,Lisboa,Colisão,Colisão lateral com outro veículo em movimento,Recta,Com inclinação,Berma pavimentada,Em plena via,Em estado regular,Estrada sem separador,Dois sentidos,Sem marcas rodoviárias ou pouco visíveis,Inexistentes,Cedência de passagem,Inexistentes,Betuminoso,Fora da intersecção,Bom tempo,Em pleno dia,Seco e limpo,0,0,1,Arruamento sem separador,Via Secundária,0,,Rua Engenheiro Ferreira Dias,Sem GPS - não estimado,2019,9,28,12,Tarde,Outono,0,0,3,2,0,0,0,0,1,0,0,0,0,0,0,0,0,1,0,0,0,0,0,,5
1910,20191745949,2019-09-28 08:20:00,Sábado,No sentido crescente da quilometragem,38.7765147,-9.1193184,Direita,Dentro das localidades,Santa Maria dos Olivais,,Colisão,Colisão lateral com outro veículo em movimento,Recta,Em patamar,Berma pavimentada,Em plena via,Em bom estado,Outra via,Sentido único,Com marcas,Inexistentes,Outros,Inexistentes,Betuminoso,Fora da intersecção,Bom tempo,"Noite, sem iluminação",Escorregadio por outros fatores,0,0,1,Arruamento com separador,Via Secundária,10,,Rua Circular Norte,Sem GPS - estimado,2019,9,28,8,Manhã,Outono,0,0,3,2,0,0,0,0,0,0,0,0,0,0,0,0,0,1,0,0,0,0,0,,0
1911,20191745959,2019-09-27 08:00:00,Sexta-Feira,No sentido crescente da quilometragem,,,Direita,Dentro das localidades,Lumiar,,Colisão,Colisão traseira com outro veículo em movimento,Recta,Em patamar,Berma pavimentada,Em plena via,Em bom estado,Outra via,Sentido único,Com marcas,Inexistentes,Outros,Inexistentes,Betuminoso,Fora da intersecção,Bom tempo,Em pleno dia,Molhado,0,0,1,IP - Itinerário Principal,IP7,,4.8,,Sem GPS - não estimado,2019,9,27,8,Manhã,Outono,1,0,3,2,0,0,0,0,0,0,0,0,0,0,0,0,0,1,1,0,0,0,0,,0
1912,20191745963,2019-09-24 21:40:00,Terça-Feira,NÃO DEFINIDO,,,Direita,Dentro das localidades,Parque das Nações,,Despiste,Despiste sem dispositivo de retenção,Curva,Em patamar,Berma pavimentada,Em plena via,Em estado regular,Estrada sem separador,Sentido único,Com marcas,Inexistentes,Cedência de passagem,Inexistentes,Betuminoso,Em rotunda,Bom tempo,"Noite, com iluminação",Seco e limpo,0,0,1,Arruamento sem separador,Via Secundária,0,,Praça Venturoso,Sem GPS - não estimado,2019,9,24,21,Noite,Outono,1,0,3,2,0,0,0,0,0,0,0,0,0,0,0,0,0,1,0,1,0,0,0,,1