,IdAcidente,Datahora,Dia da Semana,Sentidos,Latitude GPS,Longitude GPS,Via Trânsito,Localizações,Freguesia,Pov. Proxima,Tipo Natureza,Natureza,Tipo de Traçado,Inclinação do Traçado,Berma do Traçado,Localização do Traçado,Estado Conservação,Características Tecnicas,Reg Circulação,Marca Via,Obstáculos,Sinais,Sinais Luminosos,Tipo Piso,Intersecção Vias,Factores Atmosféricos,Luminosidade,Cond Aderência,VM,FG,FL,Tipos Vias,Via,Num arruamento,Km,Nome arruamento,Localização 2,Ano,Mês,Dia,Hora,Periodo,Estação,Dia Util,Gravidade,Indicador de Gravidade,Veículos envolvidos,Passageiros envolvidos,Peões envolvidos,Inf/Ação: Abertura de porta,Inf/Ação: Desrespeito da sinalização semafórica,Inf/Ação: Desrespeito da sinalização vertical,Inf/Ação: Desrespeito das distâncias de segurança,Inf/Ação: Desrespeito das marcas rodoviárias,Inf/Ação: Encandeamento,Inf/Ação: Manobra irregular,Inf/Ação: Não sinalização da manobra,Inf/Ação: Obstáculo imprevisto na faixa de rodagem,Inf/Ação: Rebentamento de pneumático,Inf/Ação: Velocidade excessiva para as condições existentes,Automóvel ligeiro,Automóvel pesado,Motociclos/Ciclomotores,Outros Veículos,Velocípedes,Peões,Numero Black Spot,Grupo Kmodes
2035,20191764146,2019-10-07 10:40:00,Segunda-Feira,No sentido decrescente da quilometragem,38.781511,-9.120105,Esquerda,Dentro das localidades,Santa Maria dos Olivais,Lisboa,Despiste,Despiste com colisão com veículo imobil. ou obstáculo,Recta,Em patamar,Berma pavimentada,Em plena via,Em bom estado,Outra via,Sentido único,Com marcas,Inexistentes,NÃO DEFINIDO,Inexistentes,Betuminoso,Fora da intersecção,Bom tempo,Em pleno dia,Seco e limpo,0,0,2,Arruamento com separador,Via Secundária,0,,Avenida Doutor Alfredo Bensaúde,Localização GPS,2019,10,7,10,Manhã,Outono,1,0,6,1,1,0,0,0,0,0,0,0,0,0,0,0,0,1,0,0,0,0,0,,0
2036,20191764155,2019-10-07 13:30:00,Segunda-Feira,NÃO DEFINIDO,38.763132,-9.128537,Direita,Dentro das localidades,Santa Maria dos Olivais,,Colisão,Colisão com outras situações,Recta,Com inclinação,Berma pavimentada,Em plena via,Em bom estado,Estrada sem separador,Sentido único,Com marcas,Inexistentes,Outros,A funcionar normalmente,Betuminoso,Fora da intersecção,Bom tempo,Em pleno dia,Seco e limpo,0,0,4,Arruamento sem separador,Via Secundária,0,,Avenida Marechal Gomes da Costa,Localização GPS,2019,10,7,13,Tarde,Outono,1,0,12,4,0,0,0,0,0,0,0,0,0,0,0,0,0,1,0,0,0,0,0,,7
2037,20191764243,2019-10-12 18:00:00,Sábado,NÃO DEFINIDO,38.721288,-9.167208,Direita,Dentro das localidades,Campo de Ourique,Lisboa,Atropelamento,Atropelamento de peões,Curva,Com inclinação,Berma pavimentada,Em plena via,Em bom estado,Estrada sem separador,Dois sentidos,Com marcas,Inexistentes,Passagem de peões,Inexistentes,Betuminoso,Em entroncamento,Bom tempo,Em pleno dia,Seco e limpo,0,0,1,Arruamento sem separador,Via Secundária,0,,Rua Maria Pia,Localização GPS,2019,10,12,18,Noite,Outono,0,0,3,1,0,1,0,0,0,0,0,0,0,0,0,0,0,1,0,0,0,0,1,,1
2038,20191764257,2019-10-12 15:30:00,Sábado,NÃO DEFINIDO,38.714094,-9.136295,Direita,Dentro das localidades,Misericórdia,Lisboa,Atropelamento,Atropelamento de peões,Recta,Com inclinação,Sem berma ou impraticável,Em via ou pista reservada,Em estado regular,Estrada sem separador,Dois sentidos,Sem marcas rodoviárias ou pouco visíveis,Inexistentes,Outros,Inexistentes,Betão de cimento,Fora da intersecção,Bom tempo,Em pleno dia,Seco e limpo,0,0,1,Arruamento sem separador,Via Secundária,22,,Beco dos Surradores,Localização GPS,2019,10,12,15,Tarde,Outono,0,0,3,1,0,1,0,0,0,0,0,0,0,0,0,0,0,1,0,0,0,0,1,,5
2039,20191764289,2019-10-12 13:45:00,Sábado,NÃO DEFINIDO,38.76519,-9.097065,Direita,Dentro das localidades,Parque das Nações,,Despiste,Despiste sem dispositivo de retenção,Recta,Em patamar,Berma pavimentada,Em plena via,Em estado regular,Estrada sem separador,Dois sentidos,Com marcas,Inexistentes,Outros,Inexistentes,Betuminoso,Fora da intersecção,Bom tempo,Em pleno dia,Seco e limpo,0,0,1,Arruamento sem separador,Via Secundária,17,,Rua do Polo Sul,Localização GPS,2019,10,12,13,Tarde,Outono,0,0,3,2,0,0,0,0,0,0,0,0,0,0,0,0,0,1,0,1,0,0,0,,6
2040,20191764302,2019-10-09 22:00:00,Quarta-Feira,No sentido crescente da quilometragem,38.748692,-9.130727,Direita,Dentro das localidades,Areeiro,,Colisão,Colisão lateral com outro veículo em movimento,Recta,Em patamar,Berma pavimentada,Em plena via,Em bom estado,Outra via,Dois sentidos,Com marcas,Inexistentes,Outros,A funcionar normalmente,Betuminoso,Em cruzamento,Bom tempo,"Noite, com iluminação",Molhado,0,0,1,Arruamento com separador,Via Secundária,1,,Avenida Almirante Gago Coutinho,Localização GPS,2019,10,9,22,Noite,Outono,1,0,3,2,0,0,0,0,0,0,0,0,0,0,0,0,0,1,0,0,0,0,0,64,2
2041,20191764314,2019-10-10 04:10:00,Quinta-Feira,NÃO DEFINIDO,38.707588,-9.147169,Direita,Dentro das localidades,Misericórdia,,Colisão,Colisão lateral com outro veículo em movimento,Recta,Em patamar,Berma pavimentada,Em plena via,Em bom estado,Estrada sem separador,Sentido único,Com marcas,Inexistentes,Outros,Desligada,Betuminoso,Fora da intersecção,Bom tempo,"Noite, com iluminação",Molhado,0,0,2,Arruamento sem separador,Via Secundária,1,,Rua Moeda,Localização GPS,2019,10,10,4,Madrugada,Outono,1,0,6,2,2,0,0,0,0,0,0,0,0,0,0,0,0,1,0,0,0,0,0,,3
2042,20191764351,2019-10-09 21:55:00,Quarta-Feira,NÃO DEFINIDO,38.757282,-9.164378,Direita,Dentro das localidades,Lumiar,,Colisão,Colisão choque em cadeia,Curva,Em patamar,Sem berma ou impraticável,Em plena via,Em estado regular,Estrada sem separador,Sentido único,Com marcas,Inexistentes,NÃO DEFINIDO,Inexistentes,Betuminoso,Em ramo de ligação - entrada,Bom tempo,"Noite, com iluminação",Seco e limpo,0,0,1,Arruamento sem separador,Via Secundária,0,,Azinhaga Galhardas,Localização GPS,2019,10,9,21,Noite,Outono,1,0,3,3,0,0,0,0,0,0,0,0,0,0,0,0,0,1,0,1,0,0,0,,1
2043,20191764358,2019-10-07 09:00:00,Segunda-Feira,No sentido crescente da quilometragem,38.761166,-9.150663,Direita,Dentro das localidades,Alvalade,,Colisão,Colisão choque em cadeia,Recta,Em patamar,Sem berma ou impraticável,Em plena via,Em bom estado,Outra via,Sentido único,Com marcas,Inexistentes,Outros,Inexistentes,Betuminoso,Fora da intersecção,Bom tempo,Em pleno dia,Seco e limpo,0,0,1,Arruamento com separador,2ª Circular,1,,Avenida Marechal Craveiro Lopes,Localização GPS,2019,10,7,9,Manhã,Outono,1,0,3,3,0,0,0,0,0,0,0,0,0,0,0,0,0,1,0,0,0,0,0,,0
2044,20191764799,2019-09-20 09:50:00,Sexta-Feira,No sentido decrescente da quilometragem,38.72484,-9.184763,Esquerda,Fora das localidades,Ajuda,MONSANTO,Despiste,Despiste simples,Recta,Com inclinação,Sem berma ou impraticável,Em plena via,Em bom estado,Auto-estrada,Sentido único,Com marcas,Inexistentes,NÃO DEFINIDO,Inexistentes,Betuminoso,Fora da intersecção,Bom tempo,Em pleno dia,Seco e limpo,0,0,1,A  - Auto-Estrada,A5,,0.7,,Localização GPS,2019,9,20,9,Manhã,Verão,1,0,3,1,0,0,0,0,0,0,0,0,0,0,0,0,1,0,0,1,0,0,0,59,0
2045,20191764971,2019-09-20 08:00:00,Sexta-Feira,No sentido decrescente da quilometragem,38.72472,-9.194098,Esquerda,Fora das localidades,Ajuda,Ajuda,Despiste,Despiste simples,Recta,Com inclinação,Berma pavimentada,Em plena via,Em bom estado,Auto-estrada,Sentido único,Com marcas,Inexistentes,NÃO DEFINIDO,Inexistentes,Betuminoso,Fora da intersecção,Bom tempo,Em pleno dia,Húmido,0,0,1,A  - Auto-Estrada,A5,,1.55,,Localização GPS,2019,9,20,8,Manhã,Verão,1,0,3,1,0,0,0,0,0,0,0,0,0,0,0,0,0,0,0,1,0,0,0,,0
2046,20191766744,2019-10-13 17:00:00,Domingo,NÃO DEFINIDO,38.735881,-9.1228,Direita,Dentro das localidades,Beato,,Colisão,Colisão com outras situações,Recta,Com inclinação,Berma pavimentada,Em plena via,Em estado regular,Estrada sem separador,Sentido único,Sem marcas rodoviárias ou pouco visíveis,Inexistentes,NÃO DEFINIDO,Inexistentes,Betuminoso,Em cruzamento,Bom tempo,Em pleno dia,Seco e limpo,0,0,1,Arruamento sem separador,Via Secundária,0,,Rua Frederico Perry Vidal,Localização GPS,2019,10,13,17,Tarde,Outono,0,0,3,2,0,0,0,0,0,0,0,0,0,0,0,0,0,1,0,0,0,1,0,,1
2047,20191766767,2019-10-14 18:11:00,Segunda-Feira,NÃO DEFINIDO,38.77882,-9.164559,Direita,Dentro das localidades,Lumiar,,Colisão,Colisão lateral com outro veículo em movimento,Recta,Com inclinação,Berma não pavimentada,Em plena via,Em bom estado,Outra via,Sentido único,Com marcas,Inexistentes,Cedência de passagem,A funcionar normalmente,Betuminoso,Em entroncamento,Bom tempo,Em pleno dia,Seco e limpo,0,1,0,Arruamento com separador,Via Secundária,1,,Calçada Carriche,Localização GPS,2019,10,14,18,Noite,Outono,1,1,10,2,0,0,0,0,0,0,0,0,0,0,0,0,0,1,0,1,0,0,0,,7
2048,20191766779,2019-10-13 14:55:00,Domingo,NÃO DEFINIDO,38.736569,-9.134752,Esquerda,Dentro das localidades,Arroios,,Atropelamento,Atropelamento de peões,Recta,Com inclinação,Berma pavimentada,Em plena via,Em estado regular,Estrada sem separador,Sentido único,Com marcas,Inexistentes,NÃO DEFINIDO,Inexistentes,Betuminoso,Fora da intersecção,Bom tempo,Em pleno dia,Seco e limpo,0,0,1,Arruamento sem separador,Via Secundária,41,,Alameda Dom Afonso Henriques,Localização GPS,2019,10,13,14,Tarde,Outono,0,0,3,1,0,1,0,0,0,0,0,0,0,0,0,0,0,1,0,0,0,0,1,12,1
2049,20191766785,2019-10-09 20:00:00,Quarta-Feira,NÃO DEFINIDO,38.743879,-9.193111,Central,Dentro das localidades,São Domingos de Benfica,,Colisão,Colisão com veiculo ou obstáculo na faixa de rodagem,Recta,Em patamar,Berma pavimentada,Em plena via,Em bom estado,Outra via,Sentido único,Com marcas,Inexistentes,Outros,Inexistentes,Betuminoso,Fora da intersecção,Bom tempo,Aurora ou crepúsculo,Seco e limpo,0,1,2,Arruamento com separador,Via Secundária,0,,Avenida General Correia Barreto,Localização GPS,2019,10,9,20,Noite,Outono,1,1,16,4,0,0,0,0,0,0,0,0,0,0,0,0,0,1,0,1,0,0,0,,0
2050,20191766787,2019-10-13 06:35:00,Domingo,No sentido crescente da quilometragem,38.767212,-9.172108,Direita,Fora das localidades,Lumiar,Lisboa,Despiste,Despiste com dispositivo de retenção,Recta,Em patamar,Berma pavimentada,Em plena via,Em estado regular,Outra via,Sentido único,Com marcas,Inexistentes,Outros,Inexistentes,Betuminoso,Fora da intersecção,Bom tempo,"Noite, com iluminação",Seco e limpo,0,1,2,IP - Itinerário Principal,IP7,,5.2,,Localização GPS,2019,10,13,6,Manhã,Outono,0,1,16,2,2,0,0,0,0,0,0,0,0,0,0,0,1,1,0,0,0,0,0,,4
2051,20191766823,2019-10-14 08:20:00,Segunda-Feira,NÃO DEFINIDO,38.750723,-9.198673,Direita,Dentro das localidades,Benfica,Lisboa,Colisão,Colisão lateral com outro veículo em movimento,Recta,Em patamar,Berma pavimentada,Em plena via,Em estado regular,Estrada sem separador,Dois sentidos,Com marcas,Inexistentes,Outros,Inexistentes,Betuminoso,Fora da intersecção,Chuva,Em pleno dia,Molhado,0,0,1,Arruamento sem separador,Via Secundária,550,,Estrada Benfica,Localização GPS,2019,10,14,8,Manhã,Outono,1,0,3,2,0,0,0,0,0,0,0,0,0,0,0,0,0,1,0,0,0,1,0,,6
2052,20191766831,2019-10-14 08:35:00,Segunda-Feira,NÃO DEFINIDO,38.750614,-9.200303,Direita,Dentro das localidades,Benfica,Lisboa,Colisão,Colisão lateral com outro veículo em movimento,Recta,Em patamar,Sem berma ou impraticável,Em plena via,Em estado regular,Estrada sem separador,Dois sentidos,Com marcas,Inexistentes,Outros,Inexistentes,Betuminoso,Fora da intersecção,Chuva,Em pleno dia,Molhado,0,0,1,Arruamento sem separador,Via Secundária,628,,Estrada Benfica,Localização GPS,2019,10,14,8,Manhã,Outono,1,0,3,2,0,0,0,0,0,0,0,0,0,1,0,0,0,0,1,0,0,1,0,,5
2053,20191766852,2019-10-10 19:30:00,Quinta-Feira,NÃO DEFINIDO,38.721978,-9.150812,Direita,Dentro das localidades,Santo António,,Colisão,Colisão com outras situações,Recta,Com inclinação,Sem berma ou impraticável,Em plena via,Em bom estado,Estrada sem separador,Dois sentidos,Com marcas,Inexistentes,Outros,A funcionar normalmente,Betuminoso,Em cruzamento,Bom tempo,"Noite, com iluminação",Seco e limpo,0,0,1,Arruamento sem separador,Via Secundária,35,,Rua Alexandre Herculano,Localização GPS,2019,10,10,19,Noite,Outono,1,0,3,2,0,0,0,0,0,0,0,0,0,0,0,0,0,1,0,1,0,0,0,13,5
2054,20191766854,2019-10-09 15:30:00,Quarta-Feira,NÃO DEFINIDO,38.737203,-9.102894,Direita,Dentro das localidades,Marvila,,Atropelamento,Atropelamento de peões,Recta,Em patamar,Sem berma ou impraticável,Em plena via,Em estado regular,Estrada sem separador,Dois sentidos,Sem marcas rodoviárias ou pouco visíveis,Inexistentes,Outros,Inexistentes,Betuminoso,Fora da intersecção,Bom tempo,Em pleno dia,Seco e limpo,0,0,1,Arruamento sem separador,Via Secundária,0,,Rua Cintura do Porto,Localização GPS,2019,10,9,15,Tarde,Outono,1,0,3,1,0,1,0,0,0,0,0,0,0,0,0,0,0,1,0,0,0,0,1,,5
2055,20191766904,2019-10-10 17:30:00,Quinta-Feira,NÃO DEFINIDO,38.731777,-9.129218,Direita,Dentro das localidades,Arroios,,Colisão,Colisão lateral com outro veículo em movimento,Recta,Em patamar,Berma pavimentada,Em plena via,Em estado regular,Estrada sem separador,Sentido único,Com marcas,Inexistentes,Outros,Inexistentes,Calçada,Em cruzamento,Bom tempo,Em pleno dia,Seco e limpo,0,0,2,Arruamento sem separador,Via Secundária,17,,Rua Carrilho Videira,Localização GPS,2019,10,10,17,Tarde,Outono,1,0,6,2,0,0,0,0,0,0,0,0,0,0,0,0,0,1,0,0,0,0,0,32,4
2056,20191766936,2019-10-03 13:47:00,Quinta-Feira,NÃO DEFINIDO,,,Direita,Dentro das localidades,São Domingos de Benfica,Lisboa,Despiste,Despiste com dispositivo de retenção,Curva,Com inclinação,Berma pavimentada,Em plena via,Em estado regular,Estrada sem separador,Sentido único,Sem marcas rodoviárias ou pouco visíveis,Inexistentes,Outros,Inexistentes,Betuminoso,Em ramo de ligação - entrada,Bom tempo,Em pleno dia,Seco e limpo,0,0,1,Arruamento sem separador,Via Secundária,0,,Avenida General Correia Barreto,Sem GPS - não estimado,2019,10,3,13,Tarde,Outono,1,0,3,1,0,0,0,0,0,0,0,0,0,0,0,0,1,0,0,1,0,0,0,,1
2057,20191768228,2019-07-31 08:15:00,Quarta-Feira,No sentido crescente da quilometragem,38.72403,-9.179099,Esquerda,Fora das localidades,Ajuda,Ajuda,Colisão,Colisão traseira com outro veículo em movimento,Recta,Em patamar,Sem berma ou impraticável,Em plena via,Em bom estado,Auto-estrada,Sentido único,Com marcas,Inexistentes,NÃO DEFINIDO,Intermitente,Betuminoso,Fora da intersecção,Bom tempo,Em pleno dia,Seco e limpo,0,0,1,A  - Auto-Estrada,A5,,0.3,,Localização GPS,2019,7,31,8,Manhã,Verão,1,0,3,2,0,0,0,0,0,0,0,0,1,0,0,0,0,1,0,0,0,0,0,57,0
2058,20191769067,2019-07-19 20:40:00,Sexta-Feira,No sentido crescente da quilometragem,38.72424,-9.195986,Direita,Fora das localidades,Ajuda,MONSANTO,Colisão,Colisão com outras situações,Recta,Com inclinação,Berma pavimentada,Em plena via,Em bom estado,Auto-estrada,Sentido único,Com marcas,Inexistentes,NÃO DEFINIDO,Inexistentes,Betuminoso,Fora da intersecção,Bom tempo,"Noite, com iluminação",Seco e limpo,0,0,1,A  - Auto-Estrada,A5,,2.2,,Localização GPS,2019,7,19,20,Noite,Verão,1,0,3,2,0,0,0,0,0,1,0,0,0,0,0,0,0,1,0,0,0,0,0,,0
2059,20191769093,2019-07-18 20:25:00,Quinta-Feira,No sentido decrescente da quilometragem,38.72461,-9.183841,Direita,Fora das localidades,Ajuda,Ajuda/Monsanto,Colisão,Colisão traseira com outro veículo em movimento,Recta,Com inclinação,Sem berma ou impraticável,Em plena via,Em bom estado,Auto-estrada,Sentido único,Com marcas,Inexistentes,NÃO DEFINIDO,Inexistentes,Betuminoso,Fora da intersecção,Bom tempo,"Noite, sem iluminação",Seco e limpo,0,0,1,A  - Auto-Estrada,A5,,0.6,,Localização GPS,2019,7,18,20,Noite,Verão,1,0,3,2,1,0,0,0,0,0,0,0,0,0,0,0,0,1,0,0,0,0,0,59,0
2060,20191769174,2019-07-17 19:50:00,Quarta-Feira,No sentido crescente da quilometragem,38.72435,-9.18045,Central,Fora das localidades,Ajuda,AJUDA.,Colisão,Colisão traseira com outro veículo em movimento,Recta,Com inclinação,Sem berma ou impraticável,Em plena via,Em bom estado,Auto-estrada,Sentido único,Com marcas,Inexistentes,NÃO DEFINIDO,Inexistentes,Betuminoso,Fora da intersecção,Bom tempo,Em pleno dia,Seco e limpo,0,0,1,A  - Auto-Estrada,A5,,0.25,,Localização GPS,2019,7,17,19,Noite,Verão,1,0,3,2,0,0,0,0,0,1,0,0,0,0,0,0,0,1,0,1,0,0,0,57,0
2061,20191770177,2019-10-14 16:30:00,Segunda-Feira,NÃO DEFINIDO,38.745328,-9.180922,Direita,Dentro das localidades,São Domingos de Benfica,,Colisão,Colisão com veiculo ou obstáculo na faixa de rodagem,Recta,Em patamar,Berma pavimentada,Em plena via,Em estado regular,Estrada sem separador,Dois sentidos,Com marcas,Inexistentes,Outros,Inexistentes,Betuminoso,Fora da intersecção,Bom tempo,Em pleno dia,Seco e limpo,0,0,1,Arruamento sem separador,Via Secundária,358,,Estrada Benfica,Localização GPS,2019,10,14,16,Tarde,Outono,1,0,3,2,0,0,0,0,0,0,0,0,0,0,0,0,0,1,0,0,0,1,0,,6
2062,20191770183,2019-10-05 19:18:00,Sábado,NÃO DEFINIDO,38.750089,-9.172536,Direita,Dentro das localidades,São Domingos de Benfica,Lisboa,Colisão,Colisão com veiculo ou obstáculo na faixa de rodagem,Recta,Em patamar,Berma pavimentada,Em plena via,Em estado regular,Outra via,Sentido único,Com marcas,Inexistentes,NÃO DEFINIDO,A funcionar normalmente,Betuminoso,Fora da intersecção,Bom tempo,"Noite, com iluminação",Seco e limpo,0,0,1,Arruamento com separador,Via Secundária,90,,Rua Manuel da Silva Leal,Localização GPS,2019,10,5,19,Noite,Outono,0,0,3,2,0,0,0,0,0,0,0,0,0,0,0,0,0,1,0,1,0,0,0,,2
2063,20191770202,2019-10-04 10:45:00,Sexta-Feira,No sentido crescente da quilometragem,38.76701,-9.162644,Direita,Dentro das localidades,Lumiar,,Colisão,Colisão com outras situações,Recta,Em patamar,Berma pavimentada,No passeio,Em estado regular,Outra via,Dois sentidos,Sem marcas rodoviárias ou pouco visíveis,Inexistentes,NÃO DEFINIDO,Inexistentes,Calçada,Fora da intersecção,Bom tempo,Em pleno dia,Seco e limpo,0,0,1,Arruamento com separador,Via Secundária,42,,Avenida Rainha Dona Amélia,Localização GPS,2019,10,4,10,Manhã,Outono,1,0,3,2,0,0,0,0,0,0,0,0,0,0,0,0,0,1,0,0,0,1,0,,6
2064,20191770206,2019-10-09 11:15:00,Quarta-Feira,NÃO DEFINIDO,38.700512,-9.216009,Direita,Dentro das localidades,Belém,Lisboa,Despiste,Despiste sem dispositivo de retenção,Recta,Em patamar,Sem berma ou impraticável,Em plena via,Em bom estado,Estrada sem separador,Dois sentidos,Com marcas,Inexistentes,Outros,Inexistentes,Betuminoso,Fora da intersecção,Bom tempo,Em pleno dia,Seco e limpo,0,0,1,Arruamento sem separador,Via Secundária,34,,Avenida Restelo,Localização GPS,2019,10,9,11,Manhã,Outono,1,0,3,1,0,0,0,0,0,0,0,0,0,0,0,0,0,0,0,1,0,0,0,,5
2065,20191770282,2019-10-14 08:45:00,Segunda-Feira,No sentido decrescente da quilometragem,38.780515,-9.155991,Central,Fora das localidades,Lumiar,,Colisão,Colisão traseira com outro veículo em movimento,Recta,Em patamar,Berma pavimentada,Em plena via,Em bom estado,Outra via,Sentido único,Com marcas,Inexistentes,Outros,Inexistentes,Betuminoso,Fora da intersecção,Chuva,Em pleno dia,Molhado,0,0,1,IP - Itinerário Principal,IP7,,2.7,,Localização GPS,2019,10,14,8,Manhã,Outono,1,0,3,4,0,0,0,0,0,0,0,0,0,0,0,0,1,1,0,0,0,0,0,,0
2066,20191770293,2019-10-11 19:20:00,Sexta-Feira,No sentido crescente da quilometragem,38.747979,-9.150387,Central,Dentro das localidades,Avenidas Novas,Lisboa,Colisão,Colisão lateral com outro veículo em movimento,Recta,Em patamar,Sem berma ou impraticável,Em plena via,Em estado regular,Outra via,Sentido único,Sem marcas rodoviárias ou pouco visíveis,Inexistentes,Outros,A funcionar normalmente,Betuminoso,Em cruzamento,Bom tempo,"Noite, com iluminação",Seco e limpo,0,0,1,Arruamento com separador,Via Secundária,0,,Avenida 5 de Outubro,Localização GPS,2019,10,11,19,Noite,Outono,1,0,3,2,0,0,0,0,0,0,0,0,0,0,0,0,0,1,0,0,0,0,0,,2
2067,20191770306,2019-10-01 19:00:00,Terça-Feira,NÃO DEFINIDO,38.743369,-9.166977,Direita,Dentro das localidades,São Domingos de Benfica,,Colisão,Colisão com outras situações,Recta,Em patamar,Berma pavimentada,Em plena via,Em bom estado,Estrada sem separador,Dois sentidos,Com marcas,Inexistentes,Outros,Inexistentes,Betuminoso,Em entroncamento,Bom tempo,Em pleno dia,Seco e limpo,0,0,1,Arruamento sem separador,Via Secundária,0,,Estrada Laranjeiras,Localização GPS,2019,10,1,19,Noite,Outono,1,0,3,2,0,0,0,0,0,0,0,0,0,0,0,0,0,1,0,1,0,0,0,39,6
2068,20191770313,2019-10-09 10:00:00,Quarta-Feira,NÃO DEFINIDO,38.777626,-9.163427,Central,Dentro das localidades,Santa Clara,Lisboa,Colisão,Colisão frontal,Curva,Em patamar,Sem berma ou impraticável,Em plena via,Em estado regular,Estrada sem separador,Sentido único,Sem marcas rodoviárias ou pouco visíveis,Inexistentes,Outros,Inexistentes,Betuminoso,Em entroncamento,Bom tempo,Em pleno dia,Seco e limpo,0,0,1,Arruamento sem separador,Via Secundária,0,,Estrada Desvio,Localização GPS,2019,10,9,10,Manhã,Outono,1,0,3,2,0,0,0,0,0,0,0,0,0,0,0,0,0,1,0,0,0,0,0,,1
2069,20191770433,2019-10-10 16:00:00,Quinta-Feira,NÃO DEFINIDO,38.77706,-9.119938,Direita,Dentro das localidades,Santa Maria dos Olivais,Lisboa,Colisão,Colisão lateral com outro veículo em movimento,Recta,Com inclinação,Berma pavimentada,Em plena via,Em estado regular,Outra via,Sentido único,Com marcas,Inexistentes,Outros,Inexistentes,Betuminoso,Em cruzamento,Bom tempo,Em pleno dia,Seco e limpo,0,0,2,Arruamento com separador,Via Secundária,0,,Rua Quinta de Santa Maria,Localização GPS,2019,10,10,16,Tarde,Outono,1,0,6,3,1,0,0,0,1,0,0,0,0,0,0,0,1,1,0,0,0,0,0,,0
2070,20191770439,2019-10-15 10:15:00,Terça-Feira,NÃO DEFINIDO,38.715404,-9.137022,Esquerda,Dentro das localidades,Santa Maria Maior,Lisboa,Atropelamento,Atropelamento de peões,Recta,Em patamar,Sem berma ou impraticável,Em plena via,Em bom estado,Outra via,Sentido único,Com marcas,Inexistentes,Outros,Inexistentes,Betuminoso,Fora da intersecção,Bom tempo,Em pleno dia,Seco e limpo,0,0,1,Arruamento com separador,Via Secundária,37,,Rua Palma,Localização GPS,2019,10,15,10,Manhã,Outono,1,0,3,1,0,1,0,0,0,0,0,0,0,0,0,0,0,1,0,0,0,0,1,11,0
2071,20191770454,2019-10-15 06:30:00,Terça-Feira,No sentido decrescente da quilometragem,38.749028,-9.138161,Direita,Dentro das localidades,Alvalade,Lisboa,Atropelamento,Atropelamento de peões,Recta,Com inclinação,Berma pavimentada,Em plena via,Em bom estado,Outra via,Sentido único,Com marcas,Inexistentes,NÃO DEFINIDO,Inexistentes,Betuminoso,Fora da intersecção,Bom tempo,Aurora ou crepúsculo,Seco e limpo,0,0,1,Arruamento com separador,Via Secundária,69,,Avenida Estados Unidos da América,Localização GPS,2019,10,15,6,Manhã,Outono,1,0,3,1,0,1,0,0,0,0,0,0,0,0,0,0,0,1,0,0,0,0,1,,0
2072,20191770488,2019-10-16 12:55:00,Quarta-Feira,NÃO DEFINIDO,38.736926,-9.147835,Direita,Dentro das localidades,Avenidas Novas,Lisboa,Colisão,Colisão com fuga,Recta,Em patamar,Sem berma ou impraticável,Em plena via,Em bom estado,Estrada sem separador,Dois sentidos,Com marcas,Inexistentes,NÃO DEFINIDO,A funcionar normalmente,Betuminoso,Em cruzamento,Bom tempo,Em pleno dia,Seco e limpo,0,0,1,Arruamento sem separador,Via Secundária,0,,Avenida 5 de Outubro,Localização GPS,2019,10,16,12,Tarde,Outono,1,0,3,2,0,0,0,0,0,0,0,0,0,0,0,0,0,1,0,1,0,0,0,7,5
2073,20191770492,2019-10-11 14:40:00,Sexta-Feira,NÃO DEFINIDO,38.737885,-9.14127,Central,Dentro das localidades,Areeiro,Lisboa,Atropelamento,Atropelamento de peões,Curva,Com inclinação,Berma pavimentada,Em plena via,Em estado regular,Estrada sem separador,Sentido único,Sem marcas rodoviárias ou pouco visíveis,Inexistentes,Passagem de peões,Inexistentes,Calçada,Fora da intersecção,Bom tempo,Em pleno dia,Seco e limpo,0,0,2,Arruamento sem separador,Via Secundária,5,,Avenida António José de Almeida,Localização GPS,2019,10,11,14,Tarde,Outono,1,0,6,1,0,1,0,0,0,0,0,0,1,0,0,0,0,0,0,1,0,0,1,,1
2074,20191770497,2019-10-15 14:40:00,Terça-Feira,NÃO DEFINIDO,38.706263,-9.143929,Direita,Dentro das localidades,Misericórdia,Lisboa,Atropelamento,Atropelamento de peões,Recta,Em patamar,Berma pavimentada,Em plena via,Em bom estado,Estrada sem separador,Dois sentidos,Com marcas,Inexistentes,NÃO DEFINIDO,A funcionar normalmente,Betuminoso,Em cruzamento,Bom tempo,Em pleno dia,Seco e limpo,0,0,1,Arruamento sem separador,Via Secundária,0,,Praça Duque Terceira,Localização GPS,2019,10,15,14,Tarde,Outono,1,0,3,1,0,1,0,0,0,0,0,0,0,0,0,0,0,0,1,0,0,0,1,10,6
2075,20191770515,2019-10-13 03:05:00,Domingo,NÃO DEFINIDO,38.743813,-9.11098,Direita,Dentro das localidades,Marvila,,Despiste,Despiste sem dispositivo de retenção,Recta,Em patamar,Berma pavimentada,Em plena via,Em estado regular,Estrada sem separador,Dois sentidos,Com marcas,Inexistentes,Outros,Inexistentes,Betuminoso,Fora da intersecção,Bom tempo,"Noite, com iluminação",Seco e limpo,0,0,1,Arruamento sem separador,Via Secundária,30,,Avenida Paulo VI,Localização GPS,2019,10,13,3,Madrugada,Outono,0,0,3,1,0,0,0,0,0,0,0,0,0,0,0,0,0,0,0,1,0,0,0,,6