,IdAcidente,Datahora,Dia da Semana,Sentidos,Latitude GPS,Longitude GPS,Via Trânsito,Localizações,Freguesia,Pov. Proxima,Tipo Natureza,Natureza,Tipo de Traçado,Inclinação do Traçado,Berma do Traçado,Localização do Traçado,Estado Conservação,Características Tecnicas,Reg Circulação,Marca Via,Obstáculos,Sinais,Sinais Luminosos,Tipo Piso,Intersecção Vias,Factores Atmosféricos,Luminosidade,Cond Aderência,VM,FG,FL,Tipos Vias,Via,Num arruamento,Km,Nome arruamento,Localização 2,Ano,Mês,Dia,Hora,Periodo,Estação,Dia Util,Gravidade,Indicador de Gravidade,Veículos envolvidos,Passageiros envolvidos,Peões envolvidos,Inf/Ação: Abertura de porta,Inf/Ação: Desrespeito da sinalização semafórica,Inf/Ação: Desrespeito da sinalização vertical,Inf/Ação: Desrespeito das distâncias de segurança,Inf/Ação: Desrespeito das marcas rodoviárias,Inf/Ação: Encandeamento,Inf/Ação: Manobra irregular,Inf/Ação: Não sinalização da manobra,Inf/Ação: Obstáculo imprevisto na faixa de rodagem,Inf/Ação: Rebentamento de pneumático,Inf/Ação: Velocidade excessiva para as condições existentes,Automóvel ligeiro,Automóvel pesado,Motociclos/Ciclomotores,Outros Veículos,Velocípedes,Peões,Numero Black Spot,Grupo Kmodes
2157,20191773775,2019-10-04 15:00:00,Sexta-Feira,NÃO DEFINIDO,38.763627,-9.181115,Direita,Dentro das localidades,Carnide,Lisboa,Colisão,Colisão com outras situações,Recta,Em patamar,Berma pavimentada,Em plena via,Em estado regular,Estrada sem separador,Dois sentidos,Com marcas,Inexistentes,NÃO DEFINIDO,Inexistentes,Betuminoso,Fora da intersecção,Bom tempo,Em pleno dia,Seco e limpo,0,0,2,Arruamento sem separador,Via Secundária,0,,Rua Padre Américo,Localização GPS,2019,10,4,15,Tarde,Outono,1,0,6,3,0,0,0,0,0,0,0,0,0,0,0,0,0,1,0,0,0,0,0,,6
2158,20191773785,2019-10-11 05:37:00,Sexta-Feira,No sentido crescente da quilometragem,38.781825,-9.123067,Direita,Dentro das localidades,Alvalade,,Despiste,Despiste com dispositivo de retenção,Recta,Em patamar,Berma pavimentada,Em plena via,Em estado regular,Outra via,Sentido único,Com marcas,Inexistentes,NÃO DEFINIDO,Inexistentes,Betuminoso,Fora da intersecção,Bom tempo,"Noite, com iluminação",Molhado,0,0,1,Arruamento com separador,Via Secundária,0,,Avenida Cidade do Porto,Localização GPS,2019,10,11,5,Madrugada,Outono,1,0,3,1,0,0,0,0,0,0,0,0,0,0,0,0,0,1,0,0,0,0,0,,2
2159,20191773795,2019-10-10 17:40:00,Quinta-Feira,NÃO DEFINIDO,38.742943,-9.098794,Direita,Dentro das localidades,Estrela,Lisboa,Colisão,Colisão frontal,Curva,Em patamar,Berma pavimentada,Em plena via,Em estado regular,Estrada sem separador,Dois sentidos,Com marcas,Inexistentes,NÃO DEFINIDO,Inexistentes,Betuminoso,Fora da intersecção,Bom tempo,Em pleno dia,Seco e limpo,0,0,4,Arruamento sem separador,Via Secundária,0,,Rua Cintura do Porto de Lisboa,Localização GPS,2019,10,10,17,Tarde,Outono,1,0,12,2,3,0,0,0,0,0,0,0,0,0,0,0,0,1,0,0,0,0,0,,6
2160,20191773932,2019-10-22 19:15:00,Terça-Feira,No sentido crescente da quilometragem,38.739771,-9.150139,Esquerda,Dentro das localidades,Avenidas Novas,Lisboa,Colisão,Colisão lateral com outro veículo em movimento,Recta,Em Lomba,Sem berma ou impraticável,Em plena via,Em estado regular,Outra via,Sentido único,Sem marcas rodoviárias ou pouco visíveis,Inexistentes,Passagem de peões,A funcionar normalmente,Betuminoso,Em entroncamento,Bom tempo,"Noite, com iluminação",Seco e limpo,0,0,1,Arruamento com separador,Via Secundária,106,,Avenida Marquês Tomar,Localização GPS,2019,10,22,19,Noite,Outono,1,0,3,2,0,0,0,0,0,0,0,0,1,0,0,0,0,1,0,1,0,0,0,7,2
2161,20191773936,2019-10-21 17:30:00,Segunda-Feira,No sentido crescente da quilometragem,38.723142,-9.175313,Esquerda,Dentro das localidades,Campolide,Lisboa,Colisão,Colisão choque em cadeia,Recta,Em patamar,Sem berma ou impraticável,Em plena via,Em bom estado,Outra via,Sentido único,Com marcas,Inexistentes,Outros,Inexistentes,Betuminoso,Fora da intersecção,Bom tempo,Em pleno dia,Seco e limpo,0,0,2,Arruamento com separador,Via Secundária,0,,Avenida Engenheiro Duarte Pacheco,Localização GPS,2019,10,21,17,Tarde,Outono,1,0,6,4,1,0,0,0,0,0,0,0,0,0,0,0,1,1,0,0,0,0,0,,0
2162,20191773962,2019-10-20 07:00:00,Domingo,NÃO DEFINIDO,38.705647,-9.178906,Direita,Dentro das localidades,Alcântara,Lisboa,Colisão,Colisão lateral com outro veículo em movimento,Curva,Com inclinação,Sem berma ou impraticável,Em plena via,Em estado regular,Estrada sem separador,Dois sentidos,Sem marcas rodoviárias ou pouco visíveis,Inexistentes,Outros,Inexistentes,Calçada,Em entroncamento,Bom tempo,Em pleno dia,Seco e limpo,0,0,1,Arruamento sem separador,Via Secundária,0,,Rua Leão de Oliveira,Localização GPS,2019,10,20,7,Manhã,Outono,0,0,3,2,0,0,0,0,0,0,0,0,0,0,0,0,0,1,0,0,0,0,0,16,5
2163,20191773983,2019-10-22 21:00:00,Terça-Feira,NÃO DEFINIDO,38.703172,-9.171057,Esquerda,Dentro das localidades,Alcântara,Lisboa,Atropelamento,Atropelamento de peões,Recta,Em patamar,Berma pavimentada,Em plena via,Em bom estado,Estrada sem separador,Dois sentidos,Com marcas,Inexistentes,Passagem de peões,Inexistentes,Betuminoso,Fora da intersecção,Bom tempo,"Noite, com iluminação",Seco e limpo,0,0,1,Arruamento sem separador,Via Secundária,352,,Avenida Brasília,Localização GPS,2019,10,22,21,Noite,Outono,1,0,3,1,0,1,0,0,0,0,0,0,0,0,0,0,0,1,0,0,0,0,1,,6
2164,20191774012,2019-10-26 13:00:00,Sábado,NÃO DEFINIDO,38.749722,-9.105325,Central,Dentro das localidades,Marvila,,Colisão,Colisão com outras situações,Curva,Com inclinação,Sem berma ou impraticável,Em plena via,Em estado regular,Outra via,Sentido único,Com marcas,Inexistentes,Outros,A funcionar normalmente,Betuminoso,Em rotunda,Bom tempo,Em pleno dia,Seco e limpo,0,0,5,Arruamento com separador,Via Secundária,0,,Avenida Marechal António Spinola,Localização GPS,2019,10,26,13,Tarde,Outono,0,0,15,5,2,0,0,0,0,0,0,0,0,0,0,0,0,1,0,0,0,0,0,74,1
2165,20191774077,2019-10-22 16:00:00,Terça-Feira,NÃO DEFINIDO,,,Direita,Dentro das localidades,Marvila,,Colisão,Colisão frontal,Recta,Em patamar,Berma pavimentada,Em plena via,Em estado regular,Estrada sem separador,Dois sentidos,Com marcas,Inexistentes,Outros,Inexistentes,Betuminoso,Fora da intersecção,Bom tempo,Em pleno dia,Seco e limpo,0,0,2,Arruamento sem separador,Via Secundária,0,,Rua Engenheiro Ferreira Dias,Localização GPS,2019,10,22,16,Tarde,Outono,1,0,6,3,1,0,0,0,0,0,0,0,0,0,0,0,0,1,0,0,0,0,0,,6
2166,20191774081,2019-10-22 08:32:00,Terça-Feira,No sentido crescente da quilometragem,38.74348,-9.182809,Direita,Dentro das localidades,São Domingos de Benfica,,Colisão,Colisão traseira com outro veículo em movimento,Recta,Em patamar,Berma pavimentada,Em plena via,Em estado regular,Outra via,Sentido único,Com marcas,Inexistentes,Outros,Inexistentes,Betuminoso,Fora da intersecção,Bom tempo,Em pleno dia,Seco e limpo,0,0,1,Arruamento com separador,Via Secundária,0,,Avenida General Correia Barreto,Localização GPS,2019,10,22,8,Manhã,Outono,1,0,3,2,0,0,0,0,0,0,0,0,0,0,0,0,0,1,0,0,0,0,0,,2
2167,20191774088,2019-10-23 20:45:00,Quarta-Feira,NÃO DEFINIDO,38.726111,-9.160925,Central,Dentro das localidades,Campolide,Lisboa,Colisão,Colisão lateral com outro veículo em movimento,Recta,Em patamar,Berma pavimentada,Em plena via,Em estado regular,Estrada sem separador,Sentido único,Com marcas,Inexistentes,NÃO DEFINIDO,Inexistentes,Betuminoso,Fora da intersecção,Bom tempo,"Noite, com iluminação",Seco e limpo,0,0,1,Arruamento sem separador,Via Secundária,21,,Avenida Conselheiro Fernando de Sousa,Localização GPS,2019,10,23,20,Noite,Outono,1,0,3,2,0,0,0,0,0,0,0,0,0,0,0,0,0,1,0,1,0,0,0,,4
2168,20191774099,2019-10-22 15:25:00,Terça-Feira,NÃO DEFINIDO,38.726843,-9.155398,Direita,Dentro das localidades,Avenidas Novas,Lisboa,Despiste,Despiste sem dispositivo de retenção,Recta,Com inclinação,Berma pavimentada,Em plena via,Em bom estado,Estrada sem separador,Dois sentidos,Com marcas,Inexistentes,NÃO DEFINIDO,Inexistentes,Betuminoso,Fora da intersecção,Bom tempo,Em pleno dia,Seco e limpo,0,0,1,Arruamento sem separador,Via Secundária,165,,Rua Castilho,Localização GPS,2019,10,22,15,Tarde,Outono,1,0,3,1,0,0,0,0,0,0,0,0,0,0,0,0,0,0,0,1,0,0,0,31,0
2169,20191774101,2019-10-23 18:50:00,Quarta-Feira,NÃO DEFINIDO,38.70162,-9.175156,Direita,Dentro das localidades,Alcântara,Lisboa,Colisão,Colisão lateral com outro veículo em movimento,Recta,Em patamar,Berma pavimentada,Em plena via,Em estado regular,Estrada sem separador,Dois sentidos,Sem marcas rodoviárias ou pouco visíveis,Inexistentes,Outros,A funcionar normalmente,Betuminoso,Em entroncamento,Bom tempo,Aurora ou crepúsculo,Seco e limpo,0,0,1,Arruamento sem separador,Via Secundária,0,,Avenida Brasília,Localização GPS,2019,10,23,18,Noite,Outono,1,0,3,2,0,0,0,0,0,0,0,0,0,0,0,0,0,1,0,0,0,0,0,,6
2170,20191774103,2019-10-19 03:50:00,Sábado,No sentido decrescente da quilometragem,38.755335,-9.125741,Direita,Dentro das localidades,Marvila,,Colisão,Colisão lateral com outro veículo em movimento,Recta,Em patamar,Berma pavimentada,Em plena via,Em estado regular,Outra via,Sentido único,Sem marcas rodoviárias ou pouco visíveis,Inexistentes,Outros,Inexistentes,Betuminoso,Em cruzamento,Bom tempo,"Noite, com iluminação",Seco e limpo,0,0,1,Arruamento com separador,Via Secundária,0,,Avenida Avelino Teixeira da Mota,Localização GPS,2019,10,19,3,Madrugada,Outono,0,0,3,2,0,0,0,0,0,0,0,0,0,0,0,0,0,1,0,1,0,0,0,,2
2171,20191774109,2019-10-22 11:55:00,Terça-Feira,NÃO DEFINIDO,38.741161,-9.16269,Direita,Dentro das localidades,Avenidas Novas,,Colisão,Colisão lateral com outro veículo em movimento,Recta,Em patamar,Berma pavimentada,Em plena via,Em bom estado,Estrada sem separador,Dois sentidos,Com marcas,Inexistentes,NÃO DEFINIDO,Inexistentes,Betuminoso,Fora da intersecção,Bom tempo,Em pleno dia,Seco e limpo,0,0,1,Arruamento sem separador,Via Secundária,0,,Rua Filipe da Mata,Localização GPS,2019,10,22,11,Manhã,Outono,1,0,3,2,0,0,0,0,0,0,0,0,0,0,0,0,0,1,0,1,0,0,0,,6
2172,20191774124,2019-10-21 18:00:00,Segunda-Feira,NÃO DEFINIDO,38.718376,-9.144172,Direita,Dentro das localidades,Santo António,Lisboa,Atropelamento,Atropelamento de peões,Recta,Com inclinação,Sem berma ou impraticável,Em plena via,Em bom estado,Estrada sem separador,Dois sentidos,Sem marcas rodoviárias ou pouco visíveis,Inexistentes,Outros,A funcionar normalmente,Betuminoso,Em cruzamento,Bom tempo,Em pleno dia,Seco e limpo,0,0,1,Arruamento sem separador,Via Secundária,1,,Praça Alegria,Localização GPS,2019,10,21,18,Noite,Outono,1,0,3,1,0,1,0,0,0,0,0,0,0,0,0,0,0,0,0,0,1,0,1,29,5
2173,20191774151,2019-10-18 19:50:00,Sexta-Feira,NÃO DEFINIDO,38.749734,-9.142156,Direita,Dentro das localidades,Areeiro,,Colisão,Colisão lateral com outro veículo em movimento,Recta,Em patamar,Sem berma ou impraticável,Em plena via,Em estado regular,Outra via,Sentido único,Com marcas,Inexistentes,NÃO DEFINIDO,A funcionar normalmente,Betuminoso,Em cruzamento,Bom tempo,"Noite, com iluminação",Seco e limpo,0,0,1,Arruamento com separador,Via Secundária,100,,Avenida Roma,Localização GPS,2019,10,18,19,Noite,Outono,1,0,3,2,0,0,0,0,0,0,0,0,0,0,0,0,0,1,0,1,0,0,0,,2
2174,20191774189,2019-10-28 20:30:00,Segunda-Feira,NÃO DEFINIDO,38.731268,-9.135423,Esquerda,Dentro das localidades,Arroios,Lisboa,Atropelamento,Atropelamento de peões,Recta,Em patamar,Sem berma ou impraticável,Em plena via,Em bom estado,Estrada sem separador,Dois sentidos,Com marcas,Inexistentes,Passagem de peões,Inexistentes,Betuminoso,Em cruzamento,Chuva,"Noite, com iluminação",Molhado,0,0,1,Arruamento sem separador,Via Secundária,7,,Rua Pascoal de Melo,Localização GPS,2019,10,28,20,Noite,Outono,1,0,3,1,0,1,0,0,0,0,0,0,0,0,0,0,1,0,0,1,0,0,1,12,3
2175,20191774213,2019-10-22 13:50:00,Terça-Feira,NÃO DEFINIDO,38.755105,-9.118038,Direita,Dentro das localidades,Marvila,,Colisão,Colisão com outras situações,Recta,Em patamar,Sem berma ou impraticável,Em plena via,Em bom estado,Estrada sem separador,Dois sentidos,Com marcas,Inexistentes,Outros,Inexistentes,Betuminoso,Em entroncamento,Bom tempo,Em pleno dia,Seco e limpo,0,0,1,Arruamento sem separador,Via Secundária,0.00,,Rua Engenheiro Ferreira Dias,Localização GPS,2019,10,22,13,Tarde,Outono,1,0,3,2,0,0,0,0,0,0,0,0,0,0,0,0,0,1,0,1,0,0,0,,5
2176,20191774223,2019-10-23 19:45:00,Quarta-Feira,NÃO DEFINIDO,38.750545,-9.197486,Direita,Dentro das localidades,Benfica,,Atropelamento,Atropelamento com fuga,Recta,Em patamar,Berma pavimentada,Em plena via,Em bom estado,Estrada sem separador,Dois sentidos,Com marcas,Inexistentes,Outros,A funcionar normalmente,Betuminoso,Em cruzamento,Bom tempo,"Noite, com iluminação",Seco e limpo,0,0,1,Arruamento sem separador,Via Secundária,0,,Estrada Benfica,Localização GPS,2019,10,23,19,Noite,Outono,1,0,3,1,0,1,0,0,0,0,0,0,0,0,0,0,0,0,1,0,0,0,1,,6
2177,20191774246,2019-10-28 09:30:00,Segunda-Feira,NÃO DEFINIDO,38.708584,-9.135701,Direita,Dentro das localidades,Santa Maria Maior,,Atropelamento,Atropelamento de peões,Recta,Em patamar,Berma pavimentada,Em plena via,Em estado regular,Estrada sem separador,Dois sentidos,Com marcas,Inexistentes,NÃO DEFINIDO,Inexistentes,Betuminoso,Fora da intersecção,Chuva,Em pleno dia,Seco e limpo,0,0,1,Arruamento sem separador,Via Secundária,0,,Praça Comércio,Localização GPS,2019,10,28,9,Manhã,Outono,1,0,3,1,0,1,0,0,0,0,0,0,0,0,0,0,0,1,0,0,0,0,1,14,6
2178,20191774251,2019-10-28 08:40:00,Segunda-Feira,NÃO DEFINIDO,38.721098,-9.119131,Esquerda,Dentro das localidades,Penha de França,Lisboa,Atropelamento,Atropelamento de peões,Recta,Com inclinação,Berma pavimentada,Em plena via,Em estado regular,Estrada sem separador,Sentido único,Com marcas,Inexistentes,Passagem de peões,Inexistentes,Betuminoso,Fora da intersecção,Chuva,Em pleno dia,Molhado,0,0,1,Arruamento sem separador,Via Secundária,0,,Avenida Mouzinho de Albuquerque,Localização GPS,2019,10,28,8,Manhã,Outono,1,0,3,1,0,1,0,0,0,0,0,0,0,0,0,0,1,1,0,0,0,0,1,,1
2179,20191774260,2019-10-27 13:30:00,Domingo,No sentido crescente da quilometragem,38.773406,-9.104915,Direita,Dentro das localidades,Santa Maria dos Olivais,Lisboa,Despiste,Despiste sem dispositivo de retenção,Recta,Em patamar,Sem berma ou impraticável,Em plena via,Em estado regular,Outra via,Sentido único,Com marcas,Inexistentes,Outros,Inexistentes,Betuminoso,Fora da intersecção,Bom tempo,Em pleno dia,Seco e limpo,0,0,1,Arruamento com separador,Via Secundária,0,,Avenida Infante Dom Henrique,Localização GPS,2019,10,27,13,Tarde,Outono,0,0,3,1,0,0,0,0,0,0,0,0,0,0,0,0,1,0,0,1,0,0,0,,2
2180,20191774263,2019-10-28 10:15:00,Segunda-Feira,NÃO DEFINIDO,38.705571,-9.157891,Direita,Dentro das localidades,Estrela,Lisboa,Despiste,Despiste sem dispositivo de retenção,Recta,Em patamar,Berma pavimentada,Em plena via,Em estado regular,Outra via,Sentido único,Com marcas,Inexistentes,Outros,Inexistentes,Betão de cimento,Em via de desaceleração,Chuva,Em pleno dia,Molhado,0,0,1,Arruamento com separador,Via Secundária,74,,Avenida 24 de Julho,Localização GPS,2019,10,28,10,Manhã,Outono,1,0,3,1,0,0,0,0,0,0,0,0,0,0,0,0,0,0,0,1,0,0,0,,2
2181,20191774284,2019-10-23 09:30:00,Quarta-Feira,NÃO DEFINIDO,38.715159,-9.14468,Direita,Dentro das localidades,Misericórdia,,Colisão,Colisão com outras situações,Recta,Com inclinação,Sem berma ou impraticável,Em plena via,Em bom estado,Estrada sem separador,Dois sentidos,Sem marcas rodoviárias ou pouco visíveis,Inexistentes,Outros,Inexistentes,Calçada,Fora da intersecção,Bom tempo,Em pleno dia,Seco e limpo,0,0,1,Arruamento sem separador,Via Secundária,0,,Rua São Pedro de Alcântara (Lisboa),Localização GPS,2019,10,23,9,Manhã,Outono,1,0,3,3,0,0,0,0,0,0,0,0,1,0,0,0,0,1,0,1,0,0,0,10,5
2182,20191774295,2019-10-23 21:00:00,Quarta-Feira,NÃO DEFINIDO,38.711695,-9.125298,Direita,Dentro das localidades,Beato,Lisboa,Colisão,Colisão lateral com outro veículo em movimento,Recta,Em patamar,Berma pavimentada,Em plena via,Em bom estado,Estrada sem separador,Dois sentidos,Com marcas,Inexistentes,NÃO DEFINIDO,Inexistentes,Betuminoso,Fora da intersecção,Bom tempo,"Noite, com iluminação",Seco e limpo,0,0,1,Arruamento sem separador,Via Secundária,8,,Avenida Infante Dom Henrique,Localização GPS,2019,10,23,21,Noite,Outono,1,0,3,2,0,0,0,0,0,0,0,0,0,0,0,0,0,1,0,1,0,0,0,,6
2183,20191774319,2019-10-24 21:55:00,Quinta-Feira,NÃO DEFINIDO,38.710088,-9.153269,Direita,Dentro das localidades,Estrela,Lisboa,Despiste,Despiste sem dispositivo de retenção,Recta,Com inclinação,Berma pavimentada,Em plena via,Em estado regular,Estrada sem separador,Dois sentidos,Sem marcas rodoviárias ou pouco visíveis,Inexistentes,Outros,Inexistentes,Calçada,Fora da intersecção,Bom tempo,"Noite, com iluminação",Molhado,0,0,1,Arruamento sem separador,Via Secundária,126,,Avenida Dom Carlos I,Localização GPS,2019,10,24,21,Noite,Outono,1,0,3,1,0,0,0,0,0,0,0,0,0,0,0,0,0,0,0,1,0,0,0,33,3
2184,20191774326,2019-10-23 09:40:00,Quarta-Feira,NÃO DEFINIDO,38.754082,-9.156936,Direita,Dentro das localidades,Alvalade,Lisboa,Atropelamento,Atropelamento de peões,Recta,Com inclinação,Berma pavimentada,Em plena via,Em bom estado,Estrada sem separador,Dois sentidos,Com marcas,Inexistentes,Outros,Desligada,Betuminoso,Fora da intersecção,Bom tempo,Em pleno dia,Seco e limpo,0,0,1,Arruamento sem separador,Via Secundária,1,,Rua Professor Oliveira Marques,Localização GPS,2019,10,23,9,Manhã,Outono,1,0,3,1,0,1,0,0,0,0,0,0,0,0,0,0,0,1,0,0,0,0,1,,0
2185,20191774327,2019-10-23 07:00:00,Quarta-Feira,NÃO DEFINIDO,38.711859,-9.144101,Direita,Dentro das localidades,Misericórdia,,Colisão,Colisão com outras situações,Recta,Com inclinação,Berma pavimentada,Em via ou pista reservada,Em bom estado,Estrada sem separador,Sentido único,Sem marcas rodoviárias ou pouco visíveis,Inexistentes,Outros,Inexistentes,Calçada,Fora da intersecção,Bom tempo,Aurora ou crepúsculo,Seco e limpo,0,0,1,Arruamento sem separador,Via Secundária,50,,Rua do Diario de Noticias,Localização GPS,2019,10,23,7,Manhã,Outono,1,0,3,1,0,0,0,0,0,0,0,0,0,0,0,0,0,1,0,0,0,0,0,10,0
2186,20191774366,2019-10-28 14:45:00,Segunda-Feira,NÃO DEFINIDO,38.758177,-9.137187,Direita,Dentro das localidades,Alvalade,Lisboa,Colisão,Colisão traseira com outro veículo em movimento,Recta,Em patamar,Sem berma ou impraticável,Em plena via,Em bom estado,Estrada sem separador,Sentido único,Sem marcas rodoviárias ou pouco visíveis,Inexistentes,Outros,Inexistentes,Betuminoso,Fora da intersecção,Chuva,Em pleno dia,Molhado,0,0,1,Arruamento sem separador,Via Secundária,10,,Rua Eugénio de Castro Rodrigues,Localização GPS,2019,10,28,14,Tarde,Outono,1,0,3,2,0,0,0,0,0,0,0,0,0,0,0,0,1,1,0,0,0,1,0,,4
2187,20191774394,2019-10-28 08:00:00,Segunda-Feira,NÃO DEFINIDO,38.719228,-9.166587,Direita,Dentro das localidades,Campo de Ourique,Lisboa,Colisão,Colisão com outras situações,Recta,Em patamar,Sem berma ou impraticável,Em parque de estacionamento,Em estado regular,Estrada sem separador,Sentido único,Sem marcas rodoviárias ou pouco visíveis,Inexistentes,Outros,Inexistentes,Betuminoso,Em cruzamento,Chuva,Em pleno dia,Molhado,0,0,1,Arruamento sem separador,Via Secundária,103,,Rua Francisco Metrass,Localização GPS,2019,10,28,8,Manhã,Outono,1,0,3,3,0,0,0,0,0,0,0,0,0,0,0,0,0,1,0,0,0,0,0,,4
2188,20191774403,2019-10-28 08:50:00,Segunda-Feira,No sentido decrescente da quilometragem,38.725131,-9.151522,Direita,Dentro das localidades,Avenidas Novas,Lisboa,Colisão,Colisão traseira com outro veículo em movimento,Recta,Com inclinação,Berma pavimentada,Em plena via,Em bom estado,Outra via,Sentido único,Com marcas,Inexistentes,Outros,Inexistentes,Betuminoso,Fora da intersecção,Chuva,Em pleno dia,Molhado,0,0,1,Arruamento com separador,Via Secundária,5,,Rua Joaquim António de Aguiar,Localização GPS,2019,10,28,8,Manhã,Outono,1,0,3,2,0,0,0,0,0,1,0,0,0,0,0,0,0,1,0,1,0,0,0,,0
2189,20191774407,2019-10-28 09:30:00,Segunda-Feira,NÃO DEFINIDO,38.76981,-9.194842,Direita,Dentro das localidades,Carnide,Lisboa,Colisão,Colisão lateral com outro veículo em movimento,Recta,Com inclinação,Berma pavimentada,Em plena via,Em estado regular,Estrada sem separador,Dois sentidos,Sem marcas rodoviárias ou pouco visíveis,Inexistentes,Cedência de passagem,Inexistentes,Betuminoso,Fora da intersecção,Chuva,Em pleno dia,Molhado,0,0,2,Arruamento sem separador,Via Secundária,1,,Estrada Militar,Localização GPS,2019,10,28,9,Manhã,Outono,1,0,6,2,2,0,0,0,1,0,0,0,0,0,0,0,0,1,0,0,0,0,0,,3
2190,20191774412,2019-10-26 02:00:00,Sábado,NÃO DEFINIDO,38.774745,-9.102831,Direita,Dentro das localidades,Parque das Nações,Lisboa,Atropelamento,Atropelamento de peões,Recta,Com inclinação,Berma pavimentada,Em plena via,Em bom estado,Outra via,Sentido único,Com marcas,Inexistentes,NÃO DEFINIDO,Inexistentes,Calçada,Fora da intersecção,Bom tempo,"Noite, com iluminação",Húmido,0,0,1,Arruamento com separador,Via Secundária,0,,Rua João Pinto Ribeiro,Localização GPS,2019,10,26,2,Madrugada,Outono,0,0,3,1,0,1,0,0,0,0,0,0,0,0,0,0,0,1,0,0,0,0,1,,0
2191,20191774424,2019-10-20 00:45:00,Domingo,NÃO DEFINIDO,38.733874,-9.170444,Direita,Dentro das localidades,Campolide,,Colisão,Colisão com outras situações,Recta,Com inclinação,Berma pavimentada,Em plena via,Em estado regular,Estrada sem separador,Sentido único,Sem marcas rodoviárias ou pouco visíveis,Inexistentes,NÃO DEFINIDO,Inexistentes,Betuminoso,Fora da intersecção,Chuva,"Noite, com iluminação",Molhado,0,0,1,Arruamento sem separador,Via Secundária,118,,Rua Inácio Pardelhas Sanchez,Localização GPS,2019,10,20,0,Madrugada,Outono,0,0,3,2,1,0,0,0,0,0,0,0,0,0,0,0,0,1,0,0,0,0,0,,3
2192,20191774457,2019-10-28 15:05:00,Segunda-Feira,NÃO DEFINIDO,38.726444,-9.158244,Direita,Dentro das localidades,Avenidas Novas,Lisboa,Atropelamento,Atropelamento de peões,Recta,Em patamar,Sem berma ou impraticável,Em plena via,Em bom estado,Outra via,Sentido único,Com marcas,Inexistentes,Passagem de peões,Inexistentes,Calçada,Em entroncamento,Bom tempo,Em pleno dia,Seco e limpo,0,0,1,Arruamento com separador,Via Secundária,96,,Rua Artilharia 1,Localização GPS,2019,10,28,15,Tarde,Outono,1,0,3,1,0,1,0,0,0,0,0,0,0,0,0,0,0,1,0,0,0,0,1,,0
2193,20191774518,2019-10-24 15:55:00,Quinta-Feira,No sentido crescente da quilometragem,38.7057,-9.17187,Direita,Dentro das localidades,Estrela,Lisboa,Colisão,Colisão traseira com outro veículo em movimento,Recta,Em patamar,Sem berma ou impraticável,Em plena via,Em estado regular,Outra via,Sentido único,Com marcas,Inexistentes,Outros,Inexistentes,Betuminoso,Fora da intersecção,Bom tempo,Em pleno dia,Seco e limpo,0,0,1,Arruamento com separador,Via Secundária,55,,Rua Prior Crato,Localização GPS,2019,10,24,15,Tarde,Outono,1,0,3,2,1,0,0,0,0,0,0,0,0,0,0,0,0,1,0,0,0,0,0,8,2
2194,20191774520,2019-10-23 08:50:00,Quarta-Feira,No sentido decrescente da quilometragem,38.760253,-9.152839,Esquerda,Dentro das localidades,Alvalade,Lisboa,Colisão,Colisão lateral com outro veículo em movimento,Recta,Em patamar,Berma pavimentada,Em plena via,Em estado regular,Outra via,Sentido único,Sem marcas rodoviárias ou pouco visíveis,Inexistentes,Outros,Inexistentes,Betuminoso,Fora da intersecção,Bom tempo,Em pleno dia,Seco e limpo,0,0,1,Arruamento com separador,2ª Circular,0,,Avenida General Norton de Matos,Localização GPS,2019,10,23,8,Manhã,Outono,1,0,3,2,0,0,0,0,0,0,0,0,0,0,0,0,0,1,0,1,0,0,0,,2
2195,20191774535,2019-10-30 19:50:00,Quarta-Feira,NÃO DEFINIDO,38.751279,-9.149479,Direita,Dentro das localidades,Alvalade,Lisboa,Atropelamento,Atropelamento de peões,Recta,Em patamar,Sem berma ou impraticável,Em plena via,Em bom estado,Estrada sem separador,Dois sentidos,Com marcas,Inexistentes,Outros,A funcionar normalmente,Betuminoso,Fora da intersecção,Chuva,"Noite, com iluminação",Molhado,0,0,1,Arruamento sem separador,Via Secundária,0,,Campo Grande,Localização GPS,2019,10,30,19,Noite,Outono,1,0,3,1,0,1,0,0,0,0,0,0,0,0,0,0,0,1,0,0,0,0,1,,3
2196,20191774591,2019-10-26 22:30:00,Sábado,No sentido decrescente da quilometragem,38.751157,-9.153917,Esquerda,Dentro das localidades,Lumiar,,Despiste,Despiste sem dispositivo de retenção,Recta,Em patamar,Berma pavimentada,Em plena via,Em estado regular,Outra via,Sentido único,Com marcas,Inexistentes,Outros,Inexistentes,Betuminoso,Fora da intersecção,Bom tempo,"Noite, com iluminação",Seco e limpo,0,0,1,Arruamento com separador,Via Secundária,35,,Campo Grande,Localização GPS,2019,10,26,22,Noite,Outono,0,0,3,1,0,0,0,0,0,0,0,0,0,0,0,0,0,0,0,1,0,0,0,,2