,IdAcidente,Datahora,Dia da Semana,Sentidos,Latitude GPS,Longitude GPS,Via Trânsito,Localizações,Freguesia,Pov. Proxima,Tipo Natureza,Natureza,Tipo de Traçado,Inclinação do Traçado,Berma do Traçado,Localização do Traçado,Estado Conservação,Características Tecnicas,Reg Circulação,Marca Via,Obstáculos,Sinais,Sinais Luminosos,Tipo Piso,Intersecção Vias,Factores Atmosféricos,Luminosidade,Cond Aderência,VM,FG,FL,Tipos Vias,Via,Num arruamento,Km,Nome arruamento,Localização 2,Ano,Mês,Dia,Hora,Periodo,Estação,Dia Util,Gravidade,Indicador de Gravidade,Veículos envolvidos,Passageiros envolvidos,Peões envolvidos,Inf/Ação: Abertura de porta,Inf/Ação: Desrespeito da sinalização semafórica,Inf/Ação: Desrespeito da sinalização vertical,Inf/Ação: Desrespeito das distâncias de segurança,Inf/Ação: Desrespeito das marcas rodoviárias,Inf/Ação: Encandeamento,Inf/Ação: Manobra irregular,Inf/Ação: Não sinalização da manobra,Inf/Ação: Obstáculo imprevisto na faixa de rodagem,Inf/Ação: Rebentamento de pneumático,Inf/Ação: Velocidade excessiva para as condições existentes,Automóvel ligeiro,Automóvel pesado,Motociclos/Ciclomotores,Outros Veículos,Velocípedes,Peões,Numero Black Spot,Grupo Kmodes
2197,20191774596,2019-10-20 17:25:00,Domingo,NÃO DEFINIDO,38.694426,-9.220365,Esquerda,Dentro das localidades,Belém,Lisboa,Colisão,Colisão com outras situações,Recta,Em patamar,Berma pavimentada,Em plena via,Em estado regular,Estrada sem separador,Dois sentidos,Com marcas,Inexistentes,Outros,A funcionar normalmente,Betuminoso,Em entroncamento,Bom tempo,Em pleno dia,Seco e limpo,0,0,1,Arruamento sem separador,Via Secundária,0,,Avenida Índia,Localização GPS,2019,10,20,17,Tarde,Outono,0,0,3,3,1,0,0,0,0,0,0,0,0,0,0,0,0,1,0,0,1,0,0,,6
2198,20191774604,2019-10-20 14:30:00,Domingo,NÃO DEFINIDO,38.725814,-9.160556,Esquerda,Dentro das localidades,Campolide,Lisboa,Colisão,Colisão com outras situações,Recta,Em patamar,Berma pavimentada,Em plena via,Em estado regular,Estrada sem separador,Dois sentidos,Com marcas,Inexistentes,Outros,Inexistentes,Betuminoso,Fora da intersecção,Bom tempo,Em pleno dia,Seco e limpo,0,0,1,Arruamento sem separador,Via Secundária,0,,Avenida Conselheiro Fernando de Sousa,Localização GPS,2019,10,20,14,Tarde,Outono,0,0,3,2,0,0,0,0,0,0,0,0,0,0,0,0,0,1,0,1,0,0,0,,6
2199,20191774638,2019-10-25 09:30:00,Sexta-Feira,No sentido crescente da quilometragem,38.734765,-9.124796,Central,Dentro das localidades,Beato,Lisboa,Colisão,Colisão traseira com outro veículo em movimento,Curva,Com inclinação,Sem berma ou impraticável,Em plena via,Em bom estado,Outra via,Sentido único,Sem marcas rodoviárias ou pouco visíveis,Inexistentes,Outros,Inexistentes,Betuminoso,Fora da intersecção,Bom tempo,Em pleno dia,Seco e limpo,0,0,1,Arruamento com separador,Via Secundária,0,,Avenida Marechal Francisco Costa Gomes,Localização GPS,2019,10,25,9,Manhã,Outono,1,0,3,3,0,0,0,0,0,0,0,0,0,0,0,0,0,1,0,0,0,0,0,,0
2200,20191774640,2019-10-24 08:05:00,Quinta-Feira,No sentido crescente da quilometragem,38.75785,-9.162415,Esquerda,Dentro das localidades,Lumiar,Lisboa,Colisão,Colisão traseira com outro veículo em movimento,Recta,Em patamar,Sem berma ou impraticável,Em plena via,Em mau estado,Outra via,Sentido único,Sem marcas rodoviárias ou pouco visíveis,Inexistentes,Outros,Inexistentes,Betuminoso,Fora da intersecção,Bom tempo,Em pleno dia,Seco e limpo,0,0,1,Arruamento com separador,2ª Circular,0,,Avenida Marechal Craveiro Lopes,Localização GPS,2019,10,24,8,Manhã,Outono,1,0,3,2,0,0,0,0,0,0,0,0,0,0,0,0,0,1,0,1,0,0,0,,0
2201,20191776702,2019-10-21 22:30:00,Segunda-Feira,NÃO DEFINIDO,38.716146,-9.147562,Direita,Dentro das localidades,Misericórdia,,Atropelamento,Atropelamento de peões,Recta,Em patamar,Sem berma ou impraticável,Em plena via,Em estado regular,Estrada sem separador,Dois sentidos,Sem marcas rodoviárias ou pouco visíveis,Inexistentes,Outros,Desligada,Betuminoso,Fora da intersecção,Bom tempo,"Noite, com iluminação",Molhado,0,0,1,Arruamento sem separador,Via Secundária,56,,Rua Dom Pedro V,Localização GPS,2019,10,21,22,Noite,Outono,1,0,3,1,0,1,0,0,0,0,0,0,0,0,0,0,0,1,0,0,0,0,1,10,3
2202,20191776738,2019-10-27 21:15:00,Domingo,NÃO DEFINIDO,38.737822,-9.140922,Esquerda,Dentro das localidades,Areeiro,Lisboa,Colisão,Colisão com outras situações,Curva,Em patamar,Sem berma ou impraticável,Em plena via,Em estado regular,Estrada sem separador,Sentido único,Com marcas,Inexistentes,Outros,A funcionar normalmente,Betuminoso,Em cruzamento,Bom tempo,"Noite, com iluminação",Seco e limpo,0,0,1,Arruamento sem separador,Via Secundária,0.00,,Rua Alves Redol,Localização GPS,2019,10,27,21,Noite,Outono,0,0,3,1,1,0,0,0,0,0,0,0,0,0,0,0,1,1,0,0,0,0,0,7,1
2203,20191776775,2019-10-24 15:13:00,Quinta-Feira,NÃO DEFINIDO,38.739002,-9.126103,Direita,Dentro das localidades,Areeiro,,Atropelamento,Atropelamento de peões,Recta,Em patamar,Sem berma ou impraticável,Em plena via,Em bom estado,Estrada sem separador,Dois sentidos,Sem marcas rodoviárias ou pouco visíveis,Inexistentes,Passagem de peões,Inexistentes,Betuminoso,Em entroncamento,Bom tempo,Em pleno dia,Seco e limpo,0,0,1,Arruamento sem separador,Via Secundária,2,,Rua Américo Durão,Localização GPS,2019,10,24,15,Tarde,Outono,1,0,3,1,0,1,0,0,0,0,0,0,0,0,0,0,0,1,0,0,0,0,1,43,5
2204,20191776858,2019-10-31 14:50:00,Quinta-Feira,NÃO DEFINIDO,38.737196,-9.157273,Central,Dentro das localidades,São Domingos de Benfica,Lisboa,Colisão,Colisão lateral com outro veículo em movimento,Recta,Em patamar,Sem berma ou impraticável,Em plena via,Em estado regular,Estrada sem separador,Sentido único,Com marcas,Inexistentes,Passagem de peões,A funcionar normalmente,Betuminoso,Em entroncamento,Bom tempo,Em pleno dia,Seco e limpo,0,0,1,Arruamento sem separador,Via Secundária,0.00,,Praça Espanha,Localização GPS,2019,10,31,14,Tarde,Outono,1,0,3,2,0,0,0,0,0,0,0,0,1,1,0,0,0,1,0,1,0,0,0,6,2
2205,20191776864,2019-10-30 09:05:00,Quarta-Feira,No sentido crescente da quilometragem,38.723341,-9.175888,Direita,Dentro das localidades,Campolide,Lisboa,Colisão,Colisão lateral com outro veículo em movimento,Recta,Em patamar,Berma pavimentada,Em plena via,Em estado regular,Outra via,Sentido único,Com marcas,Inexistentes,Outros,Inexistentes,Betão de cimento,Fora da intersecção,Chuva,Em pleno dia,Molhado,0,0,1,IP - Itinerário Principal,IP7,,6.2,,Localização GPS,2019,10,30,9,Manhã,Outono,1,0,3,2,0,0,0,0,0,1,0,0,0,0,0,0,0,1,1,0,0,0,0,,4
2206,20191776933,2019-10-23 20:20:00,Quarta-Feira,NÃO DEFINIDO,38.777388,-9.094917,Direita,Dentro das localidades,Parque das Nações,,Colisão,Colisão com outras situações,Recta,Em patamar,Sem berma ou impraticável,Em plena via,Em estado regular,Estrada sem separador,Dois sentidos,Com marcas,Inexistentes,NÃO DEFINIDO,Inexistentes,Betuminoso,Fora da intersecção,Bom tempo,"Noite, com iluminação",Seco e limpo,0,0,1,Arruamento sem separador,Via Secundária,102,,Alameda Oceanos,Localização GPS,2019,10,23,20,Noite,Outono,1,0,3,2,0,0,0,0,0,0,0,0,0,0,0,0,0,1,0,1,0,0,0,,5
2207,20191776939,2019-10-27 14:15:00,Domingo,NÃO DEFINIDO,38.775447,-9.163691,Esquerda,Dentro das localidades,Lumiar,,Colisão,Colisão com outras situações,Recta,Em patamar,Sem berma ou impraticável,Em plena via,Em bom estado,Outra via,Sentido único,Com marcas,Inexistentes,Outros,A funcionar normalmente,Betuminoso,Em cruzamento,Bom tempo,Em pleno dia,Seco e limpo,0,0,1,Arruamento com separador,Via Secundária,0.00,,Avenida Padre Cruz,Localização GPS,2019,10,27,14,Tarde,Outono,0,0,3,2,0,0,0,0,0,0,0,0,0,0,0,0,0,1,0,0,0,0,0,51,2
2208,20191776973,2019-10-26 23:10:00,Sábado,No sentido crescente da quilometragem,38.727198,-9.134804,Esquerda,Dentro das localidades,Arroios,Lisboa,Atropelamento,Atropelamento de peões,Recta,Em patamar,Sem berma ou impraticável,Em plena via,Em estado regular,Outra via,Dois sentidos,Com marcas,Inexistentes,Outros,Inexistentes,Betuminoso,Fora da intersecção,Bom tempo,"Noite, com iluminação",Seco e limpo,0,1,0,Arruamento com separador,Via Secundária,66,,Avenida Almirante Reis,Localização GPS,2019,10,26,23,Noite,Outono,0,1,10,1,0,1,0,0,0,0,0,0,0,0,0,0,0,1,0,0,0,0,1,15,5
2209,20191776977,2019-10-31 08:45:00,Quinta-Feira,NÃO DEFINIDO,38.699973,-9.184017,Esquerda,Dentro das localidades,Belém,Lisboa,Colisão,Colisão lateral com outro veículo em movimento,Recta,Em patamar,Sem berma ou impraticável,Em plena via,Em estado regular,Estrada sem separador,Dois sentidos,Com marcas,Inexistentes,Outros,Inexistentes,Betuminoso,Fora da intersecção,Chuva,Em pleno dia,Molhado,0,0,3,Arruamento sem separador,Via Secundária,78,,Rua Junqueira,Localização GPS,2019,10,31,8,Manhã,Outono,1,0,9,2,1,0,0,0,0,0,0,0,0,0,0,0,0,1,0,0,0,0,0,50,5
2210,20191777018,2019-10-26 16:00:00,Sábado,NÃO DEFINIDO,38.703273,-9.165573,Direita,Dentro das localidades,Estrela,,Colisão,Colisão traseira com outro veículo em movimento,Recta,Em patamar,Berma pavimentada,Em plena via,Em bom estado,Outra via,Sentido único,Sem marcas rodoviárias ou pouco visíveis,Inexistentes,Outros,Inexistentes,Calçada,Fora da intersecção,Bom tempo,Em pleno dia,Seco e limpo,0,0,3,Arruamento com separador,Via Secundária,0,,Rua Cintura do Porto de Lisboa,Localização GPS,2019,10,26,16,Tarde,Outono,0,0,9,3,2,0,0,0,0,0,0,0,0,0,0,0,1,1,0,0,0,0,0,,0
2211,20191777019,2019-10-26 13:30:00,Sábado,No sentido decrescente da quilometragem,38.715967,-9.119932,Direita,Dentro das localidades,São Vicente,,Colisão,Colisão traseira com outro veículo em movimento,Recta,Em patamar,Berma pavimentada,Em plena via,Em bom estado,Outra via,Sentido único,Com marcas,Inexistentes,Outros,A funcionar normalmente,Betuminoso,Fora da intersecção,Bom tempo,Em pleno dia,Seco e limpo,0,0,1,Arruamento com separador,Via Secundária,0,,Avenida Infante Dom Henrique,Localização GPS,2019,10,26,13,Tarde,Outono,0,0,3,2,0,0,0,0,0,0,0,0,0,0,0,0,1,1,0,1,0,0,0,,2
2212,20191777086,2019-11-01 17:15:00,Sexta-Feira,NÃO DEFINIDO,38.752252,-9.198851,Direita,Dentro das localidades,Benfica,Lisboa,Atropelamento,Atropelamento de peões,Recta,Em patamar,Berma pavimentada,Em plena via,Em estado regular,Estrada sem separador,Dois sentidos,Com marcas,Inexistentes,Passagem de peões,Inexistentes,Betuminoso,Em entroncamento,Bom tempo,Em pleno dia,Seco e limpo,0,0,1,Arruamento sem separador,Via Secundária,2,,Rua Dom António Caetano de Sousa,Localização GPS,2019,11,1,17,Tarde,Outono,0,0,3,1,0,1,0,0,0,0,1,0,0,0,0,0,0,1,0,0,0,0,1,,6
2213,20191777155,2019-10-31 10:00:00,Quinta-Feira,No sentido crescente da quilometragem,38.761047,-9.172688,Direita,Fora das localidades,São Domingos de Benfica,,Colisão,Colisão com outras situações,Recta,Em patamar,Berma pavimentada,Em plena via,Em bom estado,Outra via,Sentido único,Com marcas,Inexistentes,Outros,Inexistentes,Betuminoso,Fora da intersecção,Chuva,Em pleno dia,Molhado,0,0,2,IP - Itinerário Principal,IP7,,5.95,,Localização GPS,2019,10,31,10,Manhã,Outono,1,0,6,3,2,0,0,0,0,0,0,0,0,0,0,0,0,1,1,0,0,0,0,,0
2214,20191777158,2019-10-31 13:10:00,Quinta-Feira,No sentido crescente da quilometragem,38.722212,-9.176314,Direita,Fora das localidades,Campolide,,Colisão,Colisão traseira com outro veículo em movimento,Recta,Com inclinação,Berma pavimentada,Em plena via,Em estado regular,Outra via,Sentido único,Com marcas,Inexistentes,Outros,Inexistentes,Betuminoso,Fora da intersecção,Bom tempo,Em pleno dia,Seco e limpo,0,0,1,IP - Itinerário Principal,IP7,,9.8,,Localização GPS,2019,10,31,13,Tarde,Outono,1,0,3,2,0,0,0,0,0,0,0,0,0,0,0,0,0,1,0,0,0,0,0,,0
2215,20191777223,2019-11-02 12:00:00,Sábado,NÃO DEFINIDO,38.744345,-9.205272,Direita,Dentro das localidades,Benfica,,Colisão,Colisão choque em cadeia,Recta,Com inclinação,Sem berma ou impraticável,Em plena via,Em estado regular,Outra via,Sentido único,Com marcas,Inexistentes,Outros,Desligada,Betuminoso,Em via de desaceleração,Chuva,Em pleno dia,Molhado,0,0,1,Arruamento com separador,Via Secundária,0,,Rua Issan Sartawi,Localização GPS,2019,11,2,12,Tarde,Outono,0,0,3,3,0,0,0,0,0,0,0,0,0,0,0,0,1,1,0,0,0,0,0,,0
2216,20191777236,2019-11-02 18:25:00,Sábado,NÃO DEFINIDO,38.730689,-9.140666,Direita,Dentro das localidades,Arroios,Lisboa,Despiste,Despiste sem dispositivo de retenção,Recta,Em patamar,Berma pavimentada,Em plena via,Em estado regular,Estrada sem separador,Dois sentidos,Com marcas,Inexistentes,Outros,Inexistentes,Betuminoso,Fora da intersecção,Chuva,"Noite, com iluminação",Molhado,0,0,1,Arruamento sem separador,Via Secundária,32,,Rua Dona Estefânia,Localização GPS,2019,11,2,18,Noite,Outono,0,0,3,1,0,0,0,0,0,0,0,0,0,0,0,0,0,0,0,0,0,1,0,24,3
2217,20191777249,2019-10-30 21:30:00,Quarta-Feira,NÃO DEFINIDO,38.730667,-9.150948,Esquerda,Dentro das localidades,Avenidas Novas,Lisboa,Despiste,Despiste sem dispositivo de retenção,Curva,Em patamar,Berma pavimentada,Em plena via,Em estado regular,Outra via,Sentido único,Com marcas,Inexistentes,Outros,A funcionar normalmente,Betuminoso,Fora da intersecção,Chuva,"Noite, com iluminação",Molhado,0,0,2,Arruamento com separador,Via Secundária,19,,Avenida António Augusto de Aguiar,Localização GPS,2019,10,30,21,Noite,Outono,1,0,6,1,1,0,0,0,0,0,0,0,0,0,0,0,1,0,0,1,0,0,0,35,2
2218,20191777254,2019-10-24 13:52:00,Quinta-Feira,No sentido decrescente da quilometragem,38.754466,-9.173828,Direita,Dentro das localidades,São Domingos de Benfica,,Colisão,Colisão lateral com outro veículo em movimento,Curva,Em patamar,Berma pavimentada,Em plena via,Em bom estado,Outra via,Sentido único,Com marcas,Inexistentes,Cedência de passagem,Inexistentes,Betuminoso,Em rotunda,Bom tempo,Em pleno dia,Seco e limpo,0,0,1,Arruamento com separador,Via Secundária,0,,Rua Lúcio de Azevedo,Localização GPS,2019,10,24,13,Tarde,Outono,1,0,3,2,0,0,0,0,1,0,0,0,0,0,0,0,0,1,0,1,0,0,0,,0
2219,20191777263,2019-10-24 08:45:00,Quinta-Feira,No sentido decrescente da quilometragem,38.712306,-9.175174,Central,Dentro das localidades,Alcântara,Lisboa,Colisão,Colisão lateral com outro veículo em movimento,Recta,Em patamar,Sem berma ou impraticável,Em plena via,Em estado regular,Outra via,Sentido único,Com marcas,Inexistentes,Outros,A funcionar normalmente,Betuminoso,Em entroncamento,Bom tempo,Em pleno dia,Seco e limpo,0,0,1,Arruamento com separador,Via Secundária,0,,Avenida Ceuta,Localização GPS,2019,10,24,8,Manhã,Outono,1,0,3,2,0,0,0,1,0,0,0,0,0,0,0,0,0,1,0,1,0,0,0,,2
2220,20191777284,2019-10-24 15:30:00,Quinta-Feira,NÃO DEFINIDO,38.766611,-9.129142,Direita,Dentro das localidades,Santa Maria dos Olivais,,Colisão,Colisão lateral com outro veículo em movimento,Curva,Com inclinação,Berma pavimentada,Em plena via,Em estado regular,Outra via,Sentido único,Com marcas,Inexistentes,Stop,Inexistentes,Betuminoso,Fora da intersecção,Bom tempo,Em pleno dia,Seco e limpo,0,0,1,Arruamento com separador,Via Secundária,0,,Alameda Comunidades Portuguesas,Localização GPS,2019,10,24,15,Tarde,Outono,1,0,3,2,1,0,0,0,0,0,0,0,0,0,0,0,0,1,0,0,0,0,0,,1
2221,20191777333,2019-10-28 08:00:00,Segunda-Feira,NÃO DEFINIDO,38.743734,-9.115563,Direita,Dentro das localidades,Marvila,Lisboa,Colisão,Colisão traseira com outro veículo em movimento,Recta,Em patamar,Berma pavimentada,Em plena via,Em estado regular,Estrada sem separador,Dois sentidos,Com marcas,Inexistentes,NÃO DEFINIDO,Inexistentes,Betuminoso,Fora da intersecção,Chuva,Em pleno dia,Molhado,0,0,1,Arruamento sem separador,Via Secundária,0,,Rua João César Monteiro,Localização GPS,2019,10,28,8,Manhã,Outono,1,0,3,2,0,0,0,0,0,0,0,0,0,0,0,0,0,1,0,0,0,1,0,,6
2222,20191777964,2019-08-25 12:30:00,Domingo,No sentido crescente da quilometragem,38.72531,-9.186459,Direita,Fora das localidades,Ajuda,MONSANTO,Colisão,Colisão com outras situações,Recta,Com inclinação,Sem berma ou impraticável,Em plena via,Em bom estado,Auto-estrada,Sentido único,Com marcas,Inexistentes,NÃO DEFINIDO,Inexistentes,Betuminoso,Fora da intersecção,Bom tempo,Em pleno dia,Seco e limpo,0,0,1,A  - Auto-Estrada,A5,,0.9,,Localização GPS,2019,8,25,12,Tarde,Verão,0,0,3,2,1,0,0,0,0,0,0,0,0,0,0,0,0,1,1,0,0,0,0,,0
2223,20191778200,2019-07-18 17:15:00,Quinta-Feira,No sentido crescente da quilometragem,38.72317,-9.199119,Direita,Fora das localidades,Ajuda,Ajuda,Colisão,Colisão lateral com outro veículo em movimento,Recta,Com inclinação,Berma pavimentada,Em plena via,Em bom estado,Auto-estrada,Sentido único,Com marcas,Inexistentes,NÃO DEFINIDO,Inexistentes,Betuminoso,Fora da intersecção,Bom tempo,Em pleno dia,Seco e limpo,0,0,2,A  - Auto-Estrada,A5,,2.032,,Localização GPS,2019,7,18,17,Tarde,Verão,1,0,6,2,1,0,0,0,0,1,0,0,0,0,0,0,0,1,0,1,0,0,0,58,0
2224,20191778717,2019-08-29 09:35:00,Quinta-Feira,No sentido decrescente da quilometragem,38.72513,-9.186169,Central,Fora das localidades,Ajuda,Ajuda,Colisão,Colisão com fuga,Recta,Com inclinação,Berma pavimentada,Em plena via,Em bom estado,Auto-estrada,Sentido único,Com marcas,Inexistentes,NÃO DEFINIDO,Inexistentes,Betuminoso,Fora da intersecção,Bom tempo,Em pleno dia,Seco e limpo,0,0,1,A  - Auto-Estrada,A5,,0.9,,Localização GPS,2019,8,29,9,Manhã,Verão,1,0,3,3,0,0,0,0,0,0,0,0,0,0,0,0,0,1,0,1,1,0,0,59,0
2225,20191779077,2019-10-31 04:05:00,Quinta-Feira,No sentido crescente da quilometragem,38.743005,-9.166243,Direita,Fora das localidades,São Domingos de Benfica,Lisboa,Despiste,Despiste com dispositivo de retenção,Recta,Em patamar,Berma pavimentada,Em plena via,Em bom estado,Outra via,Sentido único,Com marcas,Inexistentes,Outros,Inexistentes,Betuminoso,Fora da intersecção,Chuva,"Noite, com iluminação",Molhado,0,0,1,IP - Itinerário Principal,IP7,,7.8,,Localização GPS,2019,10,31,4,Madrugada,Outono,1,0,3,1,0,0,0,0,0,0,0,0,0,0,0,0,1,1,0,0,0,0,0,,0
2226,20191779102,2019-10-24 18:30:00,Quinta-Feira,NÃO DEFINIDO,38.731941,-9.117129,Direita,Dentro das localidades,Marvila,Lisboa,Colisão,Colisão lateral com outro veículo em movimento,Recta,Em patamar,Berma pavimentada,Em plena via,Em mau estado,Estrada sem separador,Dois sentidos,Com marcas,Inexistentes,Outros,Inexistentes,Betuminoso,Fora da intersecção,Bom tempo,"Noite, com iluminação",Seco e limpo,0,0,1,Arruamento sem separador,Via Secundária,196,,Estrada Chelas,Localização GPS,2019,10,24,18,Noite,Outono,1,0,3,2,0,0,0,0,0,0,0,0,1,0,0,0,0,1,0,1,0,0,0,,6
2227,20191779107,2019-10-30 18:50:00,Quarta-Feira,NÃO DEFINIDO,38.762806,-9.129541,Direita,Dentro das localidades,Santa Maria dos Olivais,Lisboa,Colisão,Colisão traseira com outro veículo em movimento,Recta,Em patamar,Berma pavimentada,Em plena via,Em bom estado,Estrada sem separador,Dois sentidos,NÃO DEFINIDO,Inexistentes,Outros,Intermitente,Betuminoso,Fora da intersecção,Chuva,"Noite, com iluminação",Molhado,0,0,1,Arruamento sem separador,Via Secundária,0,,Avenida Berlim,Localização GPS,2019,10,30,18,Noite,Outono,1,0,3,2,0,0,0,0,0,0,0,0,0,0,0,0,1,1,0,1,0,0,0,,3
2228,20191779178,2019-10-30 22:30:00,Quarta-Feira,NÃO DEFINIDO,38.723562,-9.135202,Esquerda,Dentro das localidades,Arroios,Lisboa,Despiste,Despiste com fuga,Recta,Com inclinação,Berma pavimentada,Em plena via,Em estado regular,Outra via,Sentido único,Com marcas,Inexistentes,Outros,A funcionar normalmente,Betuminoso,Fora da intersecção,Chuva,"Noite, com iluminação",Molhado,0,0,1,Arruamento com separador,Via Secundária,35,,Avenida Almirante Reis,Localização GPS,2019,10,30,22,Noite,Outono,1,0,3,2,0,0,0,0,0,0,0,0,0,0,0,0,0,1,0,1,0,0,0,15,2
2229,20191779213,2019-10-24 14:55:00,Quinta-Feira,NÃO DEFINIDO,38.749818,-9.193862,Direita,Dentro das localidades,Benfica,Lisboa,Colisão,Colisão lateral com outro veículo em movimento,Recta,Em patamar,Berma pavimentada,Em plena via,Em bom estado,Estrada sem separador,Dois sentidos,Com marcas,Inexistentes,Outros,Inexistentes,Betuminoso,Fora da intersecção,Bom tempo,Em pleno dia,Seco e limpo,0,0,1,Arruamento sem separador,Via Secundária,480,,Estrada Benfica,Localização GPS,2019,10,24,14,Tarde,Outono,1,0,3,2,0,0,0,0,0,0,0,0,0,0,0,0,1,1,0,1,0,0,0,38,6
2230,20191779214,2019-10-25 15:15:00,Sexta-Feira,No sentido crescente da quilometragem,38.732517,-9.145584,Central,Dentro das localidades,Avenidas Novas,Lisboa,Colisão,Colisão traseira com outro veículo em movimento,Recta,Com inclinação,Sem berma ou impraticável,Em plena via,Em bom estado,Outra via,Sentido único,Sem marcas rodoviárias ou pouco visíveis,Inexistentes,Outros,Inexistentes,Betuminoso,Fora da intersecção,Bom tempo,Em pleno dia,Seco e limpo,0,0,1,Arruamento com separador,Via Secundária,42,,Avenida Fontes Pereira de Melo,Localização GPS,2019,10,25,15,Tarde,Outono,1,0,3,3,1,0,0,0,0,0,0,0,0,0,0,0,0,1,0,0,0,0,0,7,0
2231,20191779215,2019-10-25 14:20:00,Sexta-Feira,NÃO DEFINIDO,38.768901,-9.117473,Esquerda,Dentro das localidades,Santa Maria dos Olivais,Lisboa,Colisão,Colisão com fuga,Recta,Em patamar,Sem berma ou impraticável,Em plena via,Em estado regular,Estrada sem separador,Dois sentidos,Sem marcas rodoviárias ou pouco visíveis,Inexistentes,Outros,Inexistentes,Betuminoso,Fora da intersecção,Bom tempo,Em pleno dia,Seco e limpo,0,0,1,Arruamento sem separador,Via Secundária,0,,Avenida Berlim,Localização GPS,2019,10,25,14,Tarde,Outono,1,0,3,1,0,0,0,0,0,0,0,0,0,0,0,0,0,0,0,1,0,0,0,,5
2232,20191779216,2019-10-25 12:30:00,Sexta-Feira,No sentido decrescente da quilometragem,38.777378,-9.113187,Central,Dentro das localidades,Santa Maria dos Olivais,,Colisão,Colisão traseira com outro veículo em movimento,Recta,Em patamar,Berma pavimentada,Em plena via,Em bom estado,Outra via,Sentido único,Com marcas,Inexistentes,Outros,A funcionar normalmente,Betuminoso,Fora da intersecção,Bom tempo,Em pleno dia,Seco e limpo,0,0,1,Arruamento com separador,Via Secundária,0,,Avenida Doutor Alfredo Bensaúde,Localização GPS,2019,10,25,12,Tarde,Outono,1,0,3,2,0,0,0,0,0,0,0,0,0,0,0,0,1,1,0,1,0,0,0,,2
2233,20191779252,2019-10-26 21:45:00,Sábado,NÃO DEFINIDO,38.755141,-9.205157,Direita,Dentro das localidades,Benfica,Lisboa,Colisão,Colisão com outras situações,Recta,Com inclinação,Berma pavimentada,Em plena via,Em estado regular,Estrada sem separador,Dois sentidos,Com marcas,Inexistentes,Outros,Inexistentes,Betuminoso,Fora da intersecção,Bom tempo,"Noite, com iluminação",Seco e limpo,0,0,1,Arruamento sem separador,Via Secundária,0,,Rua Pedralvas,Localização GPS,2019,10,26,21,Noite,Outono,0,0,3,2,0,0,0,0,0,0,0,0,0,0,0,0,0,1,0,1,0,0,0,,3
2234,20191779269,2019-10-25 18:45:00,Sexta-Feira,NÃO DEFINIDO,38.739899,-9.138195,Direita,Dentro das localidades,Areeiro,Lisboa,Colisão,Colisão com outras situações,Recta,Em patamar,Berma pavimentada,Em plena via,Em estado regular,Estrada sem separador,Sentido único,Sem marcas rodoviárias ou pouco visíveis,Inexistentes,Outros,Inexistentes,Betuminoso,Em entroncamento,Bom tempo,Em pleno dia,Seco e limpo,0,0,1,Arruamento sem separador,Via Secundária,1,,Rua Caetano Alberto,Localização GPS,2019,10,25,18,Noite,Outono,1,0,3,2,0,0,0,0,0,0,0,0,1,0,0,0,0,1,0,0,0,1,0,,4
2235,20191779317,2019-10-11 14:45:00,Sexta-Feira,NÃO DEFINIDO,38.723253,-9.153582,Direita,Dentro das localidades,Avenidas Novas,Lisboa,Despiste,Despiste com dispositivo de retenção,NÃO DEFINIDO,NÃO DEFINIDO,NÃO DEFINIDO,NÃO DEFINIDO,NÃO DEFINIDO,Estrada sem separador,Sentido único,NÃO DEFINIDO,Inexistentes,NÃO DEFINIDO,Inexistentes,NÃO DEFINIDO,Fora da intersecção,NÃO DEFINIDO,NÃO DEFINIDO,NÃO DEFINIDO,0,0,1,Arruamento sem separador,Via Secundária,71,,Rua Rodrigo da Fonseca,Localização GPS,2019,10,11,14,Tarde,Outono,1,0,3,1,1,0,0,0,0,0,0,0,0,0,0,0,0,0,0,1,0,0,0,,1
2236,20191779338,2019-11-01 23:30:00,Sexta-Feira,NÃO DEFINIDO,38.769534,-9.123757,Esquerda,Dentro das localidades,Santa Maria dos Olivais,,Colisão,Colisão lateral com outro veículo em movimento,Recta,Com inclinação,Sem berma ou impraticável,Em plena via,Em estado regular,Estrada sem separador,Dois sentidos,Com marcas,Inexistentes,Outros,A funcionar normalmente,Betuminoso,Em cruzamento,Chuva,"Noite, com iluminação",Molhado,0,0,1,Arruamento sem separador,Via Secundária,0,,Avenida Berlim,Localização GPS,2019,11,1,23,Noite,Outono,0,0,3,2,1,0,0,0,0,0,0,0,0,0,0,0,0,1,0,0,0,0,0,,3
2237,20191779339,2019-11-01 21:40:00,Sexta-Feira,No sentido decrescente da quilometragem,38.76087,-9.162525,Direita,Dentro das localidades,Lumiar,,Colisão,Colisão com fuga,Recta,Em patamar,Sem berma ou impraticável,Em plena via,Em estado regular,Outra via,Sentido único,Com marcas,Inexistentes,Outros,A funcionar normalmente,Betuminoso,Fora da intersecção,Chuva,"Noite, com iluminação",Molhado,0,0,1,Arruamento com separador,Via Secundária,0,,Avenida Padre Cruz,Localização GPS,2019,11,1,21,Noite,Outono,0,0,3,2,0,0,0,0,0,0,0,0,0,0,0,0,0,1,0,1,0,0,0,,2