,IdAcidente,Datahora,Dia da Semana,Sentidos,Latitude GPS,Longitude GPS,Via Trânsito,Localizações,Freguesia,Pov. Proxima,Tipo Natureza,Natureza,Tipo de Traçado,Inclinação do Traçado,Berma do Traçado,Localização do Traçado,Estado Conservação,Características Tecnicas,Reg Circulação,Marca Via,Obstáculos,Sinais,Sinais Luminosos,Tipo Piso,Intersecção Vias,Factores Atmosféricos,Luminosidade,Cond Aderência,VM,FG,FL,Tipos Vias,Via,Num arruamento,Km,Nome arruamento,Localização 2,Ano,Mês,Dia,Hora,Periodo,Estação,Dia Util,Gravidade,Indicador de Gravidade,Veículos envolvidos,Passageiros envolvidos,Peões envolvidos,Inf/Ação: Abertura de porta,Inf/Ação: Desrespeito da sinalização semafórica,Inf/Ação: Desrespeito da sinalização vertical,Inf/Ação: Desrespeito das distâncias de segurança,Inf/Ação: Desrespeito das marcas rodoviárias,Inf/Ação: Encandeamento,Inf/Ação: Manobra irregular,Inf/Ação: Não sinalização da manobra,Inf/Ação: Obstáculo imprevisto na faixa de rodagem,Inf/Ação: Rebentamento de pneumático,Inf/Ação: Velocidade excessiva para as condições existentes,Automóvel ligeiro,Automóvel pesado,Motociclos/Ciclomotores,Outros Veículos,Velocípedes,Peões,Numero Black Spot,Grupo Kmodes
2238,20191779355,2019-10-25 16:00:00,Sexta-Feira,NÃO DEFINIDO,38.767679,-9.154508,Direita,Dentro das localidades,Lumiar,,Colisão,Colisão com outras situações,Recta,Em patamar,Berma pavimentada,Em plena via,Em estado regular,Estrada sem separador,Dois sentidos,Sem marcas rodoviárias ou pouco visíveis,Inexistentes,Cedência de passagem,Inexistentes,Betuminoso,Em entroncamento,Bom tempo,Em pleno dia,Seco e limpo,0,0,1,Arruamento sem separador,Via Secundária,5,,Rua Mário Eloy,Localização GPS,2019,10,25,16,Tarde,Outono,1,0,3,2,0,0,0,0,0,0,0,0,0,0,0,0,0,1,0,0,0,1,0,,6
2239,20191779357,2019-10-24 09:30:00,Quinta-Feira,No sentido decrescente da quilometragem,38.757643,-9.176742,Central,Dentro das localidades,Lumiar,Lisboa,Colisão,Colisão traseira com outro veículo em movimento,Recta,Em patamar,NÃO DEFINIDO,Em plena via,Em estado regular,Outra via,Sentido único,Com marcas,Inexistentes,NÃO DEFINIDO,Inexistentes,Betuminoso,Fora da intersecção,NÃO DEFINIDO,Em pleno dia,Seco e limpo,0,0,1,Arruamento com separador,2ª Circular,0,,Avenida General Norton de Matos,Localização GPS,2019,10,24,9,Manhã,Outono,1,0,3,2,0,0,0,0,0,0,0,0,0,0,0,0,0,1,0,1,0,0,0,,2
2240,20191779361,2019-10-25 18:00:00,Sexta-Feira,NÃO DEFINIDO,38.746362,-9.203649,Direita,Dentro das localidades,Benfica,Lisboa,Colisão,Colisão lateral com outro veículo em movimento,Recta,Em patamar,Berma pavimentada,Em plena via,Em bom estado,Estrada sem separador,Sentido único,Com marcas,Inexistentes,Outros,Inexistentes,Betuminoso,Em cruzamento,Bom tempo,Em pleno dia,Seco e limpo,0,0,1,Arruamento sem separador,Via Secundária,0,,Rua Parque,Localização GPS,2019,10,25,18,Noite,Outono,1,0,3,6,1,0,0,0,0,0,0,0,0,0,0,0,1,1,0,0,0,0,0,,4
2241,20191779379,2019-10-31 19:49:00,Quinta-Feira,NÃO DEFINIDO,38.729665,-9.128095,Direita,Dentro das localidades,Penha de França,Lisboa,Atropelamento,Atropelamento de peões,Curva,Com inclinação,Sem berma ou impraticável,Em plena via,Em estado regular,Estrada sem separador,Dois sentidos,Sem marcas rodoviárias ou pouco visíveis,Correctamente sinalizados,Passagem de peões,Inexistentes,Betuminoso,Fora da intersecção,Bom tempo,"Noite, com iluminação",Seco e limpo,0,1,0,Arruamento sem separador,Via Secundária,169,,Avenida General Roçadas,Localização GPS,2019,10,31,19,Noite,Outono,1,1,10,1,0,1,0,0,0,0,0,0,0,0,0,0,0,1,0,0,0,0,1,30,5
2242,20191779440,2019-11-05 11:00:00,Terça-Feira,NÃO DEFINIDO,38.713654,-9.13818,Direita,Dentro das localidades,Santa Maria Maior,Lisboa,Atropelamento,Atropelamento de peões,Recta,Em patamar,Sem berma ou impraticável,Em plena via,Em bom estado,Estrada sem separador,Sentido único,Sem marcas rodoviárias ou pouco visíveis,Inexistentes,Outros,A funcionar normalmente,Calçada,Fora da intersecção,Bom tempo,Em pleno dia,Seco e limpo,0,0,1,Arruamento sem separador,Via Secundária,0,,Praça Figueira,Localização GPS,2019,11,5,11,Manhã,Outono,1,0,3,1,0,1,0,0,0,0,0,0,0,0,0,0,0,0,0,0,1,0,1,,2
2243,20191779450,2019-11-05 13:20:00,Terça-Feira,No sentido crescente da quilometragem,38.735048,-9.136857,Direita,Dentro das localidades,Arroios,,Atropelamento,Atropelamento de peões,Recta,Com inclinação,Berma pavimentada,Em plena via,Em estado regular,Outra via,Dois sentidos,Sem marcas rodoviárias ou pouco visíveis,Inexistentes,NÃO DEFINIDO,Inexistentes,Betuminoso,Fora da intersecção,Bom tempo,Em pleno dia,Seco e limpo,0,0,1,Arruamento com separador,Via Secundária,9,,Avenida Manuel da Maia,Localização GPS,2019,11,5,13,Tarde,Outono,1,0,3,1,0,1,0,0,0,0,0,0,0,0,0,0,0,1,0,0,0,0,1,,0
2244,20191779451,2019-11-05 14:00:00,Terça-Feira,NÃO DEFINIDO,38.707147,-9.142047,Direita,Dentro das localidades,Misericórdia,Lisboa,Atropelamento,Atropelamento de peões,Recta,Em patamar,Berma pavimentada,Em plena via,Em bom estado,Estrada sem separador,Dois sentidos,Com marcas,Inexistentes,Passagem de peões,Inexistentes,Betuminoso,Em entroncamento,Bom tempo,Em pleno dia,Seco e limpo,0,0,1,Arruamento sem separador,Via Secundária,32,,Largo Corpo Santo,Localização GPS,2019,11,5,14,Tarde,Outono,1,0,3,1,0,1,0,0,0,0,0,0,1,0,0,0,0,0,0,0,1,0,1,10,6
2245,20191779514,2019-11-03 02:05:00,Domingo,No sentido decrescente da quilometragem,38.782953,-9.122688,Central,Dentro das localidades,Santa Maria dos Olivais,Lisboa,Colisão,Colisão com veiculo ou obstáculo na faixa de rodagem,Recta,Em patamar,Berma pavimentada,Em plena via,Em estado regular,Outra via,Sentido único,Com marcas,Inexistentes,Outros,Inexistentes,Betuminoso,Fora da intersecção,Chuva,"Noite, sem iluminação",Molhado,0,0,1,Arruamento com separador,Via Secundária,0,,Avenida Doutor Alfredo Bensaúde,Localização GPS,2019,11,3,2,Madrugada,Outono,0,0,3,2,0,0,0,0,0,0,0,0,0,0,0,0,0,1,0,1,0,0,0,,2
2246,20191779531,2019-11-03 02:00:00,Domingo,No sentido decrescente da quilometragem,38.782953,-9.122688,Direita,Dentro das localidades,Santa Maria dos Olivais,Lisboa,Despiste,Despiste sem dispositivo de retenção,Recta,Em patamar,Berma pavimentada,Em plena via,Em bom estado,Outra via,Sentido único,Com marcas,Inexistentes,Outros,Inexistentes,Betuminoso,Fora da intersecção,Chuva,"Noite, sem iluminação",Molhado,0,0,1,Arruamento com separador,Via Secundária,0,,Avenida Doutor Alfredo Bensaúde,Localização GPS,2019,11,3,2,Madrugada,Outono,0,0,3,1,0,0,0,0,0,0,0,0,0,0,0,0,0,0,0,1,0,0,0,,0
2247,20191779595,2019-10-29 01:35:00,Terça-Feira,NÃO DEFINIDO,38.748667,-9.131024,Central,Dentro das localidades,Alvalade,,Colisão,Colisão com outras situações,Recta,Em patamar,Berma pavimentada,Em plena via,Em bom estado,Estrada sem separador,Dois sentidos,Com marcas,Inexistentes,Outros,Inexistentes,Betuminoso,Em cruzamento,Bom tempo,"Noite, com iluminação",Húmido,0,0,2,Arruamento sem separador,Via Secundária,0,,Avenida Estados Unidos da América,Localização GPS,2019,10,29,1,Madrugada,Outono,1,0,6,2,1,0,0,1,0,0,0,0,0,0,0,0,0,1,0,0,0,0,0,64,3
2248,20191780131,2019-07-18 06:50:00,Quinta-Feira,No sentido decrescente da quilometragem,38.72343,-9.197681,Central,Fora das localidades,Ajuda,AJUDA.,Colisão,Colisão lateral com outro veículo em movimento,Recta,Com inclinação,Sem berma ou impraticável,Em plena via,Em bom estado,Auto-estrada,Sentido único,Com marcas,Inexistentes,NÃO DEFINIDO,Inexistentes,Betuminoso,Fora da intersecção,Bom tempo,Em pleno dia,Seco e limpo,0,1,0,A  - Auto-Estrada,A5,,2.1,,Localização GPS,2019,7,18,6,Manhã,Verão,1,1,10,4,0,0,0,0,0,1,0,1,0,0,0,0,0,1,0,1,0,0,0,,0
2249,20191780389,2019-08-07 16:20:00,Quarta-Feira,No sentido crescente da quilometragem,38.72196,-9.202316,Direita,Fora das localidades,Ajuda,Alfragide,Colisão,Colisão com outras situações,Recta,Com inclinação,Berma pavimentada,Em plena via,Em bom estado,Auto-estrada,Sentido único,Com marcas,Inexistentes,NÃO DEFINIDO,Inexistentes,Betuminoso,Fora da intersecção,Bom tempo,Em pleno dia,Seco e limpo,0,0,1,A  - Auto-Estrada,A5,,2.4,,Localização GPS,2019,8,7,16,Tarde,Verão,1,0,3,2,1,0,0,0,0,0,0,0,0,0,0,0,0,1,0,0,0,0,0,58,0
2250,20191781549,2019-11-06 16:10:00,Quarta-Feira,NÃO DEFINIDO,38.710595,-9.163768,Direita,Dentro das localidades,Estrela,,Atropelamento,Atropelamento de peões,Recta,Com inclinação,Sem berma ou impraticável,Em plena via,Em estado regular,Estrada sem separador,Sentido único,Sem marcas rodoviárias ou pouco visíveis,Inexistentes,Outros,Inexistentes,Calçada,Fora da intersecção,Bom tempo,Em pleno dia,Seco e limpo,0,0,1,Arruamento sem separador,Via Secundária,28,,Travessa Moinho de Vento,Localização GPS,2019,11,6,16,Tarde,Outono,1,0,3,1,0,1,0,0,0,0,0,0,1,0,0,0,0,1,0,0,0,0,1,,5
2251,20191781566,2019-11-07 10:30:00,Quinta-Feira,NÃO DEFINIDO,38.739307,-9.126563,Direita,Dentro das localidades,Areeiro,Lisboa,Atropelamento,Atropelamento de peões,Recta,Em patamar,Berma pavimentada,Em plena via,Em estado regular,Estrada sem separador,Sentido único,Sem marcas rodoviárias ou pouco visíveis,Inexistentes,Passagem de peões,Inexistentes,Betuminoso,Fora da intersecção,Bom tempo,Em pleno dia,Seco e limpo,0,1,0,Arruamento sem separador,Via Secundária,0,,Rua Professora Margarida Vieira Mendes,Localização GPS,2019,11,7,10,Manhã,Outono,1,1,10,1,0,1,0,0,0,1,0,0,0,0,0,0,0,1,0,0,0,0,1,43,4
2252,20191781567,2019-11-07 08:30:00,Quinta-Feira,No sentido crescente da quilometragem,38.74068,-9.123292,Direita,Dentro das localidades,Areeiro,Lisboa,Despiste,Despiste sem dispositivo de retenção,Curva,Com inclinação,Berma pavimentada,Em plena via,Em bom estado,Outra via,Sentido único,Com marcas,Inexistentes,Outros,A funcionar normalmente,Betuminoso,Fora da intersecção,Bom tempo,Em pleno dia,Escorregadio por outros fatores,0,0,1,Arruamento com separador,Via Secundária,8,,Avenida Engenheiro Arantes e Oliveira,Localização GPS,2019,11,7,8,Manhã,Outono,1,0,3,1,0,0,0,0,0,0,0,0,0,0,0,0,0,0,0,1,0,0,0,,7
2253,20191781574,2019-11-07 07:30:00,Quinta-Feira,No sentido decrescente da quilometragem,38.714368,-9.162016,Direita,Dentro das localidades,Estrela,Lisboa,Atropelamento,Atropelamento de peões,Recta,Com inclinação,Berma pavimentada,Em plena via,Em estado regular,Outra via,Dois sentidos,Com marcas,Inexistentes,Outros,Inexistentes,Calçada,Fora da intersecção,Bom tempo,Em pleno dia,Seco e limpo,0,0,1,Arruamento com separador,Via Secundária,27,,Rua Domingos Sequeira,Localização GPS,2019,11,7,7,Manhã,Outono,1,0,3,1,0,1,0,0,0,0,0,0,0,0,0,0,0,1,0,0,0,0,1,47,0
2254,20191781579,2019-11-02 20:30:00,Sábado,No sentido crescente da quilometragem,38.793217,-9.098936,Esquerda,Dentro das localidades,Parque das Nações,Lisboa,Colisão,Colisão lateral com outro veículo em movimento,Recta,Em patamar,Berma pavimentada,Em plena via,Em estado regular,Outra via,Sentido único,Sem marcas rodoviárias ou pouco visíveis,Inexistentes,Outros,Inexistentes,Betuminoso,Em entroncamento,Bom tempo,"Noite, com iluminação",Seco e limpo,0,0,1,Arruamento com separador,Via Secundária,0,,Via Oriente,Localização GPS,2019,11,2,20,Noite,Outono,0,0,3,2,0,0,0,0,0,0,0,0,1,0,0,0,0,1,0,1,0,0,0,,2
2255,20191782017,2019-11-04 05:15:00,Segunda-Feira,No sentido crescente da quilometragem,38.722817,-9.176229,Esquerda,Dentro das localidades,Alcântara,,Despiste,Despiste com dispositivo de retenção,Recta,Em patamar,Berma pavimentada,Em plena via,Em estado regular,Outra via,Sentido único,Com marcas,Inexistentes,NÃO DEFINIDO,Inexistentes,Betuminoso,Fora da intersecção,Chuva,"Noite, com iluminação",Molhado,0,0,1,IP - Itinerário Principal,IP7,,10.7,,Localização GPS,2019,11,4,5,Madrugada,Outono,1,0,3,1,1,0,0,0,0,0,0,0,0,0,0,0,0,1,0,0,0,0,0,,3
2256,20191782018,2019-11-02 10:00:00,Sábado,No sentido decrescente da quilometragem,38.729469,-9.170989,Direita,Dentro das localidades,Campolide,Lisboa,Despiste,Despiste com capotamento,Recta,Em patamar,Berma pavimentada,Em plena via,Em estado regular,Outra via,Sentido único,Com marcas,Inexistentes,Outros,Inexistentes,Betuminoso,Fora da intersecção,Chuva,Em pleno dia,Molhado,0,0,1,IP - Itinerário Principal,IP7,,9.9,,Localização GPS,2019,11,2,10,Manhã,Outono,0,0,3,1,0,0,0,0,0,0,0,0,0,0,0,0,0,1,0,0,0,0,0,,4
2257,20191782026,2019-11-07 15:00:00,Quinta-Feira,NÃO DEFINIDO,38.715726,-9.146224,Direita,Dentro das localidades,Santo António,Lisboa,Colisão,Colisão lateral com outro veículo em movimento,Recta,Em patamar,Berma pavimentada,Em plena via,Em estado regular,Estrada sem separador,Dois sentidos,Com marcas,Inexistentes,Cedência de passagem,Inexistentes,Betuminoso,Em cruzamento,Bom tempo,Em pleno dia,Seco e limpo,0,0,1,Arruamento sem separador,Via Secundária,57,,Rua Dom Pedro V,Localização GPS,2019,11,7,15,Tarde,Outono,1,0,3,3,0,0,0,0,0,0,0,0,0,0,0,0,0,1,0,1,0,0,0,10,6
2258,20191782032,2019-11-08 21:30:00,Sexta-Feira,NÃO DEFINIDO,38.720214,-9.154499,Central,Dentro das localidades,Campo de Ourique,Lisboa,Atropelamento,Atropelamento de peões,Curva,Com inclinação,Berma pavimentada,Em plena via,Em estado regular,Outra via,Sentido único,Com marcas,Inexistentes,Outros,A funcionar normalmente,Betuminoso,Em entroncamento,Bom tempo,"Noite, com iluminação",Seco e limpo,0,0,1,Arruamento com separador,Via Secundária,3,,Largo Rato,Localização GPS,2019,11,8,21,Noite,Outono,1,0,3,1,0,1,0,0,0,0,0,0,0,0,0,0,0,1,0,0,0,0,1,21,1
2259,20191782038,2019-11-07 07:50:00,Quinta-Feira,NÃO DEFINIDO,38.760427,-9.194169,Direita,Dentro das localidades,Carnide,Lisboa,Atropelamento,Atropelamento de peões,Recta,Em patamar,Berma pavimentada,Em plena via,Em estado regular,Outra via,Sentido único,Com marcas,Inexistentes,Passagem de peões,A funcionar normalmente,Betuminoso,Fora da intersecção,Bom tempo,Em pleno dia,Seco e limpo,0,0,1,Arruamento com separador,Via Secundária,53,,Estrada Correia,Localização GPS,2019,11,7,7,Manhã,Outono,1,0,3,1,0,1,0,0,0,0,0,0,0,0,0,0,0,1,0,0,0,0,1,,2
2260,20191782063,2019-10-31 00:30:00,Quinta-Feira,NÃO DEFINIDO,38.751184,-9.188324,Central,Dentro das localidades,Benfica,,Colisão,Colisão traseira com outro veículo em movimento,Recta,Em patamar,Berma pavimentada,Em plena via,Em estado regular,Outra via,Sentido único,Com marcas,Inexistentes,Outros,Inexistentes,Betuminoso,Fora da intersecção,Chuva,"Noite, com iluminação",Molhado,0,0,1,Arruamento com separador,2ª Circular,0,,Avenida Eusébio da Silva Ferreira,Localização GPS,2019,10,31,0,Madrugada,Outono,1,0,3,2,0,0,0,0,0,0,0,0,0,0,0,0,1,1,0,1,0,0,0,,2
2261,20191782069,2019-11-08 10:25:00,Sexta-Feira,NÃO DEFINIDO,38.774282,-9.152609,Direita,Dentro das localidades,Lumiar,,Atropelamento,Atropelamento de peões,Recta,Em patamar,Berma pavimentada,NÃO DEFINIDO,Em bom estado,Estrada sem separador,Sentido único,Sem marcas rodoviárias ou pouco visíveis,Inexistentes,Passagem de peões,Inexistentes,Betuminoso,Em cruzamento,Bom tempo,Em pleno dia,NÃO DEFINIDO,0,0,1,Arruamento sem separador,Via Secundária,7,,Avenida Carlos Paredes,Localização GPS,2019,11,8,10,Manhã,Outono,1,0,3,1,0,1,0,0,0,0,1,0,0,0,0,0,0,1,0,0,0,0,1,,4
2262,20191782086,2019-11-04 22:40:00,Segunda-Feira,No sentido crescente da quilometragem,38.73422,-9.153821,Esquerda,Dentro das localidades,Avenidas Novas,Lisboa,Colisão,Colisão lateral com outro veículo em movimento,Recta,Em patamar,Berma pavimentada,Em plena via,Em estado regular,Outra via,Sentido único,Com marcas,Inexistentes,Outros,A funcionar normalmente,Betuminoso,Fora da intersecção,Bom tempo,"Noite, com iluminação",Seco e limpo,0,0,1,Arruamento com separador,Via Secundária,122,,Avenida António Augusto de Aguiar,Localização GPS,2019,11,4,22,Noite,Outono,1,0,3,2,0,0,0,0,0,0,0,0,0,0,0,0,0,1,0,1,0,0,0,37,2
2263,20191782139,2019-10-28 12:15:00,Segunda-Feira,No sentido decrescente da quilometragem,38.727436,-9.172852,Direita,Fora das localidades,Campolide,Lisboa,Despiste,Despiste com dispositivo de retenção,Curva,Com inclinação,Berma pavimentada,Em plena via,Em estado regular,Outra via,Sentido único,Com marcas,Inexistentes,Outros,Inexistentes,Betuminoso,Fora da intersecção,Chuva,Em pleno dia,Molhado,0,0,1,IP - Itinerário Principal,IP7,,9.9,,Localização GPS,2019,10,28,12,Tarde,Outono,1,0,3,1,0,0,0,0,0,0,0,0,0,0,0,0,0,1,0,0,0,0,0,,1
2264,20191782170,2019-10-29 12:40:00,Terça-Feira,NÃO DEFINIDO,38.719747,-9.156306,Direita,Dentro das localidades,Campo de Ourique,Lisboa,Despiste,Despiste sem dispositivo de retenção,Recta,Com inclinação,Berma pavimentada,Em plena via,Em estado regular,Estrada sem separador,Sentido único,Com marcas,Inexistentes,NÃO DEFINIDO,Inexistentes,Betuminoso,Fora da intersecção,Bom tempo,Em pleno dia,Seco e limpo,0,0,1,Arruamento sem separador,Via Secundária,6,,Rua Sol ao Rato,Localização GPS,2019,10,29,12,Tarde,Outono,1,0,3,1,0,0,0,0,0,0,0,0,0,0,0,0,0,0,0,1,0,0,0,0,1
2265,20191782178,2019-11-09 19:15:00,Sábado,NÃO DEFINIDO,38.738441,-9.126593,Esquerda,Dentro das localidades,Areeiro,,Atropelamento,Atropelamento de peões,Curva,Em patamar,Sem berma ou impraticável,Em plena via,Em bom estado,Estrada sem separador,Sentido único,Com marcas,Inexistentes,Passagem de peões,Inexistentes,Betuminoso,Em entroncamento,Chuva,"Noite, com iluminação",Molhado,0,0,1,Arruamento sem separador,Via Secundária,0,,Avenida Marechal Francisco Costa Gomes,Localização GPS,2019,11,9,19,Noite,Outono,0,0,3,1,0,1,0,0,0,0,1,0,0,0,0,0,0,1,0,0,0,0,1,43,1
2266,20191782237,2019-11-05 17:30:00,Terça-Feira,NÃO DEFINIDO,38.752529,-9.113957,Esquerda,Dentro das localidades,Marvila,Lisboa,Colisão,Colisão traseira com outro veículo em movimento,Recta,Em patamar,Sem berma ou impraticável,Em plena via,Em estado regular,Outra via,Sentido único,Com marcas,Inexistentes,Outros,A funcionar normalmente,Betuminoso,Em entroncamento,Bom tempo,Em pleno dia,Seco e limpo,0,0,1,Arruamento com separador,Via Secundária,0,,Avenida Doutor Augusto de Castro,Localização GPS,2019,11,5,17,Tarde,Outono,1,0,3,2,0,0,0,0,0,0,0,0,0,0,0,0,0,1,0,0,0,0,0,,2
2267,20191782238,2019-11-05 21:20:00,Terça-Feira,NÃO DEFINIDO,38.715304,-9.165123,Esquerda,Dentro das localidades,Campo de Ourique,Lisboa,Colisão,Colisão lateral com outro veículo em movimento,Recta,Em patamar,Sem berma ou impraticável,Em plena via,Em estado regular,Estrada sem separador,Sentido único,Sem marcas rodoviárias ou pouco visíveis,Inexistentes,Outros,A funcionar normalmente,Betuminoso,Em entroncamento,Bom tempo,"Noite, com iluminação",Seco e limpo,0,0,1,Arruamento sem separador,Via Secundária,0,,Rua Tomás da Anunciação,Localização GPS,2019,11,5,21,Noite,Outono,1,0,3,2,0,0,0,1,0,0,0,0,0,0,0,0,0,1,0,0,0,1,0,56,2
2268,20191782307,2019-11-05 18:30:00,Terça-Feira,No sentido decrescente da quilometragem,38.774997,-9.100399,Direita,Dentro das localidades,Parque das Nações,Lisboa,Colisão,Colisão traseira com outro veículo em movimento,Recta,Em patamar,Berma pavimentada,Em plena via,Em estado regular,Outra via,Sentido único,Com marcas,Inexistentes,Outros,Inexistentes,Betuminoso,Fora da intersecção,Bom tempo,"Noite, com iluminação",Seco e limpo,0,0,1,Arruamento com separador,Via Secundária,0,,Rua João Pinto Ribeiro,Localização GPS,2019,11,5,18,Noite,Outono,1,0,3,2,0,0,0,0,0,0,0,0,0,0,0,0,0,1,0,1,0,0,0,,2
2269,20191782308,2019-10-30 18:15:00,Quarta-Feira,NÃO DEFINIDO,38.766342,-9.129073,Esquerda,Dentro das localidades,Santa Maria dos Olivais,Lisboa,Colisão,Colisão traseira com outro veículo em movimento,Curva,Em patamar,Berma pavimentada,Em plena via,Em bom estado,Estrada sem separador,Sentido único,Com marcas,Inexistentes,Outros,Inexistentes,Betuminoso,Fora da intersecção,Bom tempo,"Noite, com iluminação",Húmido,0,0,1,Arruamento sem separador,Via Secundária,0,,Alameda Comunidades Portuguesas,Localização GPS,2019,10,30,18,Noite,Outono,1,0,3,4,0,0,0,0,0,0,0,0,0,0,0,0,1,1,0,0,0,0,0,,1
2270,20191782309,2019-11-04 15:40:00,Segunda-Feira,NÃO DEFINIDO,38.722237,-9.157195,Direita,Dentro das localidades,Campo de Ourique,,Despiste,Despiste sem dispositivo de retenção,Recta,Com inclinação,Berma pavimentada,Em plena via,Em estado regular,Estrada sem separador,Dois sentidos,Com marcas,Inexistentes,Outros,Inexistentes,Betuminoso,Fora da intersecção,Chuva,Em pleno dia,Molhado,0,0,1,Arruamento sem separador,Via Secundária,0,,Rua Amoreiras,Localização GPS,2019,11,4,15,Tarde,Outono,1,0,3,1,0,0,0,0,0,0,0,0,0,0,1,0,0,0,0,1,0,0,0,,3
2271,20191782319,2019-11-04 08:20:00,Segunda-Feira,NÃO DEFINIDO,38.778424,-9.163315,Direita,Dentro das localidades,Lumiar,Lisboa,Atropelamento,Atropelamento de peões,Recta,Com inclinação,Sem berma ou impraticável,Em plena via,Em bom estado,Estrada sem separador,Dois sentidos,Sem marcas rodoviárias ou pouco visíveis,Inexistentes,Outros,Inexistentes,Betuminoso,Fora da intersecção,Bom tempo,Em pleno dia,Seco e limpo,0,0,1,Arruamento sem separador,Via Secundária,7,,Estrada Ameixoeira,Localização GPS,2019,11,4,8,Manhã,Outono,1,0,3,1,0,1,0,0,0,0,0,0,0,0,0,0,0,1,0,0,0,0,1,,5
2272,20191782323,2019-11-01 01:35:00,Sexta-Feira,NÃO DEFINIDO,38.704387,-9.174583,Esquerda,Dentro das localidades,Estrela,,Atropelamento,Atropelamento de peões,Recta,Em patamar,Sem berma ou impraticável,Em plena via,Em bom estado,Estrada sem separador,Dois sentidos,Com marcas,Inexistentes,Outros,Inexistentes,Betuminoso,Fora da intersecção,Bom tempo,"Noite, com iluminação",Seco e limpo,0,0,1,Arruamento sem separador,Via Secundária,96,,Avenida 24 de Julho,Localização GPS,2019,11,1,1,Madrugada,Outono,0,0,3,1,0,1,0,0,0,0,0,0,0,0,0,0,0,1,0,0,0,0,1,,5
2273,20191782361,2019-10-29 14:30:00,Terça-Feira,No sentido decrescente da quilometragem,38.694974,-9.178367,Esquerda,Fora das localidades,Alcântara,Lisboa,Colisão,Colisão traseira com outro veículo em movimento,Recta,Em patamar,Berma pavimentada,Em plena via,Em estado regular,Auto-estrada,Sentido único,Com marcas,Inexistentes,Outros,Inexistentes,Betuminoso,Fora da intersecção,Bom tempo,Em pleno dia,Seco e limpo,0,0,2,A  - Auto-Estrada,A2-PNT25ABRIL,,2.25,,Localização GPS,2019,10,29,14,Tarde,Outono,1,0,6,2,0,0,0,0,0,0,0,0,0,0,0,0,1,1,0,0,0,0,0,9,4
2274,20191782371,2019-11-04 06:53:00,Segunda-Feira,NÃO DEFINIDO,38.773232,-9.104984,Central,Dentro das localidades,Santa Maria dos Olivais,Lisboa,Despiste,Despiste sem dispositivo de retenção,Curva,Em patamar,Berma pavimentada,Em plena via,Em estado regular,Estrada sem separador,Sentido único,Com marcas,Inexistentes,Outros,A funcionar normalmente,Betuminoso,Em rotunda,Bom tempo,Aurora ou crepúsculo,Seco e limpo,0,0,1,Arruamento sem separador,Via Secundária,0,,Praça José Queirós,Localização GPS,2019,11,4,6,Manhã,Outono,1,0,3,1,0,0,0,0,0,0,0,0,0,0,0,0,0,0,0,1,0,0,0,,1
2275,20191782404,2019-11-07 01:30:00,Quinta-Feira,NÃO DEFINIDO,38.768918,-9.116238,Direita,Dentro das localidades,Santa Maria dos Olivais,Lisboa,Colisão,Colisão lateral com outro veículo em movimento,Recta,Em patamar,Sem berma ou impraticável,Em plena via,Em estado regular,Estrada sem separador,Sentido único,Com marcas,Inexistentes,Cedência de passagem,Inexistentes,Betuminoso,Em cruzamento,Chuva,"Noite, com iluminação",Molhado,0,0,1,Arruamento sem separador,Via Secundária,0,,Avenida Berlim,Localização GPS,2019,11,7,1,Madrugada,Outono,1,0,3,2,0,0,0,0,1,0,0,0,0,0,0,0,0,1,0,1,0,0,0,,3
2276,20191782416,2019-11-05 10:15:00,Terça-Feira,NÃO DEFINIDO,38.763506,-9.132589,Esquerda,Dentro das localidades,Alvalade,,Colisão,Colisão lateral com outro veículo em movimento,Recta,Com inclinação,Sem berma ou impraticável,Em plena via,Em estado regular,Estrada sem separador,Sentido único,Com marcas,Inexistentes,Outros,Inexistentes,Betuminoso,Fora da intersecção,Chuva,Em pleno dia,Molhado,0,0,1,Arruamento sem separador,2ª Circular,0,,Avenida Marechal Craveiro Lopes,Localização GPS,2019,11,5,10,Manhã,Outono,1,0,3,2,0,0,0,0,0,0,0,0,0,0,0,0,0,1,0,1,0,0,0,,5
2277,20191782459,2019-11-05 23:20:00,Terça-Feira,NÃO DEFINIDO,38.772603,-9.117926,Direita,Dentro das localidades,Santa Maria dos Olivais,Lisboa,Colisão,Colisão lateral com outro veículo em movimento,Recta,Em patamar,Berma pavimentada,Em plena via,Em estado regular,Estrada sem separador,Dois sentidos,Com marcas,Inexistentes,Outros,Inexistentes,Betuminoso,Em entroncamento,Bom tempo,"Noite, com iluminação",Seco e limpo,0,0,1,Arruamento sem separador,Via Secundária,0,,Alameda Encarnação,Localização GPS,2019,11,5,23,Noite,Outono,1,0,3,2,0,0,0,0,0,0,0,0,0,0,0,0,0,1,0,1,0,0,0,,6