,IdAcidente,Datahora,Dia da Semana,Sentidos,Latitude GPS,Longitude GPS,Via Trânsito,Localizações,Freguesia,Pov. Proxima,Tipo Natureza,Natureza,Tipo de Traçado,Inclinação do Traçado,Berma do Traçado,Localização do Traçado,Estado Conservação,Características Tecnicas,Reg Circulação,Marca Via,Obstáculos,Sinais,Sinais Luminosos,Tipo Piso,Intersecção Vias,Factores Atmosféricos,Luminosidade,Cond Aderência,VM,FG,FL,Tipos Vias,Via,Num arruamento,Km,Nome arruamento,Localização 2,Ano,Mês,Dia,Hora,Periodo,Estação,Dia Util,Gravidade,Indicador de Gravidade,Veículos envolvidos,Passageiros envolvidos,Peões envolvidos,Inf/Ação: Abertura de porta,Inf/Ação: Desrespeito da sinalização semafórica,Inf/Ação: Desrespeito da sinalização vertical,Inf/Ação: Desrespeito das distâncias de segurança,Inf/Ação: Desrespeito das marcas rodoviárias,Inf/Ação: Encandeamento,Inf/Ação: Manobra irregular,Inf/Ação: Não sinalização da manobra,Inf/Ação: Obstáculo imprevisto na faixa de rodagem,Inf/Ação: Rebentamento de pneumático,Inf/Ação: Velocidade excessiva para as condições existentes,Automóvel ligeiro,Automóvel pesado,Motociclos/Ciclomotores,Outros Veículos,Velocípedes,Peões,Numero Black Spot,Grupo Kmodes
2278,20191782483,2019-11-05 14:25:00,Terça-Feira,NÃO DEFINIDO,38.743758,-9.167489,Direita,Dentro das localidades,São Domingos de Benfica,Lisboa,Colisão,Colisão traseira com outro veículo em movimento,Recta,Em patamar,Berma pavimentada,Em plena via,Em estado regular,Estrada sem separador,Dois sentidos,Com marcas,Inexistentes,Outros,Inexistentes,Betuminoso,Fora da intersecção,Bom tempo,Em pleno dia,Seco e limpo,0,0,1,Arruamento sem separador,Via Secundária,185,,Estrada Laranjeiras,Localização GPS,2019,11,5,14,Tarde,Outono,1,0,3,2,0,0,0,0,0,0,0,0,0,0,0,0,0,1,0,0,0,0,0,39,6
2279,20191782499,2019-10-26 21:05:00,Sábado,NÃO DEFINIDO,38.766386,-9.126002,Central,Dentro das localidades,Santa Maria dos Olivais,Lisboa,Despiste,Despiste sem dispositivo de retenção,Recta,Com inclinação,Sem berma ou impraticável,Em plena via,Em estado regular,Estrada sem separador,Sentido único,Sem marcas rodoviárias ou pouco visíveis,Inexistentes,Outros,Desligada,Betuminoso,Fora da intersecção,Bom tempo,"Noite, com iluminação",Seco e limpo,0,0,2,Arruamento sem separador,Via Secundária,0,,Avenida Cidade Porto,Localização GPS,2019,10,26,21,Noite,Outono,0,0,6,1,1,0,0,0,0,0,0,0,0,0,0,0,0,0,0,1,0,0,0,,5
2280,20191782501,2019-11-01 19:45:00,Sexta-Feira,NÃO DEFINIDO,38.734104,-9.144825,Direita,Dentro das localidades,Arroios,,Colisão,Colisão com outras situações,Recta,Em patamar,Berma pavimentada,Em plena via,Em bom estado,Estrada sem separador,Sentido único,Com marcas,Inexistentes,Outros,A funcionar normalmente,Betuminoso,Em cruzamento,Bom tempo,"Noite, com iluminação",Seco e limpo,0,0,1,Arruamento sem separador,Via Secundária,32,,Praça Duque Saldanha,Localização GPS,2019,11,1,19,Noite,Outono,0,0,3,2,0,0,0,0,0,0,0,0,0,0,0,0,0,1,0,1,0,0,0,7,2
2281,20191782507,2019-10-30 16:00:00,Quarta-Feira,No sentido crescente da quilometragem,38.739008,-9.171288,Esquerda,Fora das localidades,Campolide,,Colisão,Colisão com outras situações,Recta,Com inclinação,Berma pavimentada,Em plena via,Em estado regular,Outra via,Sentido único,Com marcas,Inexistentes,Outros,Inexistentes,Betuminoso,Fora da intersecção,Chuva,Em pleno dia,Molhado,0,0,1,IP - Itinerário Principal,IP7,,8.7,,Localização GPS,2019,10,30,16,Tarde,Outono,1,0,3,2,0,0,0,0,0,0,0,0,0,0,0,0,0,1,0,0,0,0,0,,0
2282,20191782508,2019-10-30 10:00:00,Quarta-Feira,No sentido decrescente da quilometragem,38.754138,-9.208658,Esquerda,Fora das localidades,São Domingos de Benfica,,Colisão,Colisão choque em cadeia,Recta,Em patamar,Berma pavimentada,Em plena via,Em bom estado,Outra via,Sentido único,Com marcas,Inexistentes,Outros,Inexistentes,Betuminoso,Fora da intersecção,Chuva,Em pleno dia,Molhado,0,0,1,IC - Itinerário Complementar,IC17,,7.65,,Localização GPS,2019,10,30,10,Manhã,Outono,1,0,3,3,1,0,0,0,0,0,0,0,0,0,0,0,1,1,0,0,0,0,0,,0
2283,20191787165,2019-11-11 20:05:00,Segunda-Feira,NÃO DEFINIDO,38.744996,-9.199801,Direita,Dentro das localidades,Benfica,Lisboa,Atropelamento,Atropelamento de peões,Recta,Em patamar,Berma pavimentada,Em plena via,Em mau estado,Estrada sem separador,Dois sentidos,Com marcas,Inexistentes,Cedência de passagem,Inexistentes,Betuminoso,Fora da intersecção,Bom tempo,"Noite, com iluminação",Seco e limpo,0,0,1,Arruamento sem separador,Via Secundária,12,,Rua da Venezuela,Localização GPS,2019,11,11,20,Noite,Outono,1,0,3,1,0,1,0,0,0,0,0,0,0,0,0,0,0,0,1,0,0,0,1,18,6
2284,20191787295,2019-11-06 22:30:00,Quarta-Feira,No sentido crescente da quilometragem,38.74451,-9.196286,Direita,Dentro das localidades,Benfica,,Despiste,Despiste com dispositivo de retenção,Curva,Com inclinação,Berma pavimentada,Em plena via,Em estado regular,Outra via,Sentido único,Com marcas,Inexistentes,Outros,Inexistentes,Betuminoso,Fora da intersecção,Chuva,"Noite, com iluminação",Molhado,0,0,1,Arruamento com separador,2ª Circular,0,,Avenida Eusébio da Silva Ferreira,Localização GPS,2019,11,6,22,Noite,Outono,1,0,3,1,0,0,0,0,0,0,0,0,0,0,0,0,0,1,0,0,0,0,0,,1
2285,20191787341,2019-11-06 23:20:00,Quarta-Feira,No sentido crescente da quilometragem,38.757297,-9.165896,Direita,Dentro das localidades,Alvalade,Lisboa,Despiste,Despiste com dispositivo de retenção,Recta,Em patamar,Berma pavimentada,Em plena via,Em estado regular,Outra via,Sentido único,Com marcas,Inexistentes,Outros,Inexistentes,Betuminoso,Fora da intersecção,Chuva,"Noite, com iluminação",Molhado,0,0,1,Arruamento com separador,2ª Circular,0.0,,Avenida General Norton de Matos,Localização GPS,2019,11,6,23,Noite,Outono,1,0,3,1,0,0,0,0,0,0,0,0,0,0,0,0,0,0,0,1,0,0,0,,2
2286,20191787357,2019-10-31 17:30:00,Quinta-Feira,NÃO DEFINIDO,38.717589,-9.151679,Direita,Dentro das localidades,Santo António,,Despiste,Despiste sem dispositivo de retenção,Recta,Com inclinação,Berma pavimentada,Em plena via,Em bom estado,Estrada sem separador,Sentido único,Sem marcas rodoviárias ou pouco visíveis,Inexistentes,Outros,Inexistentes,Betuminoso,Fora da intersecção,Bom tempo,Em pleno dia,Seco e limpo,0,0,1,Arruamento sem separador,Via Secundária,91,,Rua Imprensa Nacional,Localização GPS,2019,10,31,17,Tarde,Outono,1,0,3,1,0,0,0,0,0,0,0,0,0,0,0,0,0,0,0,1,0,0,0,21,0
2287,20191791068,2019-11-12 18:38:00,Terça-Feira,No sentido crescente da quilometragem,38.758712,-9.15423,Direita,Dentro das localidades,Lumiar,Lisboa,Atropelamento,Atropelamento de peões,Recta,Em patamar,Berma pavimentada,Em plena via,Em estado regular,Outra via,Sentido único,Sem marcas rodoviárias ou pouco visíveis,Inexistentes,Outros,Inexistentes,Betuminoso,Fora da intersecção,Bom tempo,"Noite, com iluminação",Molhado,0,0,1,Arruamento com separador,Via Secundária,382D,,Campo Grande,Localização GPS,2019,11,12,18,Noite,Outono,1,0,3,1,0,1,0,0,0,0,0,0,0,0,0,0,0,0,1,0,0,0,1,,2
2288,20191791078,2019-11-02 21:45:00,Sábado,NÃO DEFINIDO,38.719626,-9.14575,Direita,Dentro das localidades,Santo António,Lisboa,Colisão,Colisão traseira com outro veículo em movimento,Recta,Com inclinação,Berma pavimentada,Em plena via,Em bom estado,Estrada sem separador,Dois sentidos,Com marcas,Inexistentes,NÃO DEFINIDO,A funcionar normalmente,Betuminoso,Fora da intersecção,Bom tempo,"Noite, com iluminação",Seco e limpo,0,0,1,Arruamento sem separador,Via Secundária,157,,Avenida Liberdade,Localização GPS,2019,11,2,21,Noite,Outono,0,0,3,3,0,0,0,0,0,0,0,0,0,0,0,0,0,1,0,0,0,0,0,29,3
2289,20191791099,2019-11-11 18:20:00,Segunda-Feira,NÃO DEFINIDO,,,Direita,Dentro das localidades,Benfica,,Colisão,Colisão com outras situações,Recta,Em patamar,Berma pavimentada,Em plena via,Em estado regular,Outra via,Dois sentidos,Com marcas,Inexistentes,Outros,Desligada,Betuminoso,Fora da intersecção,Chuva,Em pleno dia,Húmido,0,0,1,Arruamento com separador,Via Secundária,3,,Rua Morais Sarmento,Localização GPS,2019,11,11,18,Noite,Outono,1,0,3,2,0,0,0,0,0,0,0,0,0,0,0,0,0,1,0,1,0,0,0,,2
2290,20191791101,2019-11-06 07:15:00,Quarta-Feira,NÃO DEFINIDO,38.7469,-9.186281,Esquerda,Dentro das localidades,São Domingos de Benfica,,Colisão,Colisão com outras situações,Recta,Em patamar,Sem berma ou impraticável,Em plena via,Em estado regular,Estrada sem separador,Dois sentidos,Com marcas,Inexistentes,NÃO DEFINIDO,Inexistentes,Betuminoso,Fora da intersecção,Chuva,Aurora ou crepúsculo,Molhado,0,0,1,Arruamento sem separador,Via Secundária,392,,Estrada Benfica,Localização GPS,2019,11,6,7,Manhã,Outono,1,0,3,4,0,0,0,0,0,0,0,0,0,0,0,0,1,1,0,0,0,0,0,,3
2291,20191791113,2019-11-07 21:17:00,Quinta-Feira,NÃO DEFINIDO,38.732956,-9.143362,Direita,Dentro das localidades,Arroios,,Colisão,Colisão lateral com outro veículo em movimento,Recta,Com inclinação,Sem berma ou impraticável,Em plena via,Em bom estado,Outra via,Sentido único,Com marcas,Inexistentes,Outros,Inexistentes,Betuminoso,Em via de aceleração,Bom tempo,"Noite, com iluminação",Seco e limpo,0,0,1,Arruamento com separador,Via Secundária,44,,Avenida Casal Ribeiro,Localização GPS,2019,11,7,21,Noite,Outono,1,0,3,2,0,0,0,0,0,0,0,0,0,0,0,0,0,1,0,1,0,0,0,7,0
2292,20191791125,2019-11-08 03:20:00,Sexta-Feira,No sentido decrescente da quilometragem,38.762372,-9.145846,Central,Dentro das localidades,Alvalade,,Colisão,Colisão traseira com outro veículo em movimento,Recta,Em patamar,Sem berma ou impraticável,Em plena via,Em estado regular,Outra via,Sentido único,Com marcas,Inexistentes,Outros,Inexistentes,Betuminoso,Fora da intersecção,Chuva,"Noite, com iluminação",Molhado,0,0,1,Arruamento com separador,2ª Circular,0,,Avenida Marechal Craveiro Lopes,Localização GPS,2019,11,8,3,Madrugada,Outono,1,0,3,2,1,0,0,0,0,0,0,0,0,0,0,0,0,1,0,0,0,0,0,,2
2293,20191791141,2019-11-11 15:00:00,Segunda-Feira,NÃO DEFINIDO,38.725287,-9.169388,Direita,Dentro das localidades,Campo de Ourique,,Colisão,Colisão com fuga,Recta,Com inclinação,Sem berma ou impraticável,Em plena via,NÃO DEFINIDO,Estrada sem separador,Dois sentidos,NÃO DEFINIDO,Inexistentes,NÃO DEFINIDO,Inexistentes,Betão de cimento,Fora da intersecção,NÃO DEFINIDO,NÃO DEFINIDO,NÃO DEFINIDO,0,0,1,Arruamento sem separador,Via Secundária,106,,Calçada 7 Moinhos,Localização GPS,2019,11,11,15,Tarde,Outono,1,0,3,1,0,0,0,0,0,0,0,0,0,0,0,0,0,0,0,1,0,0,0,,5
2294,20191791184,2019-11-11 16:20:00,Segunda-Feira,NÃO DEFINIDO,38.769134,-9.119359,Esquerda,Dentro das localidades,Santa Maria dos Olivais,,Colisão,Colisão choque em cadeia,Recta,Com inclinação,Berma pavimentada,Em plena via,Em bom estado,Estrada sem separador,Dois sentidos,Com marcas,Inexistentes,Outros,Inexistentes,Betuminoso,Fora da intersecção,Bom tempo,Em pleno dia,Seco e limpo,0,0,1,Arruamento sem separador,Via Secundária,0,,Avenida Berlim,Localização GPS,2019,11,11,16,Tarde,Outono,1,0,3,3,0,0,0,0,0,0,0,0,0,0,0,0,0,1,0,0,0,0,0,,0
2295,20191791190,2019-11-07 19:00:00,Quinta-Feira,NÃO DEFINIDO,38.743077,-9.166351,Central,Dentro das localidades,São Domingos de Benfica,,Colisão,Colisão com outras situações,Recta,Em patamar,Berma pavimentada,Em plena via,Em bom estado,Estrada sem separador,Sentido único,Com marcas,Inexistentes,Outros,A funcionar normalmente,Betuminoso,Em cruzamento,Chuva,"Noite, com iluminação",Seco e limpo,0,0,1,Arruamento sem separador,Via Secundária,0,,Praça Marechal Humberto Delgado,Localização GPS,2019,11,7,19,Noite,Outono,1,0,3,2,0,0,0,0,0,0,0,0,0,0,0,0,0,1,0,0,0,0,0,39,2
2296,20191791209,2019-11-08 19:13:00,Sexta-Feira,NÃO DEFINIDO,38.782879,-9.164923,Direita,Dentro das localidades,Santa Clara,,Colisão,Colisão traseira com outro veículo em movimento,Curva,Com inclinação,Berma pavimentada,Em plena via,Em estado regular,Estrada sem separador,Sentido único,Com marcas,Inexistentes,NÃO DEFINIDO,Inexistentes,Betuminoso,Fora da intersecção,Bom tempo,"Noite, com iluminação",Seco e limpo,0,0,2,Arruamento sem separador,Via Secundária,0,,Estrada Desvio,Localização GPS,2019,11,8,19,Noite,Outono,1,0,6,2,2,0,0,0,0,0,0,0,0,0,0,0,0,1,0,0,0,0,0,,1
2297,20191791331,2019-11-12 14:30:00,Terça-Feira,NÃO DEFINIDO,38.704531,-9.178329,Direita,Dentro das localidades,Alcântara,,Atropelamento,Atropelamento de peões,Recta,Com inclinação,Berma pavimentada,Em plena via,Em estado regular,Estrada sem separador,Dois sentidos,Sem marcas rodoviárias ou pouco visíveis,Inexistentes,Passagem de peões,Inexistentes,Betuminoso,Em entroncamento,Bom tempo,Em pleno dia,Seco e limpo,0,0,1,Arruamento sem separador,Via Secundária,0,,Rua Leão de Oliveira,Localização GPS,2019,11,12,14,Tarde,Outono,1,0,3,1,0,1,0,0,0,1,0,0,0,0,0,0,0,1,0,0,0,0,1,16,5
2298,20191791382,2019-11-08 16:55:00,Sexta-Feira,NÃO DEFINIDO,38.70328,-9.168982,Direita,Dentro das localidades,Alcântara,Lisboa,Colisão,Colisão com outras situações,Recta,Com inclinação,Berma pavimentada,Em plena via,Em estado regular,Estrada sem separador,Dois sentidos,Com marcas,Inexistentes,NÃO DEFINIDO,Inexistentes,Betuminoso,Fora da intersecção,Bom tempo,Em pleno dia,Seco e limpo,0,0,1,Arruamento sem separador,Via Secundária,0,,Avenida Brasília,Localização GPS,2019,11,8,16,Tarde,Outono,1,0,3,2,0,0,0,0,0,0,0,0,0,0,0,0,0,1,0,0,0,0,0,,5
2299,20191791384,2019-11-12 18:40:00,Terça-Feira,No sentido crescente da quilometragem,38.745481,-9.193862,Direita,Dentro das localidades,São Domingos de Benfica,,Despiste,Despiste sem dispositivo de retenção,Recta,Em patamar,Berma pavimentada,Em plena via,Em estado regular,Outra via,Sentido único,Com marcas,Inexistentes,Outros,Inexistentes,Betuminoso,Fora da intersecção,Chuva,Aurora ou crepúsculo,Molhado,0,0,1,Arruamento com separador,2ª Circular,0,,Avenida Eusébio da Silva Ferreira,Localização GPS,2019,11,12,18,Noite,Outono,1,0,3,1,0,0,0,0,0,0,0,0,0,0,0,0,1,0,0,1,0,0,0,55,2
2300,20191791389,2019-11-08 13:15:00,Sexta-Feira,No sentido crescente da quilometragem,38.766727,-9.09797,Direita,Dentro das localidades,Parque das Nações,Lisboa,Colisão,Colisão com veiculo ou obstáculo na faixa de rodagem,Recta,Em patamar,Berma pavimentada,Em plena via,Em estado regular,Outra via,Sentido único,Com marcas,Inexistentes,Passagem de peões,A funcionar normalmente,Betuminoso,Em cruzamento,Bom tempo,Em pleno dia,Seco e limpo,0,0,1,Arruamento com separador,Via Secundária,0,,Avenida Berlim,Localização GPS,2019,11,8,13,Tarde,Outono,1,0,3,2,0,0,0,0,0,0,0,0,0,0,0,0,0,1,0,0,0,0,0,36,2
2301,20191791395,2019-11-08 18:50:00,Sexta-Feira,No sentido decrescente da quilometragem,38.731972,-9.132882,Direita,Dentro das localidades,Arroios,Lisboa,Atropelamento,Atropelamento de peões,Recta,Em patamar,Berma pavimentada,Em plena via,Em bom estado,Outra via,Sentido único,Com marcas,Inexistentes,Outros,Inexistentes,Betuminoso,Fora da intersecção,Bom tempo,"Noite, com iluminação",Seco e limpo,0,0,1,Arruamento com separador,Via Secundária,44,,Rua Cavaleiro de Oliveira,Localização GPS,2019,11,8,18,Noite,Outono,1,0,3,1,0,1,0,0,0,0,0,0,0,0,0,0,0,0,0,0,0,1,1,12,0
2302,20191791402,2019-11-02 09:15:00,Sábado,No sentido decrescente da quilometragem,38.745493,-9.193505,Esquerda,Dentro das localidades,São Domingos de Benfica,Lisboa,Colisão,Colisão choque em cadeia,Recta,Em patamar,Berma pavimentada,Em plena via,Em bom estado,Outra via,Sentido único,Com marcas,Inexistentes,Outros,Inexistentes,Betuminoso,Fora da intersecção,Chuva,Em pleno dia,Molhado,0,0,1,Arruamento com separador,2ª Circular,0,,Avenida Eusébio da Silva Ferreira,Localização GPS,2019,11,2,9,Manhã,Outono,0,0,3,3,0,0,0,0,0,0,0,0,0,0,0,0,1,1,0,0,0,0,0,,0
2303,20191791453,2019-11-09 22:10:00,Sábado,NÃO DEFINIDO,38.717308,-9.143049,Esquerda,Dentro das localidades,Santo António,Lisboa,Atropelamento,Atropelamento de peões,Recta,Com inclinação,Sem berma ou impraticável,Em plena via,Em bom estado,Estrada sem separador,Dois sentidos,Com marcas,Inexistentes,Outros,A funcionar normalmente,Betuminoso,Em cruzamento,Bom tempo,Sol escandeante,Seco e limpo,0,0,1,Arruamento sem separador,Via Secundária,28,,Avenida Liberdade,Localização GPS,2019,11,9,22,Noite,Outono,0,0,3,1,0,1,0,0,0,0,0,0,0,0,0,0,0,1,0,0,0,0,1,29,5
2304,20191791458,2019-11-08 09:30:00,Sexta-Feira,NÃO DEFINIDO,38.745058,-9.185142,Direita,Dentro das localidades,São Domingos de Benfica,Lisboa,Atropelamento,Atropelamento de peões,Recta,Em patamar,Sem berma ou impraticável,Em plena via,Em estado regular,Estrada sem separador,Sentido único,Sem marcas rodoviárias ou pouco visíveis,Inexistentes,Outros,Inexistentes,Betuminoso,Fora da intersecção,Bom tempo,Em pleno dia,Seco e limpo,0,0,1,Arruamento sem separador,Via Secundária,114,,Rua Conde Almoster,Localização GPS,2019,11,8,9,Manhã,Outono,1,0,3,1,0,1,0,0,0,1,0,0,0,0,0,0,0,1,0,0,0,0,1,,4
2305,20191791557,2019-10-24 15:40:00,Quinta-Feira,NÃO DEFINIDO,38.699555,-9.224734,Direita,Dentro das localidades,Belém,Lisboa,Colisão,Colisão lateral com outro veículo em movimento,Recta,Com inclinação,Sem berma ou impraticável,Em plena via,Em estado regular,Estrada sem separador,Dois sentidos,Com marcas,Inexistentes,Outros,A funcionar normalmente,Betuminoso,Em cruzamento,Bom tempo,Em pleno dia,Seco e limpo,0,0,1,Arruamento sem separador,Via Secundária,0,,Avenida Dom Vasco da Gama,Localização GPS,2019,10,24,15,Tarde,Outono,1,0,3,2,1,0,0,0,0,0,0,0,0,0,0,0,0,1,0,0,0,0,0,,5
2306,20191791568,2019-11-14 18:00:00,Quinta-Feira,NÃO DEFINIDO,38.745746,-9.189821,Direita,Dentro das localidades,São Domingos de Benfica,Lisboa,Atropelamento,Atropelamento de peões,Recta,Com inclinação,Berma pavimentada,Em plena via,Em estado regular,Estrada sem separador,Dois sentidos,Com marcas,Inexistentes,Passagem de peões,Inexistentes,Betuminoso,Fora da intersecção,Chuva,"Noite, com iluminação",Molhado,0,0,1,Arruamento sem separador,Via Secundária,10,,Rua Tenente Coronel Ribeiro dos Reis,Localização GPS,2019,11,14,18,Noite,Outono,1,0,3,1,0,1,0,0,0,0,0,0,0,0,0,0,1,1,0,0,0,0,1,,3
2307,20191791571,2019-11-13 11:20:00,Quarta-Feira,NÃO DEFINIDO,38.743474,-9.147086,Esquerda,Dentro das localidades,Avenidas Novas,Lisboa,Atropelamento,Atropelamento de peões,Recta,Em patamar,NÃO DEFINIDO,Em plena via,Em estado regular,Outra via,Sentido único,Com marcas,Inexistentes,Outros,A funcionar normalmente,Betuminoso,Em cruzamento,Chuva,Em pleno dia,Molhado,0,0,2,Arruamento com separador,Via Secundária,58,,Avenida República,Localização GPS,2019,11,13,11,Manhã,Outono,1,0,6,1,0,1,0,0,0,0,0,0,0,0,0,0,0,0,0,1,0,0,1,,2
2308,20191791590,2019-11-13 10:30:00,Quarta-Feira,NÃO DEFINIDO,38.733301,-9.134272,Direita,Dentro das localidades,Areeiro,Lisboa,Atropelamento,Atropelamento de peões,Recta,Em patamar,Sem berma ou impraticável,Em plena via,Em estado regular,Estrada sem separador,Dois sentidos,Com marcas,Inexistentes,Outros,Inexistentes,Betuminoso,Fora da intersecção,Chuva,Em pleno dia,Húmido,0,0,1,Arruamento sem separador,Via Secundária,153,,Avenida Almirante Reis,Localização GPS,2019,11,13,10,Manhã,Outono,1,0,3,1,0,1,0,0,0,0,0,0,0,0,0,0,0,1,0,0,0,0,1,12,5
2309,20191791648,2019-11-10 23:40:00,Domingo,NÃO DEFINIDO,38.726213,-9.132941,Direita,Dentro das localidades,Arroios,Lisboa,Atropelamento,Atropelamento de peões,Recta,Com inclinação,Sem berma ou impraticável,Em plena via,Em bom estado,Estrada sem separador,Sentido único,Sem marcas rodoviárias ou pouco visíveis,Inexistentes,Outros,Inexistentes,Betuminoso,Em entroncamento,Chuva,"Noite, com iluminação",Molhado,0,0,1,Arruamento sem separador,Via Secundária,0,,Praça Novas Nações,Localização GPS,2019,11,10,23,Noite,Outono,0,0,3,1,0,1,0,0,0,0,0,0,0,0,0,0,0,1,0,0,0,0,1,15,3
2310,20191791733,2019-10-20 18:40:00,Domingo,NÃO DEFINIDO,38.721571,-9.163873,Direita,Dentro das localidades,Campo de Ourique,Lisboa,Colisão,Colisão choque em cadeia,Recta,Em patamar,Berma pavimentada,Em plena via,Em estado regular,Estrada sem separador,Dois sentidos,Com marcas,Inexistentes,NÃO DEFINIDO,A funcionar normalmente,Betuminoso,Em cruzamento,Bom tempo,Em pleno dia,Seco e limpo,0,0,1,Arruamento sem separador,Via Secundária,0,,Rua José Gomes Ferreira,Localização GPS,2019,10,20,18,Noite,Outono,0,0,3,3,0,0,0,0,0,0,0,0,0,0,0,0,0,1,0,0,0,0,0,,6
2311,20191791878,2019-10-02 21:00:00,Quarta-Feira,No sentido crescente da quilometragem,38.72247,-9.201136,Direita,Fora das localidades,Ajuda,Lisboa.,Colisão,Colisão traseira com outro veículo em movimento,Recta,Com inclinação,Berma pavimentada,Em plena via,Em bom estado,Auto-estrada,Sentido único,Com marcas,Inexistentes,NÃO DEFINIDO,Inexistentes,Betuminoso,Fora da intersecção,Bom tempo,"Noite, com iluminação",Seco e limpo,0,0,1,A  - Auto-Estrada,A5,,2.2,,Localização GPS,2019,10,2,21,Noite,Outono,1,0,3,3,0,0,0,0,0,1,0,0,0,0,0,0,0,1,0,1,0,0,0,58,0
2312,20191792008,2019-10-16 08:40:00,Quarta-Feira,No sentido decrescente da quilometragem,38.72499,-9.18545,Esquerda,Fora das localidades,Ajuda,Lisboa.,Colisão,Colisão lateral com outro veículo em movimento,Recta,Com inclinação,Sem berma ou impraticável,Em plena via,Em bom estado,Auto-estrada,Sentido único,Com marcas,Inexistentes,NÃO DEFINIDO,Inexistentes,Betuminoso,Fora da intersecção,Bom tempo,Em pleno dia,Seco e limpo,0,0,1,A  - Auto-Estrada,A5,,1.2,,Localização GPS,2019,10,16,8,Manhã,Outono,1,0,3,3,0,0,0,0,0,0,0,0,0,1,0,0,1,1,0,1,0,0,0,59,0
2313,20191792559,2019-11-03 07:55:00,Domingo,No sentido crescente da quilometragem,38.746771,-9.190535,Esquerda,Dentro das localidades,São Domingos de Benfica,Lisboa,Despiste,Despiste com dispositivo de retenção,Recta,Com inclinação,Sem berma ou impraticável,Em plena via,Em estado regular,Outra via,Sentido único,Sem marcas rodoviárias ou pouco visíveis,Inexistentes,Outros,Inexistentes,Betuminoso,Fora da intersecção,Chuva,Em pleno dia,Molhado,0,0,1,Arruamento com separador,2ª Circular,0,,Avenida Eusébio da Silva Ferreira,Localização GPS,2019,11,3,7,Manhã,Outono,0,0,3,1,0,0,0,0,0,0,0,0,0,0,0,0,0,1,0,0,0,0,0,,0
2314,20191792561,2019-11-14 17:00:00,Quinta-Feira,NÃO DEFINIDO,38.707964,-9.132361,Direita,Dentro das localidades,Santa Maria Maior,Lisboa,Atropelamento,Atropelamento de peões,Recta,Em patamar,Sem berma ou impraticável,Em plena via,Em bom estado,Estrada sem separador,Dois sentidos,Com marcas,Correctamente sinalizados,Outros,A funcionar normalmente,Betuminoso,Fora da intersecção,Chuva,Em pleno dia,Molhado,0,0,1,Arruamento sem separador,Via Secundária,0,,Avenida Infante Dom Henrique,Localização GPS,2019,11,14,17,Tarde,Outono,1,0,3,1,0,1,0,0,0,0,0,0,0,0,0,0,0,1,0,0,0,0,1,,5
2315,20191792568,2019-11-14 18:00:00,Quinta-Feira,NÃO DEFINIDO,38.724124,-9.146885,Central,Dentro das localidades,Santo António,,Colisão,Colisão com outras situações,Recta,Com inclinação,Sem berma ou impraticável,Em plena via,Em estado regular,Outra via,Sentido único,Com marcas,Inexistentes,Outros,A funcionar normalmente,Betuminoso,Em entroncamento,Chuva,"Noite, com iluminação",Molhado,0,0,1,Arruamento com separador,Via Secundária,6,,Rua Alexandre Herculano,Localização GPS,2019,11,14,18,Noite,Outono,1,0,3,3,0,0,0,0,0,0,0,0,1,0,0,0,0,1,0,0,0,0,0,,2
2316,20191792572,2019-11-15 18:55:00,Sexta-Feira,NÃO DEFINIDO,38.781558,-9.099334,Esquerda,Dentro das localidades,Parque das Nações,,Atropelamento,Atropelamento de peões,Recta,Em patamar,Berma pavimentada,Em plena via,Em estado regular,Outra via,Sentido único,Sem marcas rodoviárias ou pouco visíveis,Inexistentes,NÃO DEFINIDO,A funcionar normalmente,Betuminoso,Fora da intersecção,Bom tempo,"Noite, com iluminação",Húmido,0,0,1,Arruamento com separador,Via Secundária,0,,Avenida Dom João II,Localização GPS,2019,11,15,18,Noite,Outono,1,0,3,1,0,1,0,0,0,0,0,0,0,0,0,0,0,1,0,0,0,0,1,,2
2317,20191792576,2019-11-01 01:00:00,Sexta-Feira,NÃO DEFINIDO,38.733639,-9.134065,Direita,Dentro das localidades,Arroios,Lisboa,Colisão,Colisão lateral com outro veículo em movimento,Curva,Em patamar,Sem berma ou impraticável,Em plena via,Em mau estado,Estrada sem separador,Dois sentidos,Sem marcas rodoviárias ou pouco visíveis,Correctamente sinalizados,Outros,A funcionar normalmente,Betuminoso,Em entroncamento,Bom tempo,"Noite, com iluminação",Seco e limpo,0,0,1,Arruamento sem separador,Via Secundária,0,,Praça Chile,Localização GPS,2019,11,1,1,Madrugada,Outono,0,0,3,2,0,0,0,0,0,0,0,0,0,0,0,0,0,1,0,1,0,0,0,12,5
2318,20191792581,2019-10-31 22:15:00,Quinta-Feira,NÃO DEFINIDO,38.760308,-9.184769,Central,Dentro das localidades,Carnide,Lisboa,Colisão,Colisão frontal,Recta,Em patamar,Sem berma ou impraticável,Em plena via,Em estado regular,Estrada sem separador,Dois sentidos,Sem marcas rodoviárias ou pouco visíveis,Inexistentes,Outros,Inexistentes,Betuminoso,Fora da intersecção,Bom tempo,"Noite, com iluminação",Seco e limpo,0,0,1,Arruamento sem separador,Via Secundária,0,,Rua Fonte,Localização GPS,2019,10,31,22,Noite,Outono,1,0,3,2,0,0,0,0,0,0,0,0,0,0,0,0,0,1,0,1,0,0,0,,5