,IdAcidente,Datahora,Dia da Semana,Sentidos,Latitude GPS,Longitude GPS,Via Trânsito,Localizações,Freguesia,Pov. Proxima,Tipo Natureza,Natureza,Tipo de Traçado,Inclinação do Traçado,Berma do Traçado,Localização do Traçado,Estado Conservação,Características Tecnicas,Reg Circulação,Marca Via,Obstáculos,Sinais,Sinais Luminosos,Tipo Piso,Intersecção Vias,Factores Atmosféricos,Luminosidade,Cond Aderência,VM,FG,FL,Tipos Vias,Via,Num arruamento,Km,Nome arruamento,Localização 2,Ano,Mês,Dia,Hora,Periodo,Estação,Dia Util,Gravidade,Indicador de Gravidade,Veículos envolvidos,Passageiros envolvidos,Peões envolvidos,Inf/Ação: Abertura de porta,Inf/Ação: Desrespeito da sinalização semafórica,Inf/Ação: Desrespeito da sinalização vertical,Inf/Ação: Desrespeito das distâncias de segurança,Inf/Ação: Desrespeito das marcas rodoviárias,Inf/Ação: Encandeamento,Inf/Ação: Manobra irregular,Inf/Ação: Não sinalização da manobra,Inf/Ação: Obstáculo imprevisto na faixa de rodagem,Inf/Ação: Rebentamento de pneumático,Inf/Ação: Velocidade excessiva para as condições existentes,Automóvel ligeiro,Automóvel pesado,Motociclos/Ciclomotores,Outros Veículos,Velocípedes,Peões,Numero Black Spot,Grupo Kmodes
2360,20191793664,2019-11-14 10:15:00,Quinta-Feira,No sentido crescente da quilometragem,38.732127,-9.164677,Direita,Dentro das localidades,Campolide,,Colisão,Colisão com veiculo ou obstáculo na faixa de rodagem,Recta,Em patamar,Berma pavimentada,Em plena via,Em estado regular,Outra via,Sentido único,Com marcas,Inexistentes,Outros,Inexistentes,Betuminoso,Fora da intersecção,Bom tempo,Em pleno dia,Seco e limpo,0,0,1,IP - Itinerário Principal,IP7,,8.8,,Localização GPS,2019,11,14,10,Manhã,Outono,1,0,3,2,0,0,0,0,0,0,0,0,0,0,0,0,0,1,0,0,0,0,0,,4
2361,20191793694,2019-11-14 13:40:00,Quinta-Feira,No sentido decrescente da quilometragem,38.7815,-9.120051,Direita,Dentro das localidades,Santa Maria dos Olivais,Lisboa,Despiste,Despiste com colisão com veículo imobil. ou obstáculo,Curva,Com inclinação,Sem berma ou impraticável,Em plena via,Em mau estado,Outra via,Sentido único,Sem marcas rodoviárias ou pouco visíveis,Inexistentes,Outros,A funcionar normalmente,Betuminoso,Em entroncamento,Chuva,Em pleno dia,Molhado,0,0,1,Arruamento com separador,Via Secundária,0,,Avenida dos Ralis,Localização GPS,2019,11,14,13,Tarde,Outono,1,0,3,1,0,0,0,0,0,0,0,0,0,0,0,0,0,1,0,0,0,0,0,,7
2362,20191793696,2019-11-14 09:45:00,Quinta-Feira,No sentido crescente da quilometragem,38.745639,-9.160761,Direita,Dentro das localidades,Alvalade,Lisboa,Despiste,Despiste sem dispositivo de retenção,Recta,Com inclinação,Sem berma ou impraticável,Em plena via,Em estado regular,Outra via,Sentido único,Sem marcas rodoviárias ou pouco visíveis,Inexistentes,Outros,Inexistentes,Betuminoso,Fora da intersecção,Chuva,Em pleno dia,Molhado,0,0,1,Arruamento com separador,Via Secundária,0,,Avenida Forças Armadas,Localização GPS,2019,11,14,9,Manhã,Outono,1,0,3,1,0,0,0,0,0,0,0,0,0,0,0,0,0,0,0,1,0,0,0,,0
2363,20191793707,2019-11-15 19:50:00,Sexta-Feira,No sentido crescente da quilometragem,38.718456,-9.144051,Central,Dentro das localidades,Santo António,Lisboa,Colisão,Colisão lateral com outro veículo em movimento,Curva,Com inclinação,Berma pavimentada,Em plena via,Em estado regular,Outra via,Dois sentidos,Sem marcas rodoviárias ou pouco visíveis,Inexistentes,Outros,A funcionar normalmente,Betuminoso,Em entroncamento,Chuva,"Noite, com iluminação",Molhado,0,0,1,Arruamento com separador,Via Secundária,0,,Avenida Liberdade,Localização GPS,2019,11,15,19,Noite,Outono,1,0,3,2,0,0,0,0,0,0,0,0,0,0,0,0,0,1,0,1,0,0,0,29,3
2364,20191793729,2019-11-20 17:00:00,Quarta-Feira,No sentido decrescente da quilometragem,38.74667,-9.163019,Esquerda,Dentro das localidades,São Domingos de Benfica,,Colisão,Colisão lateral com outro veículo em movimento,Curva,Em patamar,Berma pavimentada,Em plena via,Em bom estado,Outra via,Sentido único,Com marcas,Inexistentes,NÃO DEFINIDO,A funcionar normalmente,Betuminoso,Fora da intersecção,Bom tempo,Em pleno dia,Seco e limpo,0,0,1,Arruamento com separador,Via Secundária,0,,Avenida Combatentes,Localização GPS,2019,11,20,17,Tarde,Outono,1,0,3,1,0,0,0,0,0,0,0,0,0,0,0,0,0,0,0,1,0,0,0,,2
2365,20191793906,2019-11-16 09:25:00,Sábado,NÃO DEFINIDO,38.717873,-9.12596,Direita,Dentro das localidades,São Vicente,,Colisão,Colisão frontal,Recta,Com inclinação,Sem berma ou impraticável,Em plena via,Em bom estado,Estrada sem separador,Dois sentidos,Com marcas,Inexistentes,Outros,Inexistentes,Betuminoso,Em via de aceleração,Bom tempo,Em pleno dia,Seco e limpo,0,0,2,Arruamento sem separador,Via Secundária,49,,Rua Leite de Vasconcelos,Localização GPS,2019,11,16,9,Manhã,Outono,0,0,6,3,1,0,0,0,0,0,0,0,0,0,0,0,0,1,0,0,0,0,0,,5
2366,20191793923,2019-11-22 08:15:00,Sexta-Feira,NÃO DEFINIDO,38.748238,-9.180426,Direita,Dentro das localidades,São Domingos de Benfica,,Atropelamento,Atropelamento de peões,Recta,Em patamar,Berma pavimentada,Em plena via,Em estado regular,Estrada sem separador,Dois sentidos,Com marcas,Inexistentes,NÃO DEFINIDO,A funcionar normalmente,Betuminoso,Em cruzamento,Chuva,Em pleno dia,Molhado,0,0,1,Arruamento sem separador,Via Secundária,0,,Rua Major Neutel de Abreu,Localização GPS,2019,11,22,8,Manhã,Outono,1,0,3,1,0,1,0,0,0,1,0,0,0,0,0,0,0,1,0,0,0,0,1,,6
2367,20191793930,2019-11-22 13:00:00,Sexta-Feira,NÃO DEFINIDO,38.743334,-9.132634,Direita,Dentro das localidades,Areeiro,,Atropelamento,Atropelamento de peões,Recta,Em patamar,Berma pavimentada,Em plena via,Em estado regular,Estrada sem separador,Sentido único,Com marcas,Inexistentes,NÃO DEFINIDO,Inexistentes,Betuminoso,Fora da intersecção,Bom tempo,Em pleno dia,Seco e limpo,0,0,2,Arruamento sem separador,Via Secundária,6,,Avenida Almirante Gago Coutinho,Localização GPS,2019,11,22,13,Tarde,Outono,1,0,6,1,0,2,0,0,0,0,0,0,0,0,0,0,0,1,0,0,0,0,1,65,4
2368,20191793998,2019-11-15 15:40:00,Sexta-Feira,No sentido decrescente da quilometragem,38.757237,-9.168099,Esquerda,Dentro das localidades,Alvalade,,Colisão,Colisão com outras situações,Recta,Em patamar,Sem berma ou impraticável,Em plena via,Em bom estado,Outra via,Sentido único,Com marcas,Inexistentes,Outros,Inexistentes,Betuminoso,Em via de aceleração,Bom tempo,Em pleno dia,Seco e limpo,0,0,1,Arruamento com separador,2ª Circular,0.00,,Avenida General Norton de Matos,Localização GPS,2019,11,15,15,Tarde,Outono,1,0,3,4,0,0,0,0,0,0,0,0,0,0,0,0,0,1,0,1,0,0,0,,0
2369,20191794021,2019-11-18 19:40:00,Segunda-Feira,NÃO DEFINIDO,38.734633,-9.153165,Direita,Dentro das localidades,Campolide,,Colisão,Colisão com fuga,Recta,Com inclinação,Berma pavimentada,Em plena via,Em bom estado,Estrada sem separador,Sentido único,Com marcas,Inexistentes,Outros,Desligada,Betuminoso,Fora da intersecção,Bom tempo,"Noite, com iluminação",Seco e limpo,0,0,1,Arruamento sem separador,Via Secundária,1,,Rua Marquês Fronteira,Localização GPS,2019,11,18,19,Noite,Outono,1,0,3,2,0,0,0,0,0,0,0,0,0,0,0,0,0,1,0,0,0,1,0,37,0
2370,20191794028,2019-11-16 18:25:00,Sábado,NÃO DEFINIDO,38.745812,-9.18207,Direita,Dentro das localidades,São Domingos de Benfica,Lisboa,Colisão,Colisão lateral com outro veículo em movimento,Recta,Em patamar,Berma pavimentada,Em plena via,Em bom estado,Estrada sem separador,Dois sentidos,Com marcas,Inexistentes,NÃO DEFINIDO,A funcionar normalmente,Betuminoso,Em entroncamento,Bom tempo,"Noite, com iluminação",Seco e limpo,0,0,1,Arruamento sem separador,Via Secundária,0,,Largo Conde Bonfim,Localização GPS,2019,11,16,18,Noite,Outono,0,0,3,2,0,0,0,0,0,0,0,0,0,0,0,0,0,1,0,0,0,1,0,,6
2371,20191794058,2019-10-28 10:40:00,Segunda-Feira,NÃO DEFINIDO,38.74664,-9.15641,Direita,Dentro das localidades,Avenidas Novas,Lisboa,Atropelamento,Atropelamento de peões,Recta,Em patamar,Sem berma ou impraticável,Em plena via,Em estado regular,Estrada sem separador,Sentido único,Com marcas,Inexistentes,Passagem de peões,Inexistentes,Betuminoso,Fora da intersecção,Chuva,Em pleno dia,Molhado,0,0,1,Arruamento sem separador,Via Secundária,46,,Avenida Álvaro Pais,Localização GPS,2019,10,28,10,Manhã,Outono,1,0,3,1,0,1,0,0,0,0,0,0,0,0,0,0,0,1,0,0,0,0,1,,4
2372,20191794059,2019-10-23 21:20:00,Quarta-Feira,NÃO DEFINIDO,38.711574,-9.164002,Direita,Dentro das localidades,Estrela,,Colisão,Colisão frontal,Recta,Em patamar,Berma pavimentada,Em plena via,Em estado regular,Estrada sem separador,Dois sentidos,Com marcas,Inexistentes,Outros,A funcionar normalmente,Betuminoso,Em cruzamento,Bom tempo,"Noite, com iluminação",Seco e limpo,0,0,1,Arruamento sem separador,Via Secundária,0,,Avenida Infante Santo,Localização GPS,2019,10,23,21,Noite,Outono,1,0,3,2,0,0,0,0,0,0,0,0,0,0,0,0,0,1,0,1,0,0,0,,6
2373,20191794060,2019-10-26 17:10:00,Sábado,No sentido decrescente da quilometragem,38.7437,-9.132348,Esquerda,Dentro das localidades,Areeiro,,Colisão,Colisão lateral com outro veículo em movimento,Recta,Com inclinação,Sem berma ou impraticável,Em plena via,Em estado regular,Outra via,Sentido único,Com marcas,Inexistentes,Stop,A funcionar normalmente,Betuminoso,Em entroncamento,Bom tempo,Em pleno dia,Seco e limpo,0,0,2,Arruamento com separador,Via Secundária,4,,Avenida Almirante Gago Coutinho,Localização GPS,2019,10,26,17,Tarde,Outono,0,0,6,2,0,0,0,0,1,0,0,0,0,0,0,0,0,1,0,0,0,0,0,65,2
2374,20191794061,2019-10-22 19:45:00,Terça-Feira,NÃO DEFINIDO,38.757473,-9.103285,Direita,Dentro das localidades,Santa Maria dos Olivais,Lisboa,Colisão,Colisão com outras situações,Curva,Com inclinação,Sem berma ou impraticável,Em plena via,Em bom estado,Estrada sem separador,Dois sentidos,Com marcas,Inexistentes,Outros,Inexistentes,Betuminoso,Em entroncamento,Bom tempo,"Noite, com iluminação",Seco e limpo,0,0,1,Arruamento sem separador,Via Secundária,0,,Avenida Infante Dom Henrique,Localização GPS,2019,10,22,19,Noite,Outono,1,0,3,2,0,0,0,0,0,0,0,0,1,0,0,0,0,1,0,0,0,1,0,,5
2375,20191794062,2019-10-21 09:10:00,Segunda-Feira,NÃO DEFINIDO,38.776725,-9.163135,Direita,Dentro das localidades,Lumiar,Lisboa,Atropelamento,Atropelamento de peões,Recta,Em patamar,Sem berma ou impraticável,Em plena via,NÃO DEFINIDO,Estrada sem separador,Dois sentidos,NÃO DEFINIDO,Inexistentes,NÃO DEFINIDO,Inexistentes,NÃO DEFINIDO,Fora da intersecção,NÃO DEFINIDO,Em pleno dia,NÃO DEFINIDO,0,0,1,Arruamento sem separador,Via Secundária,0,,Rua Alexandre Ferreira,Localização GPS,2019,10,21,9,Manhã,Outono,1,0,3,1,0,1,0,0,0,0,0,0,0,0,0,0,0,1,0,0,0,0,1,,5
2376,20191794063,2019-10-10 07:15:00,Quinta-Feira,NÃO DEFINIDO,38.707511,-9.133317,Direita,Dentro das localidades,Santa Maria Maior,Lisboa,Atropelamento,Atropelamento de peões,Recta,Em patamar,Berma pavimentada,Em plena via,Em estado regular,Estrada sem separador,Dois sentidos,Com marcas,Inexistentes,Passagem de peões,A funcionar normalmente,Calçada,Fora da intersecção,Bom tempo,Em pleno dia,Seco e limpo,0,0,1,Arruamento sem separador,Via Secundária,1,,Avenida Infante Dom Henrique,Localização GPS,2019,10,10,7,Manhã,Outono,1,0,3,1,0,1,0,0,0,0,0,0,0,0,0,0,0,0,0,1,0,0,1,14,6
2377,20191794066,2019-09-26 17:52:00,Quinta-Feira,NÃO DEFINIDO,38.7049448,-9.1994641,Direita,Dentro das localidades,Ajuda,Lisboa,Atropelamento,Atropelamento de peões,Recta,Com inclinação,Berma pavimentada,Em plena via,Em estado regular,Estrada sem separador,Dois sentidos,Com marcas,Inexistentes,Passagem de peões,Inexistentes,Calçada,Fora da intersecção,Bom tempo,Em pleno dia,Seco e limpo,0,0,1,Arruamento sem separador,Via Secundária,195,,Calçada Ajuda,Sem GPS - estimado,2019,9,26,17,Tarde,Outono,1,0,3,1,0,1,0,0,0,0,0,0,1,0,0,0,0,1,0,0,0,0,1,,5
2378,20191794067,2019-09-30 19:20:00,Segunda-Feira,NÃO DEFINIDO,,,Direita,Dentro das localidades,Marvila,Lisboa,Colisão,Colisão lateral com outro veículo em movimento,Curva,Em patamar,Berma pavimentada,Em plena via,Em bom estado,Outra via,Dois sentidos,Com marcas,Inexistentes,Cedência de passagem,Inexistentes,Betuminoso,Em entroncamento,Bom tempo,Aurora ou crepúsculo,Seco e limpo,0,0,1,Arruamento com separador,Via Secundária,0,,Rua Dinah Silveira de Queiroz,Sem GPS - não estimado,2019,9,30,19,Noite,Outono,1,0,3,2,0,0,0,0,1,0,0,0,0,0,0,0,0,1,0,0,0,0,0,,0
2379,20191794070,2019-09-27 06:20:00,Sexta-Feira,No sentido decrescente da quilometragem,,,Direita,Dentro das localidades,Alvalade,,Colisão,Colisão lateral com outro veículo em movimento,Recta,Em patamar,Berma pavimentada,Em plena via,Em estado regular,Outra via,Sentido único,Com marcas,Inexistentes,Outros,A funcionar normalmente,Betuminoso,Em cruzamento,Bom tempo,"Noite, com iluminação",Seco e limpo,0,0,1,Arruamento com separador,Via Secundária,0,,Avenida Estados Unidos da América,Sem GPS - não estimado,2019,9,27,6,Manhã,Outono,1,0,3,2,0,0,0,0,0,0,0,0,0,0,0,0,0,1,0,0,0,0,0,,2
2380,20191794071,2019-09-22 18:00:00,Domingo,NÃO DEFINIDO,,,Direita,Dentro das localidades,Santa Maria dos Olivais,,Colisão,Colisão lateral com outro veículo em movimento,Recta,Em patamar,Berma pavimentada,Em plena via,Em estado regular,Estrada sem separador,Dois sentidos,Com marcas,Inexistentes,Outros,Inexistentes,Betuminoso,Fora da intersecção,Bom tempo,Em pleno dia,Seco e limpo,0,0,2,Arruamento sem separador,Via Secundária,0,,Rua Cidade da Praia,Sem GPS - não estimado,2019,9,22,18,Noite,Verão,0,0,6,2,1,0,0,0,0,0,0,0,0,0,0,0,0,1,0,1,0,0,0,,6
2381,20191794075,2019-08-23 18:30:00,Sexta-Feira,No sentido crescente da quilometragem,38.7251235,-9.1535858,Central,Dentro das localidades,Santo António,,Despiste,Despiste com colisão com veículo imobil. ou obstáculo,Recta,Em patamar,Berma pavimentada,Em plena via,Em bom estado,Outra via,Sentido único,Com marcas,Correctamente sinalizados,Outros,A funcionar normalmente,Betuminoso,Fora da intersecção,Bom tempo,Em pleno dia,Seco e limpo,0,0,1,Arruamento com separador,Via Secundária,33,,Rua Joaquim António de Aguiar,Sem GPS - estimado,2019,8,23,18,Noite,Verão,1,0,3,1,0,0,0,0,0,0,0,0,0,0,0,0,0,1,0,0,0,0,0,,2
2382,20191794076,2019-09-04 15:40:00,Quarta-Feira,NÃO DEFINIDO,,,Esquerda,Dentro das localidades,Campolide,Lisboa,Despiste,Despiste sem dispositivo de retenção,Curva,Em patamar,Sem berma ou impraticável,Em plena via,Em bom estado,Outra via,Sentido único,Com marcas,Inexistentes,Outros,Inexistentes,Betuminoso,Fora da intersecção,Bom tempo,Em pleno dia,Seco e limpo,0,1,0,Arruamento com separador,Via Secundária,0,,Avenida Ceuta,Sem GPS - não estimado,2019,9,4,15,Tarde,Verão,1,1,10,1,0,0,0,0,0,0,0,0,0,0,0,0,0,0,0,1,0,0,0,,0
2383,20191794077,2019-09-02 09:45:00,Segunda-Feira,NÃO DEFINIDO,38.7123019,-9.1629442,Direita,Dentro das localidades,Estrela,,Colisão,Colisão com veiculo ou obstáculo na faixa de rodagem,Recta,Em patamar,Sem berma ou impraticável,Em plena via,Em mau estado,Estrada sem separador,Dois sentidos,Com marcas,Inexistentes,Outros,A funcionar normalmente,Betuminoso,Em via de aceleração,Bom tempo,Em pleno dia,Seco e limpo,0,0,1,Arruamento sem separador,Via Secundária,372,,Avenida Infante Santo,Sem GPS - estimado,2019,9,2,9,Manhã,Verão,1,0,3,2,0,0,0,0,0,0,0,0,0,0,0,0,0,1,0,1,0,0,0,,5
2384,20191794079,2019-08-24 16:30:00,Sábado,NÃO DEFINIDO,38.719596,-9.135793,Direita,Dentro das localidades,Arroios,,Atropelamento,Atropelamento de peões,Recta,Em patamar,Berma pavimentada,Em plena via,Em estado regular,Outra via,Sentido único,Com marcas,Inexistentes,NÃO DEFINIDO,A funcionar normalmente,Betuminoso,Em cruzamento,Bom tempo,Em pleno dia,Seco e limpo,0,0,1,Arruamento com separador,Via Secundária,277,,Rua Palma,Sem GPS - estimado,2019,8,24,16,Tarde,Verão,0,0,3,1,0,1,0,0,0,0,0,0,0,0,0,0,0,1,0,0,0,0,1,,2
2385,20191794082,2019-08-20 21:45:00,Terça-Feira,NÃO DEFINIDO,38.706106,-9.143195,Direita,Dentro das localidades,Misericórdia,,Atropelamento,Atropelamento de peões,Recta,Em patamar,Berma pavimentada,Em plena via,Em estado regular,Estrada sem separador,Dois sentidos,Sem marcas rodoviárias ou pouco visíveis,Inexistentes,NÃO DEFINIDO,Inexistentes,Betuminoso,Fora da intersecção,Bom tempo,"Noite, sem iluminação",Seco e limpo,0,0,1,Arruamento sem separador,Via Secundária,0,,Praça Duque Terceira,Localização GPS,2019,8,20,21,Noite,Verão,1,0,3,1,0,1,0,0,0,0,0,0,0,0,0,0,0,1,0,0,0,0,1,10,6
2386,20191794084,2019-08-08 20:00:00,Quinta-Feira,NÃO DEFINIDO,,,Direita,Dentro das localidades,Estrela,,Despiste,Despiste sem dispositivo de retenção,Recta,Em patamar,Berma pavimentada,Em plena via,Em bom estado,Estrada sem separador,Sentido único,Sem marcas rodoviárias ou pouco visíveis,Inexistentes,Outros,Inexistentes,Betuminoso,Em cruzamento,Bom tempo,Aurora ou crepúsculo,Seco e limpo,0,0,1,Arruamento sem separador,Via Secundária,0,,Rua São Bento,Sem GPS - não estimado,2019,8,8,20,Noite,Verão,1,0,3,1,0,0,0,0,0,0,0,0,0,0,0,0,0,0,0,1,0,0,0,,4
2387,20191794087,2019-08-08 21:55:00,Quinta-Feira,NÃO DEFINIDO,,,Direita,Dentro das localidades,Campo de Ourique,,Colisão,Colisão lateral com outro veículo em movimento,Recta,Em patamar,Sem berma ou impraticável,Em plena via,Em estado regular,Estrada sem separador,Sentido único,Sem marcas rodoviárias ou pouco visíveis,Inexistentes,Outros,Inexistentes,Betuminoso,Em cruzamento,Chuva,"Noite, com iluminação",Húmido,0,0,1,Arruamento sem separador,Via Secundária,0,,Rua Tomás da Anunciação,Sem GPS - não estimado,2019,8,8,21,Noite,Verão,1,0,3,3,0,0,0,0,0,0,0,0,0,0,0,0,0,1,0,1,0,0,0,,4
2388,20191794089,2019-08-04 14:35:00,Domingo,NÃO DEFINIDO,38.7641882,-9.1578711,Direita,Dentro das localidades,Lumiar,Lisboa,Atropelamento,Atropelamento de peões,Recta,Em patamar,Sem berma ou impraticável,Em plena via,Em estado regular,Estrada sem separador,Sentido único,Sem marcas rodoviárias ou pouco visíveis,Inexistentes,NÃO DEFINIDO,Inexistentes,Betuminoso,Fora da intersecção,Bom tempo,Em pleno dia,Seco e limpo,0,0,1,Arruamento sem separador,Via Secundária,10,,Rua António Stromp,Sem GPS - estimado,2019,8,4,14,Tarde,Verão,0,0,3,1,0,1,0,0,0,0,0,0,0,0,0,0,0,1,0,0,0,0,1,,4
2389,20191794091,2019-07-29 17:25:00,Segunda-Feira,NÃO DEFINIDO,,,Central,Dentro das localidades,Santa Maria dos Olivais,,Colisão,Colisão choque em cadeia,Recta,Com inclinação,Berma pavimentada,Em plena via,Em estado regular,Outra via,Sentido único,Com marcas,Inexistentes,Outros,Inexistentes,Betuminoso,Fora da intersecção,Bom tempo,Em pleno dia,Seco e limpo,0,0,1,Arruamento com separador,Via Secundária,0,,Avenida Infante Dom Henrique,Sem GPS - não estimado,2019,7,29,17,Tarde,Verão,1,0,3,4,0,0,0,0,0,0,0,0,0,0,0,0,0,1,0,0,0,0,0,,0
2390,20191794092,2019-07-23 16:00:00,Terça-Feira,NÃO DEFINIDO,38.7385382,-9.1251445,Esquerda,Dentro das localidades,Areeiro,,Colisão,Colisão traseira com outro veículo em movimento,Recta,Com inclinação,Sem berma ou impraticável,Em plena via,Em estado regular,Outra via,Sentido único,Com marcas,Inexistentes,Outros,Inexistentes,Betuminoso,Fora da intersecção,Bom tempo,Em pleno dia,Seco e limpo,0,0,2,Arruamento com separador,Via Secundária,2,,Avenida Engenheiro Arantes e Oliveira,Sem GPS - estimado,2019,7,23,16,Tarde,Verão,1,0,6,2,1,0,0,0,0,0,0,0,0,0,0,0,0,1,0,1,0,0,0,43,0
2391,20191794094,2019-07-16 23:30:00,Terça-Feira,NÃO DEFINIDO,38.7221029,-9.1479894,Esquerda,Dentro das localidades,Santo António,,Colisão,Colisão traseira com outro veículo em movimento,Recta,Com inclinação,Sem berma ou impraticável,Em plena via,Em estado regular,Estrada sem separador,Dois sentidos,Com marcas,Inexistentes,Outros,A funcionar normalmente,Betuminoso,Fora da intersecção,Bom tempo,"Noite, com iluminação",Seco e limpo,0,0,1,Arruamento sem separador,Via Secundária,203,,Avenida Liberdade,Sem GPS - estimado,2019,7,16,23,Noite,Verão,1,0,3,2,0,0,0,0,0,0,0,0,0,0,0,0,0,1,0,0,0,0,0,13,5
2392,20191794095,2019-07-14 04:00:00,Domingo,No sentido decrescente da quilometragem,,,Central,Dentro das localidades,Alvalade,Lisboa,Colisão,Colisão com outras situações,Recta,Em patamar,Berma não pavimentada,Em plena via,Em estado regular,Outra via,Sentido único,Com marcas,Inexistentes,Outros,Inexistentes,Betuminoso,Fora da intersecção,Bom tempo,"Noite, com iluminação",Seco e limpo,0,0,3,Arruamento com separador,2ª Circular,0,,Avenida Marechal Craveiro Lopes,Sem GPS - não estimado,2019,7,14,4,Madrugada,Verão,0,0,9,3,2,0,0,0,0,0,0,0,0,0,0,0,0,1,0,0,0,0,0,,2
2393,20191794103,2019-07-05 11:45:00,Sexta-Feira,NÃO DEFINIDO,,,Esquerda,Dentro das localidades,Avenidas Novas,Lisboa,Colisão,Colisão lateral com outro veículo em movimento,Recta,Em patamar,Berma pavimentada,Em plena via,Em estado regular,Estrada sem separador,Sentido único,Com marcas,Inexistentes,NÃO DEFINIDO,A funcionar normalmente,Betuminoso,Fora da intersecção,Bom tempo,Em pleno dia,Seco e limpo,0,0,1,Arruamento sem separador,Via Secundária,0,,Praça Espanha,Sem GPS - não estimado,2019,7,5,11,Manhã,Verão,1,0,3,2,0,0,0,0,0,0,0,0,1,0,0,0,0,1,0,0,0,0,0,,2
2394,20191794106,2019-06-30 01:30:00,Domingo,NÃO DEFINIDO,38.7032723,-9.1862832,Direita,Dentro das localidades,Alcântara,Lisboa,Atropelamento,Atropelamento de peões,Recta,Com inclinação,Sem berma ou impraticável,Em plena via,Em bom estado,Estrada sem separador,Dois sentidos,Sem marcas rodoviárias ou pouco visíveis,Inexistentes,Outros,Inexistentes,Betuminoso,Fora da intersecção,Bom tempo,"Noite, com iluminação",Seco e limpo,0,0,1,Arruamento sem separador,Via Secundária,47,,Rua Jau,Sem GPS - estimado,2019,6,30,1,Madrugada,Verão,0,0,3,1,0,1,0,0,0,0,0,0,0,0,0,0,0,1,0,0,0,0,1,,5
2395,20191794112,2019-06-04 18:40:00,Terça-Feira,NÃO DEFINIDO,,,Direita,Dentro das localidades,Belém,,Colisão,Colisão traseira com outro veículo em movimento,Recta,Em patamar,Berma pavimentada,Em plena via,Em estado regular,Outra via,Sentido único,Com marcas,Inexistentes,Cedência de passagem,A funcionar normalmente,Betuminoso,Em entroncamento,Bom tempo,Em pleno dia,Seco e limpo,0,0,1,Arruamento com separador,Via Secundária,0,,Avenida Descobertas,Sem GPS - não estimado,2019,6,4,18,Noite,Primavera,1,0,3,2,1,0,0,0,0,0,0,0,0,0,0,0,0,1,0,0,0,0,0,,2
2396,20191794113,2019-06-23 21:05:00,Domingo,No sentido decrescente da quilometragem,38.726766,-9.149011,Direita,Dentro das localidades,Santo António,Lisboa,Atropelamento,Atropelamento com fuga,Recta,Com inclinação,Sem berma ou impraticável,No passeio,Em estado regular,Outra via,Dois sentidos,Com marcas,Inexistentes,Outros,A funcionar normalmente,Betuminoso,Fora da intersecção,Bom tempo,"Noite, com iluminação",Seco e limpo,0,0,1,Arruamento com separador,Via Secundária,7,,Avenida Fontes Pereira de Melo,Localização GPS,2019,6,23,21,Noite,Verão,0,0,3,1,0,1,0,0,0,0,0,0,0,0,0,0,0,0,1,0,0,0,1,,5
2397,20191794114,2019-06-21 16:30:00,Sexta-Feira,No sentido crescente da quilometragem,38.7389130999999,-9.14366719999999,Direita,Dentro das localidades,Avenidas Novas,Lisboa,Atropelamento,Atropelamento de peões,Recta,Em patamar,Sem berma ou impraticável,Em plena via,Em bom estado,Outra via,Sentido único,Com marcas,Inexistentes,Outros,Inexistentes,Betuminoso,Fora da intersecção,Bom tempo,Em pleno dia,Seco e limpo,0,0,1,Arruamento com separador,Via Secundária,12,,Avenida Visconde Valmor,Sem GPS - estimado,2019,6,21,16,Tarde,Verão,1,0,3,1,0,1,0,0,0,0,0,0,0,0,0,0,0,1,0,0,0,0,1,7,0
2398,20191794118,2019-06-15 11:55:00,Sábado,NÃO DEFINIDO,,,Direita,Dentro das localidades,Estrela,Lisboa,Despiste,Despiste sem dispositivo de retenção,Recta,Em patamar,Sem berma ou impraticável,Em via ou pista reservada,Em estado regular,Estrada sem separador,Dois sentidos,Sem marcas rodoviárias ou pouco visíveis,Inexistentes,Outros,Inexistentes,Betuminoso,Fora da intersecção,Bom tempo,Em pleno dia,Seco e limpo,0,0,1,Arruamento sem separador,Via Secundária,0,,Rua Cintura do Porto de Lisboa,Sem GPS - não estimado,2019,6,15,11,Manhã,Primavera,0,0,3,1,0,0,0,0,0,0,0,0,0,0,0,0,0,0,0,0,0,1,0,,5
2399,20191794128,2019-06-03 10:45:00,Segunda-Feira,NÃO DEFINIDO,38.7271215999999,-9.1553795,Esquerda,Dentro das localidades,Santo António,Lisboa,Atropelamento,Atropelamento de peões,Recta,Com inclinação,Berma pavimentada,Em plena via,Em bom estado,Estrada sem separador,Dois sentidos,Com marcas,Inexistentes,Outros,Inexistentes,Betuminoso,Em entroncamento,Bom tempo,Em pleno dia,Seco e limpo,0,0,1,Arruamento sem separador,Via Secundária,161,,Rua Castilho,Sem GPS - estimado,2019,6,3,10,Manhã,Primavera,1,0,3,1,0,1,0,0,0,0,0,0,0,0,0,0,0,1,0,0,0,0,1,31,0