,IdAcidente,Datahora,Dia da Semana,Sentidos,Latitude GPS,Longitude GPS,Via Trânsito,Localizações,Freguesia,Pov. Proxima,Tipo Natureza,Natureza,Tipo de Traçado,Inclinação do Traçado,Berma do Traçado,Localização do Traçado,Estado Conservação,Características Tecnicas,Reg Circulação,Marca Via,Obstáculos,Sinais,Sinais Luminosos,Tipo Piso,Intersecção Vias,Factores Atmosféricos,Luminosidade,Cond Aderência,VM,FG,FL,Tipos Vias,Via,Num arruamento,Km,Nome arruamento,Localização 2,Ano,Mês,Dia,Hora,Periodo,Estação,Dia Util,Gravidade,Indicador de Gravidade,Veículos envolvidos,Passageiros envolvidos,Peões envolvidos,Inf/Ação: Abertura de porta,Inf/Ação: Desrespeito da sinalização semafórica,Inf/Ação: Desrespeito da sinalização vertical,Inf/Ação: Desrespeito das distâncias de segurança,Inf/Ação: Desrespeito das marcas rodoviárias,Inf/Ação: Encandeamento,Inf/Ação: Manobra irregular,Inf/Ação: Não sinalização da manobra,Inf/Ação: Obstáculo imprevisto na faixa de rodagem,Inf/Ação: Rebentamento de pneumático,Inf/Ação: Velocidade excessiva para as condições existentes,Automóvel ligeiro,Automóvel pesado,Motociclos/Ciclomotores,Outros Veículos,Velocípedes,Peões,Numero Black Spot,Grupo Kmodes
2441,20191795945,2019-11-25 19:45:00,Segunda-Feira,NÃO DEFINIDO,38.704604,-9.176391,Direita,Dentro das localidades,Alcântara,Lisboa,Atropelamento,Atropelamento de peões,Recta,Em patamar,Berma pavimentada,Em plena via,Em bom estado,Estrada sem separador,Dois sentidos,Com marcas,Inexistentes,Passagem de peões,Inexistentes,Betuminoso,Fora da intersecção,Chuva,"Noite, com iluminação",Molhado,0,0,1,Arruamento sem separador,Via Secundária,79,,Rua Fradesso da Silveira,Localização GPS,2019,11,25,19,Noite,Outono,1,0,3,1,0,1,0,0,0,0,0,0,0,0,0,0,0,1,0,0,0,0,1,,3
2442,20191795968,2019-11-25 08:00:00,Segunda-Feira,No sentido decrescente da quilometragem,38.743468,-9.140614,Direita,Dentro das localidades,Areeiro,Lisboa,Colisão,Colisão lateral com outro veículo em movimento,Recta,Em patamar,Sem berma ou impraticável,Em plena via,Em bom estado,Outra via,Sentido único,Sem marcas rodoviárias ou pouco visíveis,Inexistentes,Cedência de passagem,Inexistentes,Betuminoso,Em cruzamento,Bom tempo,Em pleno dia,Seco e limpo,0,0,1,Arruamento com separador,Via Secundária,51,,Avenida Óscar Monteiro Torres,Localização GPS,2019,11,25,8,Manhã,Outono,1,0,3,2,0,0,0,0,1,0,0,0,0,0,0,0,0,1,0,0,0,1,0,19,0
2443,20191795995,2019-11-10 15:15:00,Domingo,NÃO DEFINIDO,38.726995,-9.173572,Direita,Dentro das localidades,Campolide,,Despiste,Despiste sem dispositivo de retenção,Curva,Com inclinação,Berma pavimentada,Em plena via,Em bom estado,Estrada sem separador,Dois sentidos,Com marcas,Inexistentes,Outros,Inexistentes,Betuminoso,Fora da intersecção,Bom tempo,Em pleno dia,Seco e limpo,0,0,1,Arruamento sem separador,Via Secundária,0,,Avenida Calouste Gulbenkian,Localização GPS,2019,11,10,15,Tarde,Outono,0,0,3,1,0,0,0,0,0,0,0,0,0,0,0,0,0,0,0,1,0,0,0,,1
2444,20191795998,2019-11-06 21:55:00,Quarta-Feira,No sentido decrescente da quilometragem,38.749378,-9.149257,Esquerda,Dentro das localidades,Alvalade,,Despiste,Despiste com dispositivo de retenção,Recta,Em patamar,Sem berma ou impraticável,Em plena via,Em bom estado,Outra via,Sentido único,Com marcas,Correctamente sinalizados,Outros,A funcionar normalmente,Betuminoso,Fora da intersecção,Chuva,"Noite, com iluminação",Molhado,0,0,1,Arruamento com separador,Via Secundária,27,,Campo Grande,Localização GPS,2019,11,6,21,Noite,Outono,1,0,3,1,0,0,0,0,0,0,0,0,0,0,0,0,0,1,0,0,0,0,0,,2
2445,20191796001,2019-11-15 10:10:00,Sexta-Feira,NÃO DEFINIDO,38.741161,-9.16269,Direita,Dentro das localidades,Avenidas Novas,,Colisão,Colisão lateral com outro veículo em movimento,Recta,Em patamar,Sem berma ou impraticável,Em plena via,Em estado regular,Estrada sem separador,Dois sentidos,Com marcas,Inexistentes,Outros,Inexistentes,Betuminoso,Fora da intersecção,Chuva,Em pleno dia,Molhado,0,0,1,Arruamento sem separador,Via Secundária,180,,Rua Filipe da Mata,Localização GPS,2019,11,15,10,Manhã,Outono,1,0,3,2,0,0,0,0,0,0,0,0,0,0,0,0,0,1,0,1,0,0,0,,5
2446,20191796019,2019-11-19 09:05:00,Terça-Feira,NÃO DEFINIDO,38.73826,-9.136716,Direita,Dentro das localidades,Arroios,Lisboa,Despiste,Despiste sem dispositivo de retenção,Recta,Com inclinação,Sem berma ou impraticável,Em plena via,Em estado regular,Estrada sem separador,Dois sentidos,Sem marcas rodoviárias ou pouco visíveis,Inexistentes,Outros,Inexistentes,Betuminoso,Fora da intersecção,Chuva,Em pleno dia,Molhado,0,0,1,Arruamento sem separador,Via Secundária,46,,Avenida Manuel da Maia,Localização GPS,2019,11,19,9,Manhã,Outono,1,0,3,1,0,0,0,0,0,0,0,0,0,0,0,0,0,0,0,1,0,0,0,,5
2447,20191796036,2019-11-14 13:35:00,Quinta-Feira,NÃO DEFINIDO,38.749724,-9.180068,Direita,Dentro das localidades,São Domingos de Benfica,Lisboa,Colisão,Colisão lateral com outro veículo em movimento,Recta,Em patamar,Berma pavimentada,Em plena via,Em estado regular,Estrada sem separador,Dois sentidos,Com marcas,Inexistentes,Outros,A funcionar normalmente,Betuminoso,Em cruzamento,Bom tempo,Em pleno dia,Seco e limpo,0,0,1,Arruamento sem separador,Via Secundária,0,,Rua João de Freitas Branco,Localização GPS,2019,11,14,13,Tarde,Outono,1,0,3,2,0,0,0,0,0,0,0,0,0,0,0,0,0,1,0,0,0,0,0,,6
2448,20191796055,2019-11-14 15:50:00,Quinta-Feira,NÃO DEFINIDO,38.700779,-9.182297,Direita,Dentro das localidades,Alcântara,Lisboa,Despiste,Despiste sem dispositivo de retenção,Recta,Em patamar,Sem berma ou impraticável,Em plena via,Em estado regular,Estrada sem separador,Dois sentidos,Sem marcas rodoviárias ou pouco visíveis,Inexistentes,Outros,Inexistentes,Betuminoso,Fora da intersecção,Bom tempo,Em pleno dia,Seco e limpo,0,0,1,Arruamento sem separador,Via Secundária,34,,Rua Junqueira,Localização GPS,2019,11,14,15,Tarde,Outono,1,0,3,1,0,0,0,0,0,0,0,0,0,0,0,0,0,0,0,0,0,1,0,50,5
2449,20191796056,2019-11-19 12:00:00,Terça-Feira,NÃO DEFINIDO,38.755111,-9.186127,Direita,Dentro das localidades,Carnide,Lisboa,Despiste,Despiste sem dispositivo de retenção,Recta,Em patamar,Berma pavimentada,Em plena via,Em estado regular,Estrada sem separador,Dois sentidos,Com marcas,Inexistentes,Passagem de peões,Inexistentes,Betuminoso,Fora da intersecção,Chuva,Em pleno dia,Molhado,0,0,1,Arruamento sem separador,Via Secundária,0,,Avenida Colégio Militar,Localização GPS,2019,11,19,12,Tarde,Outono,1,0,3,1,0,0,0,0,0,0,0,0,0,0,0,0,0,0,0,1,0,0,0,,6
2450,20191796078,2019-11-17 17:30:00,Domingo,No sentido decrescente da quilometragem,38.715226,-9.137051,Direita,Dentro das localidades,Santa Maria Maior,Lisboa,Atropelamento,Atropelamento de peões,Curva,Em patamar,Berma pavimentada,Em plena via,Em bom estado,Outra via,Sentido único,Com marcas,Inexistentes,Passagem de peões,Inexistentes,Betuminoso,Fora da intersecção,Chuva,"Noite, com iluminação",Molhado,0,0,1,Arruamento com separador,Via Secundária,0,,Praça Martim Moniz,Localização GPS,2019,11,17,17,Tarde,Outono,0,0,3,1,0,1,0,0,0,0,0,0,0,0,0,0,0,1,0,0,0,0,1,11,0
2451,20191796306,2019-11-17 19:40:00,Domingo,No sentido crescente da quilometragem,38.736391,-9.170757,Central,Fora das localidades,Campolide,Lisboa,Colisão,Colisão com outras situações,Curva,Com inclinação,Berma pavimentada,Em plena via,Em estado regular,Outra via,Sentido único,Com marcas,Inexistentes,NÃO DEFINIDO,Inexistentes,Betuminoso,Fora da intersecção,Chuva,"Noite, com iluminação",Molhado,0,0,1,IP - Itinerário Principal,IP7,,9.0,,Localização GPS,2019,11,17,19,Noite,Outono,0,0,3,3,0,0,0,0,0,0,0,0,0,0,0,0,1,1,0,1,0,0,0,,1
2452,20191796311,2019-11-26 12:45:00,Terça-Feira,NÃO DEFINIDO,38.759959,-9.111615,Direita,Dentro das localidades,Santa Maria dos Olivais,,Atropelamento,Atropelamento de peões,Recta,Em patamar,Sem berma ou impraticável,Em plena via,Em estado regular,Estrada sem separador,Dois sentidos,Com marcas,Inexistentes,Passagem de peões,Inexistentes,Betuminoso,Fora da intersecção,Chuva,Em pleno dia,Molhado,0,0,1,Arruamento sem separador,Via Secundária,0,,Rua Cidade de Bissau,Localização GPS,2019,11,26,12,Tarde,Outono,1,0,3,1,0,1,0,0,0,0,0,0,0,0,0,0,1,1,0,0,0,0,1,,5
2453,20191796331,2019-11-22 22:40:00,Sexta-Feira,No sentido decrescente da quilometragem,38.724855,-9.135082,Esquerda,Dentro das localidades,Arroios,,Colisão,Colisão lateral com outro veículo em movimento,Recta,Com inclinação,Berma pavimentada,Em plena via,Em estado regular,Outra via,Sentido único,Com marcas,Inexistentes,Outros,A funcionar normalmente,Betuminoso,Em cruzamento,Bom tempo,"Noite, com iluminação",Molhado,0,0,1,Arruamento com separador,Via Secundária,40,,Avenida Almirante Reis,Localização GPS,2019,11,22,22,Noite,Outono,1,0,3,2,0,0,0,0,0,0,0,0,0,0,0,0,0,1,0,1,0,0,0,15,2
2454,20191796357,2019-11-16 09:00:00,Sábado,NÃO DEFINIDO,38.722716,-9.155536,Direita,Dentro das localidades,Santo António,,Colisão,Colisão com outras situações,Recta,Com inclinação,Sem berma ou impraticável,Em plena via,Em estado regular,Estrada sem separador,Sentido único,Sem marcas rodoviárias ou pouco visíveis,Inexistentes,NÃO DEFINIDO,Inexistentes,Betuminoso,Em cruzamento,Bom tempo,Em pleno dia,Seco e limpo,0,0,2,Arruamento sem separador,Via Secundária,31,,Travessa Fábrica dos Pentes,Localização GPS,2019,11,16,9,Manhã,Outono,0,0,6,2,0,0,0,0,0,0,0,0,0,0,0,0,0,1,0,0,0,0,0,,5
2455,20191796399,2019-11-14 10:45:00,Quinta-Feira,NÃO DEFINIDO,38.728991,-9.171729,Direita,Dentro das localidades,Campolide,Lisboa,Despiste,Despiste com dispositivo de retenção,NÃO DEFINIDO,NÃO DEFINIDO,NÃO DEFINIDO,NÃO DEFINIDO,NÃO DEFINIDO,Outra via,Sentido único,NÃO DEFINIDO,Inexistentes,NÃO DEFINIDO,Inexistentes,NÃO DEFINIDO,Fora da intersecção,NÃO DEFINIDO,NÃO DEFINIDO,NÃO DEFINIDO,0,0,1,Arruamento com separador,Via Secundária,0,,Avenida Calouste Gulbenkian,Localização GPS,2019,11,14,10,Manhã,Outono,1,0,3,1,0,0,0,0,0,0,0,0,1,0,0,0,0,0,0,1,0,0,0,,0
2456,20191796416,2019-11-10 12:15:00,Domingo,NÃO DEFINIDO,38.770518,-9.171651,Direita,Dentro das localidades,Lumiar,,Colisão,Colisão lateral com outro veículo em movimento,Recta,Em patamar,Sem berma ou impraticável,Em plena via,Em estado regular,Estrada sem separador,Dois sentidos,Sem marcas rodoviárias ou pouco visíveis,Inexistentes,Outros,Inexistentes,Betuminoso,Em entroncamento,Bom tempo,Em pleno dia,Seco e limpo,0,0,1,Arruamento sem separador,Via Secundária,0,,Rua Teófilo Carvalho dos Santos,Localização GPS,2019,11,10,12,Tarde,Outono,0,0,3,2,0,0,0,0,0,0,0,0,0,0,0,0,0,1,0,1,0,0,0,,5
2457,20191796419,2019-11-12 22:35:00,Terça-Feira,NÃO DEFINIDO,38.754491,-9.152894,Esquerda,Dentro das localidades,Alvalade,,Colisão,Colisão lateral com outro veículo em movimento,Recta,Em patamar,Berma pavimentada,Em plena via,Em estado regular,Estrada sem separador,Sentido único,Com marcas,Inexistentes,Outros,A funcionar normalmente,Betuminoso,Em cruzamento,Bom tempo,"Noite, com iluminação",Seco e limpo,0,0,1,Arruamento sem separador,Via Secundária,0,,Campo Grande,Localização GPS,2019,11,12,22,Noite,Outono,1,0,3,2,1,0,0,0,0,0,0,0,0,0,0,0,0,1,0,0,0,0,0,,2
2458,20191800043,2019-11-08 19:40:00,Sexta-Feira,No sentido crescente da quilometragem,38.72456,-9.181325,Direita,Fora das localidades,Ajuda,Lisboa,Colisão,Colisão com outras situações,Recta,Em patamar,Berma pavimentada,Em plena via,Em bom estado,Auto-estrada,Sentido único,Com marcas,Inexistentes,NÃO DEFINIDO,Inexistentes,Betuminoso,Fora da intersecção,Bom tempo,"Noite, com iluminação",Húmido,0,0,1,A  - Auto-Estrada,A5,,1.6,,Localização GPS,2019,11,8,19,Noite,Outono,1,0,3,2,0,0,0,0,0,0,0,0,0,0,0,0,0,1,0,1,0,0,0,57,0
2459,20191800636,2019-11-13 15:10:00,Quarta-Feira,No sentido decrescente da quilometragem,38.72387,-9.196549,Esquerda,Fora das localidades,Ajuda,Ajuda,Colisão,Colisão traseira com outro veículo em movimento,Recta,Com inclinação,Berma pavimentada,Em plena via,Em bom estado,Auto-estrada,Sentido único,Com marcas,Inexistentes,NÃO DEFINIDO,Inexistentes,Betuminoso,Fora da intersecção,Bom tempo,Em pleno dia,Seco e limpo,0,0,2,A  - Auto-Estrada,A5,,1.9,,Localização GPS,2019,11,13,15,Tarde,Outono,1,0,6,2,0,0,0,0,0,0,0,0,0,0,0,0,0,0,0,1,0,0,0,,0
2460,20191802224,2019-11-27 21:00:00,Quarta-Feira,NÃO DEFINIDO,38.790855,-9.151441,Direita,Dentro das localidades,Santa Clara,Lisboa,Atropelamento,Atropelamento de peões,Recta,Em patamar,Berma pavimentada,Em plena via,Em bom estado,Estrada sem separador,Dois sentidos,Com marcas,Inexistentes,Passagem de peões,Inexistentes,Betuminoso,Fora da intersecção,Bom tempo,"Noite, com iluminação",Seco e limpo,0,0,1,Arruamento sem separador,Via Secundária,4,,Rua Maluda,Localização GPS,2019,11,27,21,Noite,Outono,1,0,3,1,0,1,0,0,0,0,0,0,0,0,0,0,0,1,0,0,0,0,1,,6
2461,20191802322,2019-11-23 23:50:00,Sábado,No sentido crescente da quilometragem,38.752584,-9.130537,Central,Dentro das localidades,Alvalade,,Colisão,Colisão lateral com outro veículo em movimento,Recta,Com inclinação,Berma pavimentada,Em plena via,Em bom estado,Outra via,Sentido único,Com marcas,Inexistentes,Outros,A funcionar normalmente,Betuminoso,Fora da intersecção,Bom tempo,"Noite, com iluminação",Seco e limpo,0,0,1,Arruamento com separador,Via Secundária,84,,Avenida Almirante Gago Coutinho,Localização GPS,2019,11,23,23,Noite,Outono,0,0,3,2,0,0,0,0,0,1,0,0,0,0,0,0,0,1,0,0,0,0,0,,7
2462,20191802365,2019-11-22 15:50:00,Sexta-Feira,NÃO DEFINIDO,38.717382,-9.174755,Direita,Dentro das localidades,Campo de Ourique,Lisboa,Atropelamento,Atropelamento de peões,Recta,Em patamar,Berma pavimentada,Em plena via,Em estado regular,Estrada sem separador,Dois sentidos,Sem marcas rodoviárias ou pouco visíveis,Inexistentes,Outros,Inexistentes,Betuminoso,Fora da intersecção,Bom tempo,Em pleno dia,Seco e limpo,0,0,1,Arruamento sem separador,Via Secundária,10,,Rua Quinta do Loureiro,Localização GPS,2019,11,22,15,Tarde,Outono,1,0,3,1,0,1,0,0,0,0,0,0,0,0,0,0,0,1,0,0,0,0,1,,6
2463,20191802366,2019-11-22 16:30:00,Sexta-Feira,NÃO DEFINIDO,38.710069,-9.128861,Direita,Dentro das localidades,Santa Maria Maior,,Atropelamento,Atropelamento de peões,Recta,Em patamar,Sem berma ou impraticável,Em plena via,Em bom estado,Estrada sem separador,Sentido único,Sem marcas rodoviárias ou pouco visíveis,Inexistentes,Passagem de peões,Inexistentes,Betuminoso,Fora da intersecção,Bom tempo,Em pleno dia,Seco e limpo,0,0,1,Arruamento sem separador,Via Secundária,25,,Largo Terreiro do Trigo,Localização GPS,2019,11,22,16,Tarde,Outono,1,0,3,1,0,1,0,0,0,0,0,0,0,0,0,0,0,1,0,0,0,0,1,66,4
2464,20191802738,2019-11-28 20:50:00,Quinta-Feira,NÃO DEFINIDO,38.739239,-9.162184,Direita,Dentro das localidades,São Domingos de Benfica,,Colisão,Colisão lateral com outro veículo em movimento,Recta,Em patamar,Berma pavimentada,Em plena via,Em estado regular,Estrada sem separador,Dois sentidos,Sem marcas rodoviárias ou pouco visíveis,Inexistentes,Outros,Inexistentes,Calçada,Em entroncamento,Bom tempo,"Noite, com iluminação",Seco e limpo,0,0,1,Arruamento sem separador,Via Secundária,89,,Rua Professor Lima Basto,Localização GPS,2019,11,28,20,Noite,Outono,1,0,3,2,0,0,0,0,0,0,0,0,0,0,0,0,0,1,0,0,0,0,0,62,6
2465,20191802740,2019-11-27 17:00:00,Quarta-Feira,NÃO DEFINIDO,38.733154,-9.13425,Direita,Dentro das localidades,Arroios,Lisboa,Colisão,Colisão lateral com outro veículo em movimento,Recta,Com inclinação,Berma pavimentada,Em plena via,Em estado regular,Estrada sem separador,Dois sentidos,Com marcas,Insuficentemente sinalizados,Outros,Inexistentes,Betuminoso,Fora da intersecção,Bom tempo,Em pleno dia,Seco e limpo,0,0,1,Arruamento sem separador,Via Secundária,148,,Avenida Almirante Reis,Localização GPS,2019,11,27,17,Tarde,Outono,1,0,3,2,0,0,0,0,0,1,0,0,0,0,0,0,0,1,0,1,0,0,0,12,5
2466,20191802781,2019-11-27 07:15:00,Quarta-Feira,NÃO DEFINIDO,38.755531,-9.182537,Direita,Dentro das localidades,São Domingos de Benfica,,Despiste,Despiste com dispositivo de retenção,Curva,Com inclinação,Sem berma ou impraticável,Em plena via,Em estado regular,Estrada sem separador,Sentido único,Sem marcas rodoviárias ou pouco visíveis,Inexistentes,Outros,Inexistentes,Betuminoso,Fora da intersecção,Bom tempo,Aurora ou crepúsculo,Molhado,0,0,1,Arruamento sem separador,Via Secundária,1,,Rua José Maria Nicolau,Localização GPS,2019,11,27,7,Manhã,Outono,1,0,3,1,0,0,0,0,0,0,0,0,0,0,0,0,0,0,0,1,0,0,0,,1
2467,20191802787,2019-11-22 06:30:00,Sexta-Feira,NÃO DEFINIDO,38.70439,-9.174464,Direita,Dentro das localidades,Alcântara,,Colisão,Colisão lateral com outro veículo em movimento,Recta,Em patamar,Berma pavimentada,Em plena via,Em bom estado,Estrada sem separador,Dois sentidos,Com marcas,Inexistentes,Outros,A funcionar normalmente,Betuminoso,Em cruzamento,Chuva,Aurora ou crepúsculo,Molhado,0,0,1,Arruamento sem separador,Via Secundária,1,,Rua Fradesso da Silveira,Localização GPS,2019,11,22,6,Manhã,Outono,1,0,3,2,1,0,0,0,0,0,0,0,0,0,0,0,0,1,0,0,0,0,0,,3
2468,20191802790,2019-11-23 18:05:00,Sábado,NÃO DEFINIDO,38.706328,-9.144214,Direita,Dentro das localidades,Estrela,Lisboa,Atropelamento,Atropelamento de peões,Recta,Em patamar,Sem berma ou impraticável,Em plena via,Em bom estado,Estrada sem separador,Dois sentidos,Com marcas,Inexistentes,Outros,A funcionar normalmente,Betuminoso,Fora da intersecção,Chuva,"Noite, com iluminação",Molhado,0,0,1,Arruamento sem separador,Via Secundária,1,,Avenida 24 de Julho,Localização GPS,2019,11,23,18,Noite,Outono,0,0,3,1,0,1,0,0,0,0,0,0,0,0,0,0,0,1,0,0,0,0,1,10,3
2469,20191803048,2019-11-14 20:20:00,Quinta-Feira,No sentido crescente da quilometragem,38.71931,-9.210792,Esquerda,Fora das localidades,Ajuda,Ajuda,Colisão,Colisão traseira com outro veículo em movimento,Recta,Com inclinação,Sem berma ou impraticável,Em plena via,Em bom estado,Auto-estrada,Sentido único,Com marcas,Inexistentes,NÃO DEFINIDO,Inexistentes,Betuminoso,Fora da intersecção,Chuva,"Noite, com iluminação",Molhado,0,0,1,A  - Auto-Estrada,A5,,3.0,,Localização GPS,2019,11,14,20,Noite,Outono,1,0,3,3,0,0,0,0,0,0,0,0,0,0,0,0,0,1,0,0,0,0,0,,0
2470,20191803286,2019-11-28 09:00:00,Quinta-Feira,NÃO DEFINIDO,38.730329,-9.145584,Direita,Dentro das localidades,Arroios,Lisboa,Atropelamento,Atropelamento de peões,Recta,Em patamar,Berma pavimentada,Em plena via,Em estado regular,Estrada sem separador,Dois sentidos,Sem marcas rodoviárias ou pouco visíveis,Inexistentes,Outros,A funcionar normalmente,Betuminoso,Em cruzamento,Bom tempo,Em pleno dia,Seco e limpo,0,0,1,Arruamento sem separador,Via Secundária,1,,Rua Tomás Ribeiro,Localização GPS,2019,11,28,9,Manhã,Outono,1,0,3,1,0,1,0,0,0,0,0,0,0,0,0,0,0,0,0,1,0,0,1,22,6
2471,20191803288,2019-11-18 13:05:00,Segunda-Feira,NÃO DEFINIDO,38.74131,-9.163464,Direita,Dentro das localidades,São Domingos de Benfica,Lisboa,Colisão,Colisão traseira com outro veículo em movimento,Recta,Em patamar,Berma pavimentada,Em plena via,Em estado regular,Estrada sem separador,Dois sentidos,Com marcas,Inexistentes,Passagem de peões,Inexistentes,Betuminoso,Fora da intersecção,Bom tempo,Em pleno dia,Seco e limpo,0,0,1,Arruamento sem separador,Via Secundária,0,,Estrada Laranjeiras,Localização GPS,2019,11,18,13,Tarde,Outono,1,0,3,2,1,0,0,0,0,0,0,0,0,0,0,0,0,1,0,0,0,0,0,,6
2472,20191803294,2019-11-29 21:40:00,Sexta-Feira,No sentido decrescente da quilometragem,38.721372,-9.212401,Esquerda,Fora das localidades,Benfica,Lisboa,Colisão,Colisão traseira com outro veículo em movimento,Recta,Em patamar,Berma pavimentada,Em plena via,Em bom estado,Outra via,Sentido único,Com marcas,Inexistentes,Outros,Inexistentes,Betuminoso,Fora da intersecção,Bom tempo,"Noite, com iluminação",Seco e limpo,0,0,1,IC - Itinerário Complementar,IC17,,3.4,,Localização GPS,2019,11,29,21,Noite,Outono,1,0,3,2,0,0,0,0,0,0,0,0,0,0,0,0,1,1,0,1,0,0,0,,0
2473,20191803334,2019-11-29 08:45:00,Sexta-Feira,NÃO DEFINIDO,38.7428,-9.133517,Direita,Dentro das localidades,Areeiro,Lisboa,Colisão,Colisão traseira com outro veículo em movimento,Recta,Em patamar,Berma pavimentada,Em plena via,Em bom estado,Estrada sem separador,Sentido único,Com marcas,Inexistentes,Passagem de peões,Inexistentes,Betuminoso,Fora da intersecção,Bom tempo,Em pleno dia,Seco e limpo,0,0,1,Arruamento sem separador,Via Secundária,0,,Avenida Padre Manuel da Nóbrega,Localização GPS,2019,11,29,8,Manhã,Outono,1,0,3,2,0,0,0,0,0,0,0,0,0,0,0,0,0,1,0,0,0,0,0,65,4
2474,20191803374,2019-11-28 13:00:00,Quinta-Feira,NÃO DEFINIDO,38.736376,-9.140604,Direita,Dentro das localidades,Areeiro,Lisboa,Atropelamento,Atropelamento de peões,Curva,Em patamar,Sem berma ou impraticável,Em plena via,Em estado regular,Outra via,Sentido único,Com marcas,Inexistentes,Passagem de peões,Inexistentes,Calçada,Fora da intersecção,Bom tempo,Em pleno dia,Seco e limpo,0,0,1,Arruamento com separador,Via Secundária,19,,Rua Alves Redol,Localização GPS,2019,11,28,13,Tarde,Outono,1,0,3,1,0,1,0,0,1,0,0,0,0,0,0,0,0,1,0,0,0,0,1,,1
2475,20191803408,2019-11-20 18:15:00,Quarta-Feira,NÃO DEFINIDO,38.755357,-9.12592,Direita,Dentro das localidades,Marvila,Lisboa,Colisão,Colisão lateral com outro veículo em movimento,Curva,Em patamar,Berma pavimentada,Em plena via,Em estado regular,Estrada sem separador,Dois sentidos,Com marcas,Inexistentes,Cedência de passagem,Inexistentes,Betuminoso,Fora da intersecção,Chuva,"Noite, com iluminação",Molhado,0,0,1,Arruamento sem separador,Via Secundária,0,,Avenida Avelino Teixeira da Mota,Localização GPS,2019,11,20,18,Noite,Outono,1,0,3,2,0,0,0,0,0,0,0,0,0,0,0,0,0,1,0,1,0,0,0,,3
2476,20191803419,2019-11-19 14:00:00,Terça-Feira,No sentido decrescente da quilometragem,38.735069,-9.143282,Direita,Dentro das localidades,Avenidas Novas,Lisboa,Colisão,Colisão lateral com outro veículo em movimento,Recta,Em patamar,Berma pavimentada,Em plena via,Em bom estado,Outra via,Sentido único,Com marcas,Inexistentes,Outros,A funcionar normalmente,Betuminoso,Em cruzamento,Chuva,Em pleno dia,Molhado,0,0,1,Arruamento com separador,Via Secundária,28,,Avenida Defensores de Chaves,Localização GPS,2019,11,19,14,Tarde,Outono,1,0,3,2,0,0,0,0,0,0,0,0,0,0,0,0,0,1,0,1,0,0,0,7,2
2477,20191803446,2019-11-25 21:30:00,Segunda-Feira,No sentido crescente da quilometragem,38.770042,-9.126701,Direita,Dentro das localidades,Parque das Nações,Lisboa,Atropelamento,Atropelamento de peões,Recta,Com inclinação,Sem berma ou impraticável,Em plena via,Em estado regular,Outra via,Sentido único,Com marcas,Inexistentes,Passagem de peões,Inexistentes,Betuminoso,Em entroncamento,Chuva,"Noite, com iluminação",Molhado,0,0,1,Arruamento com separador,Via Secundária,1,,Avenida Berlim,Localização GPS,2019,11,25,21,Noite,Outono,1,0,3,1,0,1,0,0,0,0,0,1,0,0,0,0,0,1,0,0,0,0,1,,3
2478,20191803481,2019-11-25 20:00:00,Segunda-Feira,NÃO DEFINIDO,38.736524,-9.141878,Direita,Dentro das localidades,Avenidas Novas,,Colisão,Colisão com outras situações,Recta,Em patamar,Berma pavimentada,Em plena via,Em estado regular,Estrada sem separador,Dois sentidos,Com marcas,Inexistentes,Outros,A funcionar normalmente,Betuminoso,Em cruzamento,Chuva,"Noite, com iluminação",Molhado,0,0,1,Arruamento sem separador,Via Secundária,0,,Rua Dona Filipa de Vilhena,Localização GPS,2019,11,25,20,Noite,Outono,1,0,3,2,0,0,0,0,1,0,0,0,0,0,0,0,0,1,0,1,0,0,0,7,3
2479,20191803553,2019-11-29 13:24:00,Sexta-Feira,NÃO DEFINIDO,38.708762,-9.149032,Direita,Dentro das localidades,Misericórdia,,Atropelamento,Atropelamento de peões,Recta,Em patamar,Sem berma ou impraticável,Em plena via,Em bom estado,Estrada sem separador,Dois sentidos,Com marcas,Inexistentes,Outros,Inexistentes,Betuminoso,Fora da intersecção,Bom tempo,Em pleno dia,Seco e limpo,0,0,1,Arruamento sem separador,Via Secundária,43,,Rua Boavista,Localização GPS,2019,11,29,13,Tarde,Outono,1,0,3,1,0,1,0,0,0,0,0,0,0,0,0,0,0,0,0,0,1,0,1,,5
2480,20191803559,2019-11-19 12:30:00,Terça-Feira,NÃO DEFINIDO,38.761989,-9.115737,Direita,Dentro das localidades,Santa Maria dos Olivais,,Colisão,Colisão com outras situações,Recta,Com inclinação,Sem berma ou impraticável,Em plena via,Em bom estado,Estrada sem separador,Sentido único,Sem marcas rodoviárias ou pouco visíveis,Inexistentes,Outros,Inexistentes,Betuminoso,Fora da intersecção,Chuva,Em pleno dia,Molhado,0,0,1,Arruamento sem separador,Via Secundária,15,,Rua Cidade de Bolama,Localização GPS,2019,11,19,12,Tarde,Outono,1,0,3,2,0,0,0,0,0,0,0,0,0,0,0,0,0,1,0,1,0,0,0,,0
2481,20191803563,2019-11-25 21:20:00,Segunda-Feira,NÃO DEFINIDO,38.744207,-9.134237,Direita,Dentro das localidades,Areeiro,Lisboa,Atropelamento,Atropelamento de peões,Recta,Com inclinação,Berma pavimentada,Em plena via,Em bom estado,Estrada sem separador,Dois sentidos,Com marcas,Inexistentes,Passagem de peões,Inexistentes,Betuminoso,Fora da intersecção,Chuva,"Noite, com iluminação",Molhado,0,0,2,Arruamento sem separador,Via Secundária,13,,Avenida Padre Manuel da Nóbrega,Localização GPS,2019,11,25,21,Noite,Outono,1,0,6,1,0,2,0,0,0,0,0,0,0,0,0,0,1,1,0,0,0,0,1,65,3