,IdAcidente,Datahora,Dia da Semana,Sentidos,Latitude GPS,Longitude GPS,Via Trânsito,Localizações,Freguesia,Pov. Proxima,Tipo Natureza,Natureza,Tipo de Traçado,Inclinação do Traçado,Berma do Traçado,Localização do Traçado,Estado Conservação,Características Tecnicas,Reg Circulação,Marca Via,Obstáculos,Sinais,Sinais Luminosos,Tipo Piso,Intersecção Vias,Factores Atmosféricos,Luminosidade,Cond Aderência,VM,FG,FL,Tipos Vias,Via,Num arruamento,Km,Nome arruamento,Localização 2,Ano,Mês,Dia,Hora,Periodo,Estação,Dia Util,Gravidade,Indicador de Gravidade,Veículos envolvidos,Passageiros envolvidos,Peões envolvidos,Inf/Ação: Abertura de porta,Inf/Ação: Desrespeito da sinalização semafórica,Inf/Ação: Desrespeito da sinalização vertical,Inf/Ação: Desrespeito das distâncias de segurança,Inf/Ação: Desrespeito das marcas rodoviárias,Inf/Ação: Encandeamento,Inf/Ação: Manobra irregular,Inf/Ação: Não sinalização da manobra,Inf/Ação: Obstáculo imprevisto na faixa de rodagem,Inf/Ação: Rebentamento de pneumático,Inf/Ação: Velocidade excessiva para as condições existentes,Automóvel ligeiro,Automóvel pesado,Motociclos/Ciclomotores,Outros Veículos,Velocípedes,Peões,Numero Black Spot,Grupo Kmodes
2482,20191803584,2019-11-25 05:15:00,Segunda-Feira,No sentido decrescente da quilometragem,38.739954,-9.142501,Direita,Dentro das localidades,Avenidas Novas,Lisboa,Colisão,Colisão com veiculo ou obstáculo na faixa de rodagem,Recta,Em patamar,Sem berma ou impraticável,Em plena via,Em bom estado,Outra via,Sentido único,Sem marcas rodoviárias ou pouco visíveis,Inexistentes,Outros,Inexistentes,Betuminoso,Fora da intersecção,Chuva,"Noite, com iluminação",Molhado,0,0,1,Arruamento com separador,Via Secundária,19,,Rua Arco do Cego,Localização GPS,2019,11,25,5,Madrugada,Outono,1,0,3,3,0,0,0,0,0,0,0,0,0,0,0,0,0,1,0,0,0,0,0,7,0
2483,20191803587,2019-11-24 20:15:00,Domingo,NÃO DEFINIDO,38.698702,-9.199576,Central,Dentro das localidades,Belém,Lisboa,Colisão,Colisão lateral com outro veículo em movimento,Recta,Com inclinação,Sem berma ou impraticável,Em plena via,Em estado regular,Estrada sem separador,Dois sentidos,Sem marcas rodoviárias ou pouco visíveis,Inexistentes,Outros,Inexistentes,Betuminoso,Fora da intersecção,Chuva,"Noite, com iluminação",Molhado,0,0,1,Arruamento sem separador,Via Secundária,80,,Calçada Ajuda,Localização GPS,2019,11,24,20,Noite,Outono,0,0,3,2,0,0,0,0,0,0,0,0,0,0,0,0,0,1,0,1,0,0,0,,3
2484,20191803618,2019-12-01 19:50:00,Domingo,NÃO DEFINIDO,38.794293,-9.151656,Direita,Dentro das localidades,Santa Clara,,Atropelamento,Atropelamento de peões,Recta,Com inclinação,Berma pavimentada,Em plena via,Em estado regular,Estrada sem separador,Sentido único,Sem marcas rodoviárias ou pouco visíveis,Inexistentes,NÃO DEFINIDO,Inexistentes,Betuminoso,Fora da intersecção,Bom tempo,"Noite, com iluminação",Seco e limpo,0,0,1,Arruamento sem separador,Via Secundária,7,,Rua Eucalipto Às Galinheiras,Localização GPS,2019,12,1,19,Noite,Outono,0,0,3,1,0,1,0,0,0,0,0,0,0,0,0,0,0,1,0,0,0,0,1,,1
2485,20191803669,2019-11-19 13:00:00,Terça-Feira,No sentido decrescente da quilometragem,38.740956,-9.169514,Direita,Dentro das localidades,Campolide,,Despiste,Despiste com dispositivo de retenção,Curva,Em patamar,Berma pavimentada,Em plena via,Em estado regular,Outra via,Sentido único,Com marcas,Inexistentes,Outros,Inexistentes,Betuminoso,Fora da intersecção,Chuva,Em pleno dia,Molhado,0,0,1,IP - Itinerário Principal,IP7,,8.3,,Localização GPS,2019,11,19,13,Tarde,Outono,1,0,3,1,0,0,0,0,0,0,0,0,0,0,0,0,0,0,0,1,0,0,0,,1
2486,20191803675,2019-11-30 07:00:00,Sábado,NÃO DEFINIDO,38.721984,-9.147073,Direita,Dentro das localidades,Santo António,,Colisão,Colisão com outras situações,Recta,Com inclinação,Sem berma ou impraticável,Em plena via,Em estado regular,Estrada sem separador,Dois sentidos,Com marcas,Inexistentes,Outros,A funcionar normalmente,Betuminoso,Em entroncamento,Bom tempo,Aurora ou crepúsculo,Seco e limpo,0,0,1,Arruamento sem separador,Via Secundária,220,,Avenida Liberdade,Localização GPS,2019,11,30,7,Manhã,Outono,0,0,3,2,1,0,0,0,0,0,0,0,1,0,0,0,0,1,0,0,0,0,0,13,5
2487,20191803707,2019-11-25 13:15:00,Segunda-Feira,NÃO DEFINIDO,38.737254,-9.157114,Direita,Dentro das localidades,Avenidas Novas,Lisboa,Colisão,Colisão lateral com outro veículo em movimento,Recta,Em patamar,Sem berma ou impraticável,Em plena via,Em estado regular,Estrada sem separador,Sentido único,Com marcas,Inexistentes,Outros,A funcionar normalmente,Betuminoso,Em entroncamento,Bom tempo,Em pleno dia,Seco e limpo,0,0,1,Arruamento sem separador,Via Secundária,0,,Praça Espanha,Localização GPS,2019,11,25,13,Tarde,Outono,1,0,3,2,1,0,0,0,0,0,0,0,0,0,0,0,0,1,1,0,0,0,0,6,2
2488,20191803796,2019-11-16 19:20:00,Sábado,NÃO DEFINIDO,38.751546,-9.125014,Direita,Dentro das localidades,Marvila,,Colisão,Colisão lateral com outro veículo em movimento,Recta,Com inclinação,Sem berma ou impraticável,Em plena via,Em estado regular,Estrada sem separador,Dois sentidos,Sem marcas rodoviárias ou pouco visíveis,Inexistentes,Outros,Inexistentes,Betuminoso,Fora da intersecção,Bom tempo,"Noite, com iluminação",Seco e limpo,0,0,1,Arruamento sem separador,Via Secundária,414,,Avenida Doutor Arlindo Vicente,Localização GPS,2019,11,16,19,Noite,Outono,0,0,3,2,1,0,0,0,0,0,0,0,0,0,0,0,0,1,0,1,0,0,0,,5
2489,20191803797,2019-11-14 07:00:00,Quinta-Feira,No sentido crescente da quilometragem,38.769235,-9.169131,Esquerda,Fora das localidades,Lumiar,,Colisão,Colisão com outras situações,Recta,Em patamar,Berma pavimentada,Em plena via,Em estado regular,Outra via,Sentido único,Com marcas,Inexistentes,Outros,Inexistentes,Betuminoso,Fora da intersecção,Chuva,Em pleno dia,Molhado,0,0,1,IP - Itinerário Principal,IP7,,4.8,,Localização GPS,2019,11,14,7,Manhã,Outono,1,0,3,2,0,0,0,0,0,0,0,0,0,0,0,0,0,1,1,0,0,0,0,,4
2490,20191804298,2019-12-01 08:45:00,Domingo,NÃO DEFINIDO,38.748567,-9.149463,Direita,Dentro das localidades,Alvalade,Lisboa,Atropelamento,Atropelamento de peões,Curva,Em patamar,Berma pavimentada,Em plena via,Em bom estado,Estrada sem separador,Sentido único,Com marcas,Inexistentes,Outros,Inexistentes,Calçada,Fora da intersecção,Chuva,Em pleno dia,Molhado,0,0,1,Arruamento sem separador,Via Secundária,7,,Campo Grande,Localização GPS,2019,12,1,8,Manhã,Outono,0,0,3,1,0,1,0,0,0,0,0,0,0,0,0,0,0,1,0,0,0,0,1,,1
2491,20191804323,2019-11-21 17:30:00,Quinta-Feira,NÃO DEFINIDO,38.731637,-9.146171,Direita,Dentro das localidades,Avenidas Novas,Lisboa,Colisão,Colisão com outras situações,Recta,Com inclinação,Sem berma ou impraticável,Em plena via,Em estado regular,Outra via,Sentido único,Com marcas,Inexistentes,NÃO DEFINIDO,A funcionar normalmente,Betuminoso,Em entroncamento,Bom tempo,Em pleno dia,Seco e limpo,0,0,1,Arruamento com separador,Via Secundária,0,,Avenida Fontes Pereira de Melo,Localização GPS,2019,11,21,17,Tarde,Outono,1,0,3,2,0,0,0,0,0,0,0,0,0,0,0,0,0,1,0,0,0,1,0,22,2
2492,20191804326,2019-11-27 19:15:00,Quarta-Feira,NÃO DEFINIDO,38.765168,-9.097082,Esquerda,Dentro das localidades,Parque das Nações,Lisboa,Atropelamento,Atropelamento de peões,Recta,Em patamar,Berma pavimentada,Em plena via,Em bom estado,Estrada sem separador,Dois sentidos,Com marcas,Inexistentes,Outros,Inexistentes,Betuminoso,Fora da intersecção,Bom tempo,"Noite, com iluminação",Seco e limpo,0,0,2,Arruamento sem separador,Via Secundária,15,,Rua Pólo Sul,Localização GPS,2019,11,27,19,Noite,Outono,1,0,6,1,0,1,0,0,0,0,0,0,0,0,0,0,0,0,0,1,0,0,1,,6
2493,20191804327,2019-11-21 13:20:00,Quinta-Feira,NÃO DEFINIDO,38.73886,-9.133765,Direita,Dentro das localidades,Areeiro,,Colisão,Colisão com outras situações,Recta,Com inclinação,Sem berma ou impraticável,Em plena via,Em estado regular,Outra via,Sentido único,Com marcas,Inexistentes,NÃO DEFINIDO,Inexistentes,Betuminoso,Fora da intersecção,Bom tempo,Em pleno dia,Seco e limpo,0,0,1,Arruamento com separador,Via Secundária,238,,Avenida Almirante Reis,Localização GPS,2019,11,21,13,Tarde,Outono,1,0,3,2,0,0,0,0,0,0,0,0,0,0,0,0,0,1,0,1,0,0,0,,0
2494,20191804345,2019-11-23 04:20:00,Sábado,NÃO DEFINIDO,38.709634,-9.135505,Direita,Dentro das localidades,Santa Maria Maior,,Colisão,Colisão com outras situações,Recta,Com inclinação,Sem berma ou impraticável,Em plena via,Em estado regular,Estrada sem separador,Sentido único,Com marcas,Inexistentes,NÃO DEFINIDO,A funcionar normalmente,Betuminoso,Em cruzamento,Bom tempo,"Noite, com iluminação",Seco e limpo,0,0,1,Arruamento sem separador,Via Secundária,56,,Rua Fanqueiros,Localização GPS,2019,11,23,4,Madrugada,Outono,0,0,3,2,0,0,0,0,0,0,0,0,0,0,0,0,0,1,0,0,0,0,0,14,5
2495,20191804354,2019-12-01 09:30:00,Domingo,NÃO DEFINIDO,38.70943,-9.13634,Direita,Dentro das localidades,Santa Maria Maior,,Atropelamento,Atropelamento de peões,Recta,Em patamar,Sem berma ou impraticável,Em plena via,Em estado regular,Estrada sem separador,Sentido único,Com marcas,Inexistentes,Outros,A funcionar normalmente,Betuminoso,Em entroncamento,Chuva,Em pleno dia,Molhado,0,0,1,Arruamento sem separador,Via Secundária,0,,Rua Prata,Localização GPS,2019,12,1,9,Manhã,Outono,0,0,3,2,0,1,0,1,0,0,0,0,0,0,0,0,0,1,0,0,0,0,1,14,2
2496,20191804360,2019-11-30 18:20:00,Sábado,No sentido crescente da quilometragem,38.750014,-9.168888,Central,Dentro das localidades,São Domingos de Benfica,,Colisão,Colisão choque em cadeia,Recta,Com inclinação,Berma pavimentada,Em plena via,Em estado regular,Outra via,Sentido único,Com marcas,Inexistentes,Outros,A funcionar normalmente,Betuminoso,Fora da intersecção,Bom tempo,"Noite, com iluminação",Seco e limpo,0,0,1,Arruamento com separador,Via Secundária,0,,Avenida Lusíada,Localização GPS,2019,11,30,18,Noite,Outono,0,0,3,3,0,0,0,0,0,0,0,0,0,0,0,0,0,1,0,0,0,0,0,,2
2497,20191804366,2019-12-01 13:30:00,Domingo,NÃO DEFINIDO,38.709431,-9.13634,Direita,Dentro das localidades,Santa Maria Maior,Lisboa,Colisão,Colisão lateral com outro veículo em movimento,Recta,Em patamar,Berma pavimentada,Em plena via,Em estado regular,Estrada sem separador,Sentido único,Com marcas,Inexistentes,Outros,A funcionar normalmente,Betuminoso,Fora da intersecção,Bom tempo,Em pleno dia,Seco e limpo,0,0,1,Arruamento sem separador,Via Secundária,46,,Rua Prata,Localização GPS,2019,12,1,13,Tarde,Outono,0,0,3,2,0,0,0,1,0,0,0,0,0,0,0,0,0,1,0,1,0,0,0,14,2
2498,20191804448,2019-11-26 12:47:00,Terça-Feira,No sentido crescente da quilometragem,38.718358,-9.176049,Direita,Fora das localidades,Alcântara,,Despiste,Despiste com dispositivo de retenção,Recta,Em patamar,Berma pavimentada,Em plena via,Em bom estado,Auto-estrada,Sentido único,Com marcas,Inexistentes,Outros,Inexistentes,Betuminoso,Fora da intersecção,Chuva,Em pleno dia,Molhado,0,0,1,A  - Auto-Estrada,A2-PNT25ABRIL,,0.2,,Localização GPS,2019,11,26,12,Tarde,Outono,1,0,3,1,0,0,0,0,0,0,0,0,0,0,0,0,0,1,0,0,0,0,0,,0
2499,20191805058,2019-12-03 21:50:00,Terça-Feira,NÃO DEFINIDO,38.720021,-9.117237,Direita,Dentro das localidades,Penha de França,Lisboa,Despiste,Despiste sem dispositivo de retenção,Recta,Em patamar,Sem berma ou impraticável,No passeio,Em estado regular,Outra via,Sentido único,Com marcas,Inexistentes,Outros,A funcionar normalmente,Betuminoso,Fora da intersecção,Bom tempo,"Noite, com iluminação",Seco e limpo,0,0,1,Arruamento com separador,Via Secundária,0,,Avenida Mouzinho de Albuquerque,Localização GPS,2019,12,3,21,Noite,Outono,1,0,3,1,0,0,0,0,0,0,0,0,0,0,0,0,0,0,0,1,0,0,0,,2
2500,20191805064,2019-11-27 13:45:00,Quarta-Feira,NÃO DEFINIDO,38.760088,-9.172592,Direita,Dentro das localidades,Carnide,Lisboa,Colisão,Colisão com outras situações,Recta,Em patamar,Sem berma ou impraticável,Em plena via,Em estado regular,Estrada sem separador,Dois sentidos,Com marcas,Inexistentes,Outros,Inexistentes,Betuminoso,Fora da intersecção,Bom tempo,Em pleno dia,Seco e limpo,0,0,2,Arruamento sem separador,Via Secundária,0,,Rua Fernando Namora,Localização GPS,2019,11,27,13,Tarde,Outono,1,0,6,2,0,0,0,0,0,0,0,0,1,0,0,0,0,1,0,0,0,0,0,,5
2501,20191805066,2019-12-02 12:30:00,Segunda-Feira,No sentido decrescente da quilometragem,38.694751,-9.213757,Direita,Dentro das localidades,Belém,Lisboa,Atropelamento,Atropelamento de peões,Recta,Em patamar,Berma pavimentada,Em plena via,Em estado regular,Outra via,Sentido único,Sem marcas rodoviárias ou pouco visíveis,Inexistentes,Outros,Inexistentes,Betuminoso,Fora da intersecção,Bom tempo,Em pleno dia,Seco e limpo,0,0,1,Arruamento com separador,Via Secundária,40,,Rua Praia do Bom Sucesso,Localização GPS,2019,12,2,12,Tarde,Outono,1,0,3,1,0,1,0,0,0,0,0,0,0,0,0,0,0,1,0,0,0,0,1,,2
2502,20191805069,2019-12-03 19:15:00,Terça-Feira,No sentido crescente da quilometragem,38.780811,-9.096347,Direita,Dentro das localidades,Parque das Nações,,Colisão,Colisão traseira com outro veículo em movimento,Recta,Em patamar,Berma pavimentada,Em plena via,Em estado regular,Outra via,Sentido único,Com marcas,Inexistentes,Cedência de passagem,Inexistentes,Betuminoso,Fora da intersecção,Bom tempo,"Noite, com iluminação",Seco e limpo,0,0,1,Arruamento com separador,Via Secundária,108,,Alameda Oceanos,Localização GPS,2019,12,3,19,Noite,Outono,1,0,3,2,0,0,0,0,0,0,0,0,0,0,0,0,0,1,0,0,0,0,0,,2
2503,20191805071,2019-12-02 14:30:00,Segunda-Feira,NÃO DEFINIDO,38.762158,-9.130556,Direita,Dentro das localidades,Alvalade,,Colisão,Colisão traseira com outro veículo em movimento,Recta,Com inclinação,Berma pavimentada,Em plena via,Em bom estado,Estrada sem separador,Dois sentidos,Com marcas,Inexistentes,Outros,Inexistentes,Betuminoso,Fora da intersecção,Bom tempo,Em pleno dia,Seco e limpo,0,0,1,Arruamento sem separador,Via Secundária,1,,Avenida do Brasil,Localização GPS,2019,12,2,14,Tarde,Outono,1,0,3,2,0,0,0,0,0,0,0,0,0,0,0,0,0,1,0,0,0,0,0,,0
2504,20191805095,2019-12-02 07:00:00,Segunda-Feira,NÃO DEFINIDO,38.738172,-9.159653,Direita,Dentro das localidades,São Domingos de Benfica,Lisboa,Atropelamento,Atropelamento com fuga,Curva,Em patamar,Berma pavimentada,Em plena via,Em bom estado,Estrada sem separador,Dois sentidos,Com marcas,Inexistentes,Outros,Inexistentes,Betuminoso,Em entroncamento,Bom tempo,Em pleno dia,Seco e limpo,0,0,1,Arruamento sem separador,Via Secundária,0,,Rua Professor Lima Basto,Localização GPS,2019,12,2,7,Manhã,Outono,1,0,3,1,0,1,0,0,0,0,0,0,0,0,0,0,0,1,0,0,0,0,1,5,6
2505,20191805114,2019-12-02 14:30:00,Segunda-Feira,NÃO DEFINIDO,38.762665,-9.160556,Esquerda,Dentro das localidades,Lumiar,Lisboa,Atropelamento,Atropelamento de peões,Recta,Com inclinação,Berma pavimentada,Em plena via,Em estado regular,Estrada sem separador,Dois sentidos,Com marcas,Inexistentes,Passagem de peões,Inexistentes,Betuminoso,Fora da intersecção,Bom tempo,Em pleno dia,Seco e limpo,0,0,1,Arruamento sem separador,Via Secundária,6,,Rua Professor Fernando da Fonseca,Localização GPS,2019,12,2,14,Tarde,Outono,1,0,3,1,0,1,0,0,0,0,0,0,0,0,0,0,0,1,0,0,0,0,1,,5
2506,20191805142,2019-11-24 14:00:00,Domingo,NÃO DEFINIDO,38.73199,-9.162238,Direita,Dentro das localidades,Campolide,,Despiste,Despiste sem dispositivo de retenção,Recta,Com inclinação,Berma pavimentada,Em plena via,Em estado regular,Outra via,Sentido único,Com marcas,Inexistentes,Outros,Inexistentes,Betuminoso,Fora da intersecção,Bom tempo,Em pleno dia,Seco e limpo,0,0,1,Arruamento com separador,Via Secundária,0,,Avenida Miguel Torga,Localização GPS,2019,11,24,14,Tarde,Outono,0,0,3,1,0,0,0,0,0,0,0,0,0,0,0,0,0,0,0,1,0,0,0,,0
2507,20191805180,2019-11-19 19:00:00,Terça-Feira,NÃO DEFINIDO,38.745651,-9.15363,Direita,Dentro das localidades,Avenidas Novas,Lisboa,Colisão,Colisão com outras situações,Recta,Com inclinação,Berma pavimentada,Em plena via,Em estado regular,Estrada sem separador,Dois sentidos,Com marcas,Inexistentes,NÃO DEFINIDO,Inexistentes,Calçada,Fora da intersecção,Chuva,"Noite, com iluminação",Molhado,0,0,1,Arruamento sem separador,Via Secundária,0,,Rua Francisco Lyon de Castro,Localização GPS,2019,11,19,19,Noite,Outono,1,0,3,3,1,0,0,0,0,0,0,0,0,0,0,0,0,1,0,0,0,0,0,,3
2508,20191805244,2019-11-25 21:00:00,Segunda-Feira,No sentido decrescente da quilometragem,38.682106,-9.174977,Central,Fora das localidades,Alcântara,Lisboa,Despiste,Despiste sem dispositivo de retenção,Recta,Em patamar,Sem berma ou impraticável,Em plena via,Em estado regular,Auto-estrada,Sentido único,Com marcas,Inexistentes,Outros,Inexistentes,Betuminoso,Fora da intersecção,Chuva,"Noite, com iluminação",Molhado,0,0,1,A  - Auto-Estrada,A2-PNT25ABRIL,,4.25,,Localização GPS,2019,11,25,21,Noite,Outono,1,0,3,1,0,0,0,0,0,0,0,0,0,0,0,0,0,1,0,0,0,0,0,9,3
2509,20191805711,2019-11-17 01:50:00,Domingo,No sentido decrescente da quilometragem,38.72227,-9.171229,Direita,Fora das localidades,Alcântara,ALCANTARA,Colisão,Colisão com fuga,Curva,Com inclinação,Berma pavimentada,Em plena via,Em bom estado,Auto-estrada,Sentido único,Com marcas,Inexistentes,NÃO DEFINIDO,Inexistentes,Betuminoso,Fora da intersecção,Chuva,"Noite, sem iluminação",Molhado,0,0,2,A  - Auto-Estrada,A5,,0.5,,Localização GPS,2019,11,17,1,Madrugada,Outono,0,0,6,2,1,0,0,0,0,0,0,0,0,0,0,0,0,1,0,0,0,0,0,,0
2510,20191805975,2019-11-23 10:50:00,Sábado,No sentido crescente da quilometragem,38.743925,-9.192513,Direita,Dentro das localidades,São Domingos de Benfica,Lisboa,Colisão,Colisão traseira com outro veículo em movimento,Recta,Em patamar,Berma pavimentada,Em plena via,Em bom estado,Outra via,Sentido único,Com marcas,Inexistentes,Outros,Inexistentes,Betuminoso,Fora da intersecção,Bom tempo,Em pleno dia,Seco e limpo,0,0,3,Arruamento com separador,Via Secundária,0,,Avenida General Correia Barreto,Localização GPS,2019,11,23,10,Manhã,Outono,0,0,9,2,2,0,0,0,0,0,0,0,0,0,0,0,1,1,0,0,0,0,0,,0
2511,20191805978,2019-12-03 07:20:00,Terça-Feira,NÃO DEFINIDO,38.708573,-9.143277,Direita,Dentro das localidades,Misericórdia,Lisboa,Atropelamento,Atropelamento de peões,Recta,Com inclinação,Sem berma ou impraticável,Em plena via,Em estado regular,Estrada sem separador,Dois sentidos,Com marcas,Inexistentes,Passagem de peões,Inexistentes,Betuminoso,Em entroncamento,Bom tempo,Em pleno dia,Seco e limpo,0,0,1,Arruamento sem separador,Via Secundária,59,,Rua Alecrim,Localização GPS,2019,12,3,7,Manhã,Outono,1,0,3,1,0,1,0,0,0,0,0,0,0,0,0,0,0,1,0,0,0,0,1,10,5
2512,20191805979,2019-12-03 09:20:00,Terça-Feira,NÃO DEFINIDO,,,Direita,Dentro das localidades,Campo de Ourique,,Colisão,Colisão com veiculo ou obstáculo na faixa de rodagem,Recta,Em patamar,Berma pavimentada,Em plena via,Em estado regular,Estrada sem separador,Dois sentidos,Com marcas,Correctamente sinalizados,Passagem de peões,A funcionar normalmente,Betuminoso,Fora da intersecção,Bom tempo,Em pleno dia,Seco e limpo,0,0,1,Arruamento sem separador,Via Secundária,0,,Rua José Gomes Ferreira,Localização GPS,2019,12,3,9,Manhã,Outono,1,0,3,2,0,0,0,0,0,0,0,0,0,0,0,0,0,1,0,1,0,0,0,,6
2513,20191805985,2019-11-23 08:15:00,Sábado,NÃO DEFINIDO,38.697609,-9.187745,Esquerda,Dentro das localidades,Belém,Lisboa,Colisão,Colisão frontal,Recta,Em patamar,Berma pavimentada,Em plena via,Em bom estado,Estrada sem separador,Dois sentidos,Com marcas,Inexistentes,Outros,A funcionar normalmente,Betuminoso,Em entroncamento,Chuva,Em pleno dia,Molhado,0,0,4,Arruamento sem separador,Via Secundária,0,,Avenida Índia,Localização GPS,2019,11,23,8,Manhã,Outono,0,0,12,2,2,0,0,1,0,0,0,0,0,0,0,0,0,1,0,0,0,0,0,,6
2514,20191806047,2019-11-26 02:30:00,Terça-Feira,No sentido decrescente da quilometragem,38.754452,-9.152865,Direita,Dentro das localidades,Alvalade,Lisboa,Colisão,Colisão lateral com outro veículo em movimento,Recta,Em patamar,Berma pavimentada,Em plena via,Em estado regular,Outra via,Sentido único,Com marcas,Inexistentes,Outros,A funcionar normalmente,Betuminoso,Em entroncamento,Bom tempo,"Noite, com iluminação",Seco e limpo,0,0,1,Arruamento com separador,Via Secundária,0,,Campo Grande,Localização GPS,2019,11,26,2,Madrugada,Outono,1,0,3,2,0,0,0,1,0,0,0,0,0,0,0,0,0,1,0,0,0,0,0,,2
2515,20191806071,2019-12-03 08:25:00,Terça-Feira,NÃO DEFINIDO,38.775679,-9.113097,Direita,Dentro das localidades,Santa Maria dos Olivais,Lisboa,Atropelamento,Atropelamento de peões,Recta,Com inclinação,Sem berma ou impraticável,Em plena via,Em estado regular,Estrada sem separador,Dois sentidos,Com marcas,Inexistentes,Passagem de peões,Inexistentes,Betuminoso,Fora da intersecção,Bom tempo,Em pleno dia,Seco e limpo,0,0,1,Arruamento sem separador,Via Secundária,7,,Rua Alferes Barrilaro Ruas,Localização GPS,2019,12,3,8,Manhã,Outono,1,0,3,1,0,1,0,0,0,0,0,1,0,0,0,0,0,1,0,0,0,0,1,,5
2516,20191806078,2019-11-19 22:30:00,Terça-Feira,NÃO DEFINIDO,38.76329,-9.171012,Direita,Dentro das localidades,Lumiar,Lisboa,Colisão,Colisão lateral com outro veículo em movimento,Recta,Com inclinação,Berma pavimentada,Em plena via,Em estado regular,Estrada sem separador,Dois sentidos,Com marcas,Inexistentes,NÃO DEFINIDO,A funcionar normalmente,Betuminoso,Em entroncamento,Chuva,"Noite, com iluminação",Molhado,0,0,1,Arruamento sem separador,Via Secundária,0,,Avenida Nações Unidas,Localização GPS,2019,11,19,22,Noite,Outono,1,0,3,2,0,0,0,0,0,0,0,0,0,0,0,0,0,1,0,0,0,0,0,25,3
2517,20191806181,2019-12-05 20:40:00,Quinta-Feira,NÃO DEFINIDO,38.740753,-9.146657,Direita,Dentro das localidades,Avenidas Novas,Lisboa,Colisão,Colisão com fuga,Curva,Com inclinação,Berma pavimentada,Em plena via,Em estado regular,Outra via,Sentido único,Com marcas,Inexistentes,Outros,Inexistentes,Betuminoso,Em rotunda,Bom tempo,"Noite, com iluminação",Seco e limpo,0,0,1,Arruamento com separador,Via Secundária,0,,Avenida República,Localização GPS,2019,12,5,20,Noite,Outono,1,0,3,2,0,0,0,0,0,0,0,0,0,0,0,0,0,1,0,1,0,0,0,7,1
2518,20191806188,2019-11-23 09:00:00,Sábado,No sentido decrescente da quilometragem,38.743173,-9.197967,Direita,Dentro das localidades,São Domingos de Benfica,Lisboa,Despiste,Despiste com dispositivo de retenção,Recta,Em patamar,Berma pavimentada,Em plena via,Em bom estado,Outra via,Sentido único,Com marcas,Inexistentes,Outros,Inexistentes,Betuminoso,Fora da intersecção,Chuva,Em pleno dia,Molhado,0,0,1,Arruamento com separador,Via Secundária,0,,Avenida General Correia Barreto,Localização GPS,2019,11,23,9,Manhã,Outono,0,0,3,1,0,0,0,0,0,0,0,0,0,0,0,0,0,1,0,0,0,0,0,,0
2519,20191806215,2019-11-30 15:45:00,Sábado,No sentido decrescente da quilometragem,38.738371,-9.162646,Direita,Dentro das localidades,Campolide,Lisboa,Atropelamento,Atropelamento de peões,Recta,Em patamar,Berma pavimentada,Em plena via,Em bom estado,Outra via,Sentido único,Com marcas,Inexistentes,Outros,A funcionar normalmente,Betão de cimento,Em entroncamento,Chuva,Em pleno dia,Húmido,0,0,2,Arruamento com separador,Via Secundária,73,,Avenida Columbano Bordalo Pinheiro,Localização GPS,2019,11,30,15,Tarde,Outono,0,0,6,1,0,2,0,0,0,0,0,0,0,0,0,0,0,1,0,0,0,0,1,62,2
2520,20191806238,2019-12-04 23:30:00,Quarta-Feira,NÃO DEFINIDO,38.721134,-9.152421,Direita,Dentro das localidades,Santo António,Lisboa,Colisão,Colisão frontal,Recta,Em patamar,Berma pavimentada,Em plena via,Em estado regular,Estrada sem separador,Dois sentidos,Com marcas,Inexistentes,Passagem de peões,A funcionar normalmente,Betuminoso,Em cruzamento,Bom tempo,"Noite, com iluminação",Seco e limpo,0,0,1,Arruamento sem separador,Via Secundária,0,,Rua Alexandre Herculano,Localização GPS,2019,12,4,23,Noite,Outono,1,0,3,2,0,0,0,1,0,0,0,0,0,0,0,0,0,1,0,1,0,0,0,13,6
2521,20191806268,2019-11-30 23:00:00,Sábado,NÃO DEFINIDO,38.721077,-9.180412,Esquerda,Fora das localidades,Alcântara,,Colisão,Colisão frontal,Recta,Com inclinação,Berma pavimentada,Em plena via,Em bom estado,Outra via,Sentido único,Com marcas,Inexistentes,Outros,Inexistentes,Betuminoso,Fora da intersecção,Bom tempo,"Noite, com iluminação",Seco e limpo,0,0,1,Outra Via,Via Secundária,,0.0,,Localização GPS,2019,11,30,23,Noite,Outono,0,0,3,2,0,0,0,0,1,0,0,0,0,0,0,0,0,1,0,1,0,0,0,,0
2522,20191806292,2019-11-30 20:15:00,Sábado,No sentido crescente da quilometragem,38.757347,-9.170151,Esquerda,Dentro das localidades,Carnide,Lisboa,Colisão,Colisão choque em cadeia,Recta,Em patamar,Berma pavimentada,Em plena via,Em mau estado,Outra via,Sentido único,Sem marcas rodoviárias ou pouco visíveis,Inexistentes,Outros,Inexistentes,Betuminoso,Fora da intersecção,Chuva,"Noite, com iluminação",Molhado,0,0,1,Arruamento com separador,2ª Circular,0,,Avenida General Norton de Matos,Localização GPS,2019,11,30,20,Noite,Outono,0,0,3,4,0,0,0,0,0,0,0,0,0,0,0,0,0,1,0,0,0,0,0,,0